Mod:Item:MetaData, Localized Name
minecraft:air, Air
minecraft:stone:0, Stone
minecraft:stone:1, Granite
minecraft:stone:2, Polished Granite
minecraft:stone:3, Diorite
minecraft:stone:4, Polished Diorite
minecraft:stone:5, Andesite
minecraft:stone:6, Polished Andesite
minecraft:grass, Grass Block
minecraft:dirt:0, Dirt
minecraft:dirt:1, Coarse Dirt
minecraft:dirt:2, Podzol
minecraft:cobblestone, Cobblestone
minecraft:planks:0, Oak Wood Planks
minecraft:planks:1, Spruce Wood Planks
minecraft:planks:2, Birch Wood Planks
minecraft:planks:3, Jungle Wood Planks
minecraft:planks:4, Acacia Wood Planks
minecraft:planks:5, Dark Oak Wood Planks
minecraft:sapling:0, Oak Sapling
minecraft:sapling:1, Spruce Sapling
minecraft:sapling:2, Birch Sapling
minecraft:sapling:3, Jungle Sapling
minecraft:sapling:4, Acacia Sapling
minecraft:sapling:5, Dark Oak Sapling
minecraft:bedrock, Bedrock
minecraft:sand:0, Sand
minecraft:sand:1, Red Sand
minecraft:gravel, Gravel
minecraft:gold_ore, Gold Ore
minecraft:iron_ore, Iron Ore
minecraft:coal_ore, Coal Ore
minecraft:log:0, Oak Wood
minecraft:log:1, Spruce Wood
minecraft:log:2, Birch Wood
minecraft:log:3, Jungle Wood
minecraft:leaves:0, Oak Leaves
minecraft:leaves:1, Spruce Leaves
minecraft:leaves:2, Birch Leaves
minecraft:leaves:3, Jungle Leaves
minecraft:sponge:0, Sponge
minecraft:sponge:1, Wet Sponge
minecraft:glass, Glass
minecraft:lapis_ore, Lapis Lazuli Ore
minecraft:lapis_block, Lapis Lazuli Block
minecraft:dispenser, Dispenser
minecraft:sandstone:0, Sandstone
minecraft:sandstone:1, Chiseled Sandstone
minecraft:sandstone:2, Smooth Sandstone
minecraft:noteblock, Note Block
minecraft:golden_rail, Powered Rail
minecraft:detector_rail, Detector Rail
minecraft:sticky_piston, Sticky Piston
minecraft:web, Cobweb
minecraft:tallgrass:1, Grass
minecraft:tallgrass:2, Fern
minecraft:deadbush, Dead Bush
minecraft:piston, Piston
minecraft:wool:0, White Wool
minecraft:wool:1, Orange Wool
minecraft:wool:2, Magenta Wool
minecraft:wool:3, Light Blue Wool
minecraft:wool:4, Yellow Wool
minecraft:wool:5, Lime Wool
minecraft:wool:6, Pink Wool
minecraft:wool:7, Gray Wool
minecraft:wool:8, Light Gray Wool
minecraft:wool:9, Cyan Wool
minecraft:wool:10, Purple Wool
minecraft:wool:11, Blue Wool
minecraft:wool:12, Brown Wool
minecraft:wool:13, Green Wool
minecraft:wool:14, Red Wool
minecraft:wool:15, Black Wool
minecraft:yellow_flower:0, Dandelion
minecraft:red_flower:0, Poppy
minecraft:red_flower:1, Blue Orchid
minecraft:red_flower:2, Allium
minecraft:red_flower:3, Azure Bluet
minecraft:red_flower:4, Red Tulip
minecraft:red_flower:5, Orange Tulip
minecraft:red_flower:6, White Tulip
minecraft:red_flower:7, Pink Tulip
minecraft:red_flower:8, Oxeye Daisy
minecraft:brown_mushroom, Mushroom
minecraft:red_mushroom, Mushroom
minecraft:gold_block, Block of Gold
minecraft:iron_block, Block of Iron
minecraft:stone_slab:0, Stone Slab
minecraft:stone_slab:1, Sandstone Slab
minecraft:stone_slab:3, Cobblestone Slab
minecraft:stone_slab:4, Bricks Slab
minecraft:stone_slab:5, Stone Bricks Slab
minecraft:stone_slab:6, Nether Brick Slab
minecraft:stone_slab:7, Quartz Slab
minecraft:brick_block, Bricks
minecraft:tnt, TNT
minecraft:bookshelf, Bookshelf
minecraft:mossy_cobblestone, Moss Stone
minecraft:obsidian, Obsidian
minecraft:torch, Torch
minecraft:mob_spawner, Monster Spawner
minecraft:oak_stairs, Oak Wood Stairs
minecraft:chest, Chest
minecraft:diamond_ore, Diamond Ore
minecraft:diamond_block, Block of Diamond
minecraft:crafting_table, Crafting Table
minecraft:farmland, Farmland
minecraft:furnace, Furnace
minecraft:ladder, Ladder
minecraft:rail, Rail
minecraft:stone_stairs, Cobblestone Stairs
minecraft:lever, Lever
minecraft:stone_pressure_plate, Stone Pressure Plate
minecraft:wooden_pressure_plate, Wooden Pressure Plate
minecraft:redstone_ore, Redstone Ore
minecraft:redstone_torch, Redstone Torch
minecraft:stone_button, Button
minecraft:snow_layer, Snow
minecraft:ice, Ice
minecraft:snow, Snow
minecraft:cactus, Cactus
minecraft:clay, Clay
minecraft:jukebox, Jukebox
minecraft:fence, Oak Fence
minecraft:pumpkin, Pumpkin
minecraft:netherrack, Netherrack
minecraft:soul_sand, Soul Sand
minecraft:glowstone, Glowstone
minecraft:lit_pumpkin, Jack o'Lantern
minecraft:stained_glass:0, White Stained Glass
minecraft:stained_glass:1, Orange Stained Glass
minecraft:stained_glass:2, Magenta Stained Glass
minecraft:stained_glass:3, Light Blue Stained Glass
minecraft:stained_glass:4, Yellow Stained Glass
minecraft:stained_glass:5, Lime Stained Glass
minecraft:stained_glass:6, Pink Stained Glass
minecraft:stained_glass:7, Gray Stained Glass
minecraft:stained_glass:8, Light Gray Stained Glass
minecraft:stained_glass:9, Cyan Stained Glass
minecraft:stained_glass:10, Purple Stained Glass
minecraft:stained_glass:11, Blue Stained Glass
minecraft:stained_glass:12, Brown Stained Glass
minecraft:stained_glass:13, Green Stained Glass
minecraft:stained_glass:14, Red Stained Glass
minecraft:stained_glass:15, Black Stained Glass
minecraft:trapdoor, Wooden Trapdoor
minecraft:monster_egg:0, Stone Monster Egg
minecraft:monster_egg:1, Cobblestone Monster Egg
minecraft:monster_egg:2, Stone Brick Monster Egg
minecraft:monster_egg:3, Mossy Stone Brick Monster Egg
minecraft:monster_egg:4, Cracked Stone Brick Monster Egg
minecraft:monster_egg:5, Chiseled Stone Brick Monster Egg
minecraft:stonebrick:0, Stone Bricks
minecraft:stonebrick:1, Mossy Stone Bricks
minecraft:stonebrick:2, Cracked Stone Bricks
minecraft:stonebrick:3, Chiseled Stone Bricks
minecraft:brown_mushroom_block, Mushroom
minecraft:red_mushroom_block, Mushroom
minecraft:iron_bars, Iron Bars
minecraft:glass_pane, Glass Pane
minecraft:melon_block, Melon
minecraft:vine, Vines
minecraft:fence_gate, Oak Fence Gate
minecraft:brick_stairs, Brick Stairs
minecraft:stone_brick_stairs, Stone Brick Stairs
minecraft:mycelium, Mycelium
minecraft:waterlily, Lily Pad
minecraft:nether_brick, Nether Brick
minecraft:nether_brick_fence, Nether Brick Fence
minecraft:nether_brick_stairs, Nether Brick Stairs
minecraft:enchanting_table, Enchantment Table
minecraft:end_portal_frame, End Portal
minecraft:end_stone, End Stone
minecraft:dragon_egg, Dragon Egg
minecraft:redstone_lamp, Redstone Lamp
minecraft:wooden_slab:0, Oak Wood Slab
minecraft:wooden_slab:1, Spruce Wood Slab
minecraft:wooden_slab:2, Birch Wood Slab
minecraft:wooden_slab:3, Jungle Wood Slab
minecraft:wooden_slab:4, Acacia Wood Slab
minecraft:wooden_slab:5, Dark Oak Wood Slab
minecraft:sandstone_stairs, Sandstone Stairs
minecraft:emerald_ore, Emerald Ore
minecraft:ender_chest, Ender Chest
minecraft:tripwire_hook, Tripwire Hook
minecraft:emerald_block, Block of Emerald
minecraft:spruce_stairs, Spruce Wood Stairs
minecraft:birch_stairs, Birch Wood Stairs
minecraft:jungle_stairs, Jungle Wood Stairs
minecraft:command_block, Command Block
minecraft:beacon, Beacon
minecraft:cobblestone_wall:0, Cobblestone Wall
minecraft:cobblestone_wall:1, Mossy Cobblestone Wall
minecraft:wooden_button, Button
minecraft:anvil:0, Anvil
minecraft:anvil:1, Slightly Damaged Anvil
minecraft:anvil:2, Very Damaged Anvil
minecraft:trapped_chest, Trapped Chest
minecraft:light_weighted_pressure_plate, Weighted Pressure Plate (Light)
minecraft:heavy_weighted_pressure_plate, Weighted Pressure Plate (Heavy)
minecraft:daylight_detector, Daylight Sensor
minecraft:redstone_block, Block of Redstone
minecraft:quartz_ore, Nether Quartz Ore
minecraft:hopper, Hopper
minecraft:quartz_block:0, Block of Quartz
minecraft:quartz_block:1, Chiseled Quartz Block
minecraft:quartz_block:2, Pillar Quartz Block
minecraft:quartz_stairs, Quartz Stairs
minecraft:activator_rail, Activator Rail
minecraft:dropper, Dropper
minecraft:stained_hardened_clay:0, White Terracotta
minecraft:stained_hardened_clay:1, Orange Terracotta
minecraft:stained_hardened_clay:2, Magenta Terracotta
minecraft:stained_hardened_clay:3, Light Blue Terracotta
minecraft:stained_hardened_clay:4, Yellow Terracotta
minecraft:stained_hardened_clay:5, Lime Terracotta
minecraft:stained_hardened_clay:6, Pink Terracotta
minecraft:stained_hardened_clay:7, Gray Terracotta
minecraft:stained_hardened_clay:8, Light Gray Terracotta
minecraft:stained_hardened_clay:9, Cyan Terracotta
minecraft:stained_hardened_clay:10, Purple Terracotta
minecraft:stained_hardened_clay:11, Blue Terracotta
minecraft:stained_hardened_clay:12, Brown Terracotta
minecraft:stained_hardened_clay:13, Green Terracotta
minecraft:stained_hardened_clay:14, Red Terracotta
minecraft:stained_hardened_clay:15, Black Terracotta
minecraft:stained_glass_pane:0, White Stained Glass Pane
minecraft:stained_glass_pane:1, Orange Stained Glass Pane
minecraft:stained_glass_pane:2, Magenta Stained Glass Pane
minecraft:stained_glass_pane:3, Light Blue Stained Glass Pane
minecraft:stained_glass_pane:4, Yellow Stained Glass Pane
minecraft:stained_glass_pane:5, Lime Stained Glass Pane
minecraft:stained_glass_pane:6, Pink Stained Glass Pane
minecraft:stained_glass_pane:7, Gray Stained Glass Pane
minecraft:stained_glass_pane:8, Light Gray Stained Glass Pane
minecraft:stained_glass_pane:9, Cyan Stained Glass Pane
minecraft:stained_glass_pane:10, Purple Stained Glass Pane
minecraft:stained_glass_pane:11, Blue Stained Glass Pane
minecraft:stained_glass_pane:12, Brown Stained Glass Pane
minecraft:stained_glass_pane:13, Green Stained Glass Pane
minecraft:stained_glass_pane:14, Red Stained Glass Pane
minecraft:stained_glass_pane:15, Black Stained Glass Pane
minecraft:leaves2:0, Acacia Leaves
minecraft:leaves2:1, Dark Oak Leaves
minecraft:log2:0, Acacia Wood
minecraft:log2:1, Dark Oak Wood
minecraft:acacia_stairs, Acacia Wood Stairs
minecraft:dark_oak_stairs, Dark Oak Wood Stairs
minecraft:slime, Slime Block
minecraft:barrier, Barrier
minecraft:iron_trapdoor, Iron Trapdoor
minecraft:prismarine:0, Prismarine
minecraft:prismarine:1, Prismarine Bricks
minecraft:prismarine:2, Dark Prismarine
minecraft:sea_lantern, Sea Lantern
minecraft:hay_block, Hay Bale
minecraft:carpet:0, White Carpet
minecraft:carpet:1, Orange Carpet
minecraft:carpet:2, Magenta Carpet
minecraft:carpet:3, Light Blue Carpet
minecraft:carpet:4, Yellow Carpet
minecraft:carpet:5, Lime Carpet
minecraft:carpet:6, Pink Carpet
minecraft:carpet:7, Gray Carpet
minecraft:carpet:8, Light Gray Carpet
minecraft:carpet:9, Cyan Carpet
minecraft:carpet:10, Purple Carpet
minecraft:carpet:11, Blue Carpet
minecraft:carpet:12, Brown Carpet
minecraft:carpet:13, Green Carpet
minecraft:carpet:14, Red Carpet
minecraft:carpet:15, Black Carpet
minecraft:hardened_clay, Terracotta
minecraft:coal_block, Block of Coal
minecraft:packed_ice, Packed Ice
minecraft:double_plant:0, Sunflower
minecraft:double_plant:1, Lilac
minecraft:double_plant:2, Double Tallgrass
minecraft:double_plant:3, Large Fern
minecraft:double_plant:4, Rose Bush
minecraft:double_plant:5, Peony
minecraft:red_sandstone:0, Red Sandstone
minecraft:red_sandstone:1, Chiseled Red Sandstone
minecraft:red_sandstone:2, Smooth Red Sandstone
minecraft:red_sandstone_stairs, Red Sandstone Stairs
minecraft:stone_slab2:0, Red Sandstone Slab
minecraft:spruce_fence_gate, Spruce Fence Gate
minecraft:birch_fence_gate, Birch Fence Gate
minecraft:jungle_fence_gate, Jungle Fence Gate
minecraft:dark_oak_fence_gate, Dark Oak Fence Gate
minecraft:acacia_fence_gate, Acacia Fence Gate
minecraft:spruce_fence, Spruce Fence
minecraft:birch_fence, Birch Fence
minecraft:jungle_fence, Jungle Fence
minecraft:dark_oak_fence, Dark Oak Fence
minecraft:acacia_fence, Acacia Fence
minecraft:end_rod, End Rod
minecraft:chorus_plant, Chorus Plant
minecraft:chorus_flower, Chorus Flower
minecraft:purpur_block, Purpur Block
minecraft:purpur_pillar, Purpur Pillar
minecraft:purpur_stairs, Purpur Stairs
minecraft:purpur_slab:0, Purpur Slab
minecraft:end_bricks, End Stone Bricks
minecraft:grass_path, Grass Path
minecraft:repeating_command_block, Repeating Command Block
minecraft:chain_command_block, Chain Command Block
minecraft:magma, Magma Block
minecraft:nether_wart_block, Nether Wart Block
minecraft:red_nether_brick, Red Nether Brick
minecraft:bone_block, Bone Block
minecraft:structure_void, Structure Void
minecraft:observer, Observer
minecraft:white_shulker_box, White Shulker Box
minecraft:orange_shulker_box, Orange Shulker Box
minecraft:magenta_shulker_box, Magenta Shulker Box
minecraft:light_blue_shulker_box, Light Blue Shulker Box
minecraft:yellow_shulker_box, Yellow Shulker Box
minecraft:lime_shulker_box, Lime Shulker Box
minecraft:pink_shulker_box, Pink Shulker Box
minecraft:gray_shulker_box, Gray Shulker Box
minecraft:silver_shulker_box, Light Gray Shulker Box
minecraft:cyan_shulker_box, Cyan Shulker Box
minecraft:purple_shulker_box, Purple Shulker Box
minecraft:blue_shulker_box, Blue Shulker Box
minecraft:brown_shulker_box, Brown Shulker Box
minecraft:green_shulker_box, Green Shulker Box
minecraft:red_shulker_box, Red Shulker Box
minecraft:black_shulker_box, Black Shulker Box
minecraft:white_glazed_terracotta, White Glazed Terracotta
minecraft:orange_glazed_terracotta, Orange Glazed Terracotta
minecraft:magenta_glazed_terracotta, Magenta Glazed Terracotta
minecraft:light_blue_glazed_terracotta, Light Blue Glazed Terracotta
minecraft:yellow_glazed_terracotta, Yellow Glazed Terracotta
minecraft:lime_glazed_terracotta, Lime Glazed Terracotta
minecraft:pink_glazed_terracotta, Pink Glazed Terracotta
minecraft:gray_glazed_terracotta, Gray Glazed Terracotta
minecraft:silver_glazed_terracotta, Light Gray Glazed Terracotta
minecraft:cyan_glazed_terracotta, Cyan Glazed Terracotta
minecraft:purple_glazed_terracotta, Purple Glazed Terracotta
minecraft:blue_glazed_terracotta, Blue Glazed Terracotta
minecraft:brown_glazed_terracotta, Brown Glazed Terracotta
minecraft:green_glazed_terracotta, Green Glazed Terracotta
minecraft:red_glazed_terracotta, Red Glazed Terracotta
minecraft:black_glazed_terracotta, Black Glazed Terracotta
minecraft:concrete:0, White Concrete
minecraft:concrete:1, Orange Concrete
minecraft:concrete:2, Magenta Concrete
minecraft:concrete:3, Light Blue Concrete
minecraft:concrete:4, Yellow Concrete
minecraft:concrete:5, Lime Concrete
minecraft:concrete:6, Pink Concrete
minecraft:concrete:7, Gray Concrete
minecraft:concrete:8, Light Gray Concrete
minecraft:concrete:9, Cyan Concrete
minecraft:concrete:10, Purple Concrete
minecraft:concrete:11, Blue Concrete
minecraft:concrete:12, Brown Concrete
minecraft:concrete:13, Green Concrete
minecraft:concrete:14, Red Concrete
minecraft:concrete:15, Black Concrete
minecraft:concrete_powder:0, White Concrete Powder
minecraft:concrete_powder:1, Orange Concrete Powder
minecraft:concrete_powder:2, Magenta Concrete Powder
minecraft:concrete_powder:3, Light Blue Concrete Powder
minecraft:concrete_powder:4, Yellow Concrete Powder
minecraft:concrete_powder:5, Lime Concrete Powder
minecraft:concrete_powder:6, Pink Concrete Powder
minecraft:concrete_powder:7, Gray Concrete Powder
minecraft:concrete_powder:8, Light Gray Concrete Powder
minecraft:concrete_powder:9, Cyan Concrete Powder
minecraft:concrete_powder:10, Purple Concrete Powder
minecraft:concrete_powder:11, Blue Concrete Powder
minecraft:concrete_powder:12, Brown Concrete Powder
minecraft:concrete_powder:13, Green Concrete Powder
minecraft:concrete_powder:14, Red Concrete Powder
minecraft:concrete_powder:15, Black Concrete Powder
minecraft:structure_block, Structure Block
minecraft:iron_shovel, Iron Shovel
minecraft:iron_pickaxe, Iron Pickaxe
minecraft:iron_axe, Iron Axe
minecraft:flint_and_steel, Flint and Steel
minecraft:apple, Apple
minecraft:bow, Bow
minecraft:arrow, Arrow
minecraft:coal:0, Coal
minecraft:coal:1, Charcoal
minecraft:diamond, Diamond
minecraft:iron_ingot, Iron Ingot
minecraft:gold_ingot, Gold Ingot
minecraft:iron_sword, Iron Sword
minecraft:wooden_sword, Wooden Sword
minecraft:wooden_shovel, Wooden Shovel
minecraft:wooden_pickaxe, Wooden Pickaxe
minecraft:wooden_axe, Wooden Axe
minecraft:stone_sword, Stone Sword
minecraft:stone_shovel, Stone Shovel
minecraft:stone_pickaxe, Stone Pickaxe
minecraft:stone_axe, Stone Axe
minecraft:diamond_sword, Diamond Sword
minecraft:diamond_shovel, Diamond Shovel
minecraft:diamond_pickaxe, Diamond Pickaxe
minecraft:diamond_axe, Diamond Axe
minecraft:stick, Stick
minecraft:bowl, Bowl
minecraft:mushroom_stew, Mushroom Stew
minecraft:golden_sword, Golden Sword
minecraft:golden_shovel, Golden Shovel
minecraft:golden_pickaxe, Golden Pickaxe
minecraft:golden_axe, Golden Axe
minecraft:string, String
minecraft:feather, Feather
minecraft:gunpowder, Gunpowder
minecraft:wooden_hoe, Wooden Hoe
minecraft:stone_hoe, Stone Hoe
minecraft:iron_hoe, Iron Hoe
minecraft:diamond_hoe, Diamond Hoe
minecraft:golden_hoe, Golden Hoe
minecraft:wheat_seeds, Seeds
minecraft:wheat, Wheat
minecraft:bread, Bread
minecraft:leather_helmet, Leather Cap
minecraft:leather_chestplate, Leather Tunic
minecraft:leather_leggings, Leather Pants
minecraft:leather_boots, Leather Boots
minecraft:chainmail_helmet, Chain Helmet
minecraft:chainmail_chestplate, Chain Chestplate
minecraft:chainmail_leggings, Chain Leggings
minecraft:chainmail_boots, Chain Boots
minecraft:iron_helmet, Iron Helmet
minecraft:iron_chestplate, Iron Chestplate
minecraft:iron_leggings, Iron Leggings
minecraft:iron_boots, Iron Boots
minecraft:diamond_helmet, Diamond Helmet
minecraft:diamond_chestplate, Diamond Chestplate
minecraft:diamond_leggings, Diamond Leggings
minecraft:diamond_boots, Diamond Boots
minecraft:golden_helmet, Golden Helmet
minecraft:golden_chestplate, Golden Chestplate
minecraft:golden_leggings, Golden Leggings
minecraft:golden_boots, Golden Boots
minecraft:flint, Flint
minecraft:porkchop, Raw Porkchop
minecraft:cooked_porkchop, Cooked Porkchop
minecraft:painting, Painting
minecraft:golden_apple:0, Golden Apple
minecraft:golden_apple:1, Golden Apple
minecraft:sign, Sign
minecraft:wooden_door, Oak Door
minecraft:bucket, Bucket
minecraft:water_bucket, Water Bucket
minecraft:lava_bucket, Lava Bucket
minecraft:minecart, Minecart
minecraft:saddle, Saddle
minecraft:iron_door, Iron Door
minecraft:redstone, Redstone
minecraft:snowball, Snowball
minecraft:boat, Oak Boat
minecraft:leather, Leather
minecraft:milk_bucket, Milk
minecraft:brick, Brick
minecraft:clay_ball, Clay
minecraft:reeds, Reeds
minecraft:paper, Paper
minecraft:book, Book
minecraft:slime_ball, Slimeball
minecraft:chest_minecart, Minecart with Chest
minecraft:furnace_minecart, Minecart with Furnace
minecraft:egg, Egg
minecraft:compass, Compass
minecraft:fishing_rod, Fishing Rod
minecraft:clock, Clock
minecraft:glowstone_dust, Glowstone Dust
minecraft:fish:0, Raw Fish
minecraft:fish:1, Raw Salmon
minecraft:fish:2, Clownfish
minecraft:fish:3, Pufferfish
minecraft:cooked_fish:0, Cooked Fish
minecraft:cooked_fish:1, Cooked Salmon
minecraft:dye:0, Ink Sac
minecraft:dye:1, Rose Red
minecraft:dye:2, Cactus Green
minecraft:dye:3, Cocoa Beans
minecraft:dye:4, Lapis Lazuli
minecraft:dye:5, Purple Dye
minecraft:dye:6, Cyan Dye
minecraft:dye:7, Light Gray Dye
minecraft:dye:8, Gray Dye
minecraft:dye:9, Pink Dye
minecraft:dye:10, Lime Dye
minecraft:dye:11, Dandelion Yellow
minecraft:dye:12, Light Blue Dye
minecraft:dye:13, Magenta Dye
minecraft:dye:14, Orange Dye
minecraft:dye:15, Bone Meal
minecraft:bone, Bone
minecraft:sugar, Sugar
minecraft:cake, Cake
minecraft:bed:0, White Bed
minecraft:bed:1, Orange Bed
minecraft:bed:2, Magenta Bed
minecraft:bed:3, Light Blue Bed
minecraft:bed:4, Yellow Bed
minecraft:bed:5, Lime Bed
minecraft:bed:6, Pink Bed
minecraft:bed:7, Gray Bed
minecraft:bed:8, Light Gray Bed
minecraft:bed:9, Cyan Bed
minecraft:bed:10, Purple Bed
minecraft:bed:11, Blue Bed
minecraft:bed:12, Brown Bed
minecraft:bed:13, Green Bed
minecraft:bed:14, Red Bed
minecraft:bed:15, Black Bed
minecraft:repeater, Redstone Repeater
minecraft:cookie, Cookie
minecraft:filled_map:0, Map
minecraft:shears, Shears
minecraft:melon, Melon Slice
minecraft:pumpkin_seeds, Pumpkin Seeds
minecraft:melon_seeds, Melon Seeds
minecraft:beef, Raw Beef
minecraft:cooked_beef, Steak
minecraft:chicken, Raw Chicken
minecraft:cooked_chicken, Cooked Chicken
minecraft:rotten_flesh, Rotten Flesh
minecraft:ender_pearl, Ender Pearl
minecraft:blaze_rod, Blaze Rod
minecraft:ghast_tear, Ghast Tear
minecraft:gold_nugget, Gold Nugget
minecraft:nether_wart, Nether Wart
minecraft:potion, Potion
minecraft:glass_bottle, Glass Bottle
minecraft:spider_eye, Spider Eye
minecraft:fermented_spider_eye, Fermented Spider Eye
minecraft:blaze_powder, Blaze Powder
minecraft:magma_cream, Magma Cream
minecraft:brewing_stand, Brewing Stand
minecraft:cauldron, Cauldron
minecraft:ender_eye, Eye of Ender
minecraft:speckled_melon, Glistering Melon
minecraft:spawn_egg, Spawn
minecraft:experience_bottle, Bottle o' Enchanting
minecraft:fire_charge, Fire Charge
minecraft:writable_book, Book and Quill
minecraft:written_book, Written Book
minecraft:emerald, Emerald
minecraft:item_frame, Item Frame
minecraft:flower_pot, Flower Pot
minecraft:carrot, Carrot
minecraft:potato, Potato
minecraft:baked_potato, Baked Potato
minecraft:poisonous_potato, Poisonous Potato
minecraft:map, Empty Map
minecraft:golden_carrot, Golden Carrot
minecraft:skull:0, Skeleton Skull
minecraft:skull:1, Wither Skeleton Skull
minecraft:skull:2, Zombie Head
minecraft:skull:3, Head
minecraft:skull:4, Creeper Head
minecraft:skull:5, Dragon Head
minecraft:carrot_on_a_stick, Carrot on a Stick
minecraft:nether_star, Nether Star
minecraft:pumpkin_pie, Pumpkin Pie
minecraft:fireworks, Firework Rocket
minecraft:firework_charge, Firework Star
minecraft:enchanted_book, Enchanted Book
minecraft:comparator, Redstone Comparator
minecraft:netherbrick, Nether Brick
minecraft:quartz, Nether Quartz
minecraft:tnt_minecart, Minecart with TNT
minecraft:hopper_minecart, Minecart with Hopper
minecraft:prismarine_shard, Prismarine Shard
minecraft:prismarine_crystals, Prismarine Crystals
minecraft:rabbit, Raw Rabbit
minecraft:cooked_rabbit, Cooked Rabbit
minecraft:rabbit_stew, Rabbit Stew
minecraft:rabbit_foot, Rabbit's Foot
minecraft:rabbit_hide, Rabbit Hide
minecraft:armor_stand, Armor Stand
minecraft:iron_horse_armor, Iron Horse Armor
minecraft:golden_horse_armor, Gold Horse Armor
minecraft:diamond_horse_armor, Diamond Horse Armor
minecraft:lead, Lead
minecraft:name_tag, Name Tag
minecraft:command_block_minecart, Minecart with Command Block
minecraft:mutton, Raw Mutton
minecraft:cooked_mutton, Cooked Mutton
minecraft:banner:15, White Banner
minecraft:banner:14, Orange Banner
minecraft:banner:13, Magenta Banner
minecraft:banner:12, Light Blue Banner
minecraft:banner:11, Yellow Banner
minecraft:banner:10, Lime Banner
minecraft:banner:9, Pink Banner
minecraft:banner:8, Gray Banner
minecraft:banner:7, Light Gray Banner
minecraft:banner:6, Cyan Banner
minecraft:banner:5, Purple Banner
minecraft:banner:4, Blue Banner
minecraft:banner:3, Brown Banner
minecraft:banner:2, Green Banner
minecraft:banner:1, Red Banner
minecraft:banner:0, Black Banner
minecraft:end_crystal, End Crystal
minecraft:spruce_door, Spruce Door
minecraft:birch_door, Birch Door
minecraft:jungle_door, Jungle Door
minecraft:acacia_door, Acacia Door
minecraft:dark_oak_door, Dark Oak Door
minecraft:chorus_fruit, Chorus Fruit
minecraft:chorus_fruit_popped, Popped Chorus Fruit
minecraft:beetroot, Beetroot
minecraft:beetroot_seeds, Beetroot Seeds
minecraft:beetroot_soup, Beetroot Soup
minecraft:dragon_breath, Dragon's Breath
minecraft:splash_potion, Splash Potion
minecraft:spectral_arrow, Spectral Arrow
minecraft:tipped_arrow, Tipped Arrow
minecraft:lingering_potion, Lingering Potion
minecraft:shield, Shield
minecraft:elytra, Elytra
minecraft:spruce_boat, Spruce Boat
minecraft:birch_boat, Birch Boat
minecraft:jungle_boat, Jungle Boat
minecraft:acacia_boat, Acacia Boat
minecraft:dark_oak_boat, Dark Oak Boat
minecraft:totem_of_undying, Totem of Undying
minecraft:shulker_shell, Shulker Shell
minecraft:iron_nugget, Iron Nugget
minecraft:knowledge_book, Knowledge Book
minecraft:record_13, Music Disc
minecraft:record_cat, Music Disc
minecraft:record_blocks, Music Disc
minecraft:record_chirp, Music Disc
minecraft:record_far, Music Disc
minecraft:record_mall, Music Disc
minecraft:record_mellohi, Music Disc
minecraft:record_stal, Music Disc
minecraft:record_strad, Music Disc
minecraft:record_ward, Music Disc
minecraft:record_11, Music Disc
minecraft:record_wait, Music Disc
adpother:iron_filter:0, Iron Filter
adpother:gold_filter:0, Golden Filter
adpother:diamond_filter:0, Diamond Filter
adpother:aerometer, Aerometer
adpother:iron_vacuum_bag, Iron Vacuum Bag
adpother:iron_vacuum_tube, Iron Vacuum Tube
adpother:iron_respirator, Iron Respirator
adpother:gold_vacuum_bag, Golden Vacuum Bag
adpother:gold_vacuum_tube, Golden Vacuum Tube
adpother:gold_respirator, Golden Respirator
adpother:diamond_vacuum_bag, Diamond Vacuum Bag
adpother:diamond_vacuum_tube, Diamond Vacuum Tube
adpother:diamond_respirator, Diamond Respirator
adpother:carbon:0, Carbon
adpother:carbon:1, Carbon
adpother:carbon:2, Carbon
adpother:sulfur:0, Sulfur
adpother:sulfur:1, Sulfur
adpother:sulfur:2, Sulfur
adpother:dust:0, Dust
adpother:dust:1, Dust
adpother:dust:2, Dust
adpother:polluted_water, Polluted Water
avaritia:resource:0, Diamond Lattice
avaritia:resource:1, Crystal Matrix Ingot
avaritia:resource:2, Pile of Neutrons
avaritia:resource:3, Neutronium Nugget
avaritia:resource:4, Neutronium Ingot
avaritia:resource:5, Infinity Catalyst
avaritia:resource:6, Infinity Ingot
avaritia:resource:7, Record Fragment
avaritia:singularity:0, Iron Singularity
avaritia:singularity:1, Golden Singularity
avaritia:singularity:2, Lapis Singularity
avaritia:singularity:3, Redstone Singularity
avaritia:singularity:4, Nether Quartz Singularity
avaritia:singularity:5, Copper Singularity
avaritia:singularity:6, Tin Singularity
avaritia:singularity:7, Lead Singularity
avaritia:singularity:8, Silver Singularity
avaritia:singularity:9, Nickel Singularity
avaritia:singularity:10, Diamond Singularity
avaritia:singularity:11, Emerald Singularity
avaritia:singularity:12, Fluxed Singularity
avaritia:singularity:13, Platinum Singularity
avaritia:singularity:14, Iridium Singularity
avaritia:infinity_sword, Sword of the Cosmos
avaritia:infinity_bow, Longbow of the Heavens
avaritia:infinity_pickaxe, World Breaker
avaritia:infinity_shovel, Planet Eater
avaritia:infinity_axe, Nature's Ruin
avaritia:infinity_hoe, Hoe of the Green Earth
avaritia:infinity_helmet, Infinity Helmet
avaritia:infinity_chestplate, Infinity Breastplate
avaritia:infinity_pants, Infinity Leggings
avaritia:infinity_boots, Infinity Boots
avaritia:skullfire_sword, Skullfire Sword
avaritia:endest_pearl, Endest Pearl
avaritia:ultimate_stew, Ultimate Stew
avaritia:cosmic_meatballs, Cosmic Meatballs
avaritia:matter_cluster, Matter Cluster
avaritia:compressed_crafting_table, Compressed Crafting Table
avaritia:double_compressed_crafting_table, Double Compressed Crafting Table
avaritia:extreme_crafting_table, Extreme Crafting Table
avaritia:block_resource:0, Neutronium Block
avaritia:block_resource:1, Infinity Block
avaritia:block_resource:2, Crystal Matrix
avaritia:neutron_collector, Neutron Collector
avaritia:neutronium_compressor, Neutronium Compressor
betternether:block_eyeball, Eyeball Block
betternether:block_eyeball_small, Small Eyeball Block
betternether:eye_seed, Eye Seed
betternether:netherrack_moss, Nether Moss
betternether:nether_grass, Nether Grass
betternether:nether_reed, Nether Reed
betternether:stalagnate_stem, Stalagnate
betternether:stalagnate_seed, Stalagnate Seed
betternether:stalagnate_bark, Stalagnate Bark
betternether:stalagnate_planks, Stalagnate Planks
betternether:stalagnate_planks_stairs, Stalagnate Stairs
betternether:stalagnate_planks_slab_half:0, Stalagnate Slab
betternether:stalagnate_planks_fence, Stalagnate Fence
betternether:stalagnate_planks_gate, Stalagnate Gate
betternether:stalagnate_planks_button, Stalagnate Button
betternether:stalagnate_planks_plate, Stalagnate Pressure Plate
betternether:reeds_block, Reeds Block
betternether:reeds_stairs, Reeds Stairs
betternether:reeds_slab_half:0, Reeds Slab
betternether:reeds_fence, Reeds Fence
betternether:reeds_gate, Reeds Gate
betternether:reeds_button, Reeds Button
betternether:reeds_plate, Reeds Pressure Plate
betternether:lucis_spore, Lucis Spore
betternether:nether_cactus, Nether Cactus
betternether:wart_seed, Wart Seed
betternether:barrel_cactus, Barrel Cactus
betternether:agave, Agave
betternether:black_bush, Black Bush
betternether:ink_bush_seed, Ink Bush Seed
betternether:smoker, Smoker
betternether:egg_plant, Egg Plant
betternether:black_apple_seed, Black Apple Seed
betternether:magma_flower, Magma flower seed
betternether:nether_mycelium, Nether Mycelium
betternether:orange_mushroom, Orange Mushroom
betternether:red_mold, Red Mold
betternether:gray_mold, Gray Mold
betternether:cincinnasite_ore, Cincinnasite Ore
betternether:cincinnasite_block, Cincinnasite Block
betternether:cincinnasite_forged, Forged Cincinnasite Block
betternether:cincinnasite_pillar, Cincinnasite Pillar
betternether:cincinnasite_bricks, Cincinnasite Bricks
betternether:cincinnasite_brick_plate, Cincinnasite Brick Plate
betternether:cincinnasite_stairs, Cincinnasite Stairs
betternether:cincinnasite_slab_half:0, Cincinnasite Slab
betternether:cincinnasite_button, Cincinnasite Button
betternether:cincinnasite_plate, Cincinnasite Plate
betternether:cincinnasite_lantern, Cincinnasite Lantern
betternether:cincinnasite_tile_large, Large Cincinnasite Tile
betternether:cincinnasite_tile_small, Small Cincinnasite Tile
betternether:cincinnasite_carved, Cincinnasite Carved
betternether:nether_brick_tile_large, Large Nether Brick Tile
betternether:nether_brick_tile_small, Small Nether Brick Tile
betternether:cincinnasite_wall, Cincinnasite Wall
betternether:bone_block, Bone Block
betternether:bone_stairs, Bone Stairs
betternether:bone_slab_half:0, Bone Slab
betternether:bone_button, Bone Button
betternether:bone_plate, Bone Pressure Plate
betternether:cincinnasite_fire_bowl, Cincinnasite Fire Bowl
betternether:bone_wall, Bone Wall
betternether:nether_brick_wall, Nether Brick Wall
betternether:nether_brick_tile_slab_half:0, Small Nether Brick Tile Slab
betternether:nether_brick_tile_stairs, Small Nether Brick Tile Stairs
betternether:bone_mushroom, Bone Mushroom Spores
betternether:reeds_ladder, Reeds Ladder
betternether:cincinnasite_bricks_pillar, Cincinnasite Brick Pillar
betternether:bone_tile, Bone Tile
betternether:cincinnasite_pedestal, Cincinnasite Pedestal
betternether:pig_statue_01, Respawner Statue
betternether:cincinnasite_pot, Cincinnasite Pot
betternether:cincinnasite_frame, Cincinnasite Frame
betternether:quartz_glass, Quartz Glass
betternether:quartz_glass_framed, Framed Quartz Glass
betternether:quartz_stained_glass:0, Quartz Stained Glass White
betternether:quartz_stained_glass:1, Quartz Stained Glass Orange
betternether:quartz_stained_glass:2, Quartz Stained Glass Magenta
betternether:quartz_stained_glass:3, Quartz Stained Glass Light Blue
betternether:quartz_stained_glass:4, Quartz Stained Glass Yellow
betternether:quartz_stained_glass:5, Quartz Stained Glass Lime
betternether:quartz_stained_glass:6, Quartz Stained Glass Pink
betternether:quartz_stained_glass:7, Quartz Stained Glass Gray
betternether:quartz_stained_glass:8, Quartz Stained Glass Silver
betternether:quartz_stained_glass:9, Quartz Stained Glass Cyan
betternether:quartz_stained_glass:10, Quartz Stained Glass Purple
betternether:quartz_stained_glass:11, Quartz Stained Glass Blue
betternether:quartz_stained_glass:12, Quartz Stained Glass Brown
betternether:quartz_stained_glass:13, Quartz Stained Glass Green
betternether:quartz_stained_glass:14, Quartz Stained Glass Red
betternether:quartz_stained_glass:15, Quartz Stained Glass Black
betternether:cincinnasite_bars, Cincinnasite Bars
betternether:quartz_glass_pane, Quartz Glass Pane
betternether:quartz_glass_framed_pane, Framed Quartz Glass Pane
betternether:cincinnasite_forge, Cincinnasite Forge
betternether:netherrack_furnace, Netherrack Furnace
betternether:bone_reed_door, Bone-Reed Door
betternether:bone_cincinnasite_door, Bone-Cincinnasite Door
betternether:quartz_stained_glass_framed:0, Framed Quartz Stained Glass White
betternether:quartz_stained_glass_framed:1, Framed Quartz Stained Glass Orange
betternether:quartz_stained_glass_framed:2, Framed Quartz Stained Glass Magenta
betternether:quartz_stained_glass_framed:3, Framed Quartz Stained Glass Light Blue
betternether:quartz_stained_glass_framed:4, Framed Quartz Stained Glass Yellow
betternether:quartz_stained_glass_framed:5, Framed Quartz Stained Glass Lime
betternether:quartz_stained_glass_framed:6, Framed Quartz Stained Glass Pink
betternether:quartz_stained_glass_framed:7, Framed Quartz Stained Glass Gray
betternether:quartz_stained_glass_framed:8, Framed Quartz Stained Glass Silver
betternether:quartz_stained_glass_framed:9, Framed Quartz Stained Glass Cyan
betternether:quartz_stained_glass_framed:10, Framed Quartz Stained Glass Purple
betternether:quartz_stained_glass_framed:11, Framed Quartz Stained Glass Blue
betternether:quartz_stained_glass_framed:12, Framed Quartz Stained Glass Brown
betternether:quartz_stained_glass_framed:13, Framed Quartz Stained Glass Green
betternether:quartz_stained_glass_framed:14, Framed Quartz Stained Glass Red
betternether:quartz_stained_glass_framed:15, Framed Quartz Stained Glass Black
betternether:chest_of_drawers, tile.chest_of_drawers.name
betternether:black_apple, Black Apple
betternether:cincinnasite, Cincinnasite
betternether:cincinnasite_pickaxe, Cincinnasite Pickaxe
betternether:cincinnasite_pickaxe_diamond, Cincinnasite-Diamond Pickaxe
betternether:stalagnate_bowl, Stalagnate Bowl
betternether:stalagnate_bowl_wart, Wart Soup
betternether:stalagnate_bowl_mushroom, Mushroom Stew
betternether:stalagnate_bowl_apple, Black Apple
betternether:cincinnasite_axe, Cincinnasite Axe
betternether:cincinnasite_axe_diamond, Cincinnasite-Diamond Axe
thermalfoundation:ore:0, Copper Ore
thermalfoundation:ore:1, Tin Ore
thermalfoundation:ore:2, Silver Ore
thermalfoundation:ore:3, Lead Ore
thermalfoundation:ore:4, Aluminum Ore
thermalfoundation:ore:5, Nickel Ore
thermalfoundation:ore:6, Platinum Ore
thermalfoundation:ore:7, Iridium Ore
thermalfoundation:ore:8, Mana Infused Ore
thermalfoundation:ore_fluid:0, Oil Sand
thermalfoundation:ore_fluid:1, Oil Shale
thermalfoundation:ore_fluid:2, Destabilized Redstone Ore
thermalfoundation:ore_fluid:3, Energized Netherrack
thermalfoundation:ore_fluid:4, Resonant End Stone
thermalfoundation:ore_fluid:5, Oil Sand
thermalfoundation:storage:0, Block of Copper
thermalfoundation:storage:1, Block of Tin
thermalfoundation:storage:2, Block of Silver
thermalfoundation:storage:3, Block of Lead
thermalfoundation:storage:4, Block of Aluminum
thermalfoundation:storage:5, Block of Nickel
thermalfoundation:storage:6, Block of Platinum
thermalfoundation:storage:7, Block of Iridium
thermalfoundation:storage:8, Block of Mana Infused Metal
thermalfoundation:storage_alloy:0, Block of Steel
thermalfoundation:storage_alloy:1, Block of Electrum
thermalfoundation:storage_alloy:2, Block of Invar
thermalfoundation:storage_alloy:3, Block of Bronze
thermalfoundation:storage_alloy:4, Block of Constantan
thermalfoundation:storage_alloy:5, Block of Signalum
thermalfoundation:storage_alloy:6, Block of Lumium
thermalfoundation:storage_alloy:7, Block of Enderium
thermalfoundation:storage_resource:0, Block of Charcoal
thermalfoundation:storage_resource:1, Block of Coal Coke
thermalfoundation:glass:0, Hardened Copper Glass
thermalfoundation:glass:1, Hardened Tin Glass
thermalfoundation:glass:2, Hardened Silver Glass
thermalfoundation:glass:3, Hardened Glass
thermalfoundation:glass:4, Hardened Aluminum Glass
thermalfoundation:glass:5, Hardened Nickel Glass
thermalfoundation:glass:6, Hardened Platinum Glass
thermalfoundation:glass:7, Hardened Iridium Glass
thermalfoundation:glass:8, Hardened Mana Infused Glass
thermalfoundation:glass_alloy:0, Hardened Steel Glass
thermalfoundation:glass_alloy:1, Hardened Electrum Glass
thermalfoundation:glass_alloy:2, Hardened Invar Glass
thermalfoundation:glass_alloy:3, Hardened Bronze Glass
thermalfoundation:glass_alloy:4, Hardened Constantan Glass
thermalfoundation:glass_alloy:5, Hardened Signalum Glass
thermalfoundation:glass_alloy:6, Hardened Lumium Glass
thermalfoundation:glass_alloy:7, Hardened Enderium Glass
thermalfoundation:rockwool:0, Black Rockwool
thermalfoundation:rockwool:1, Red Rockwool
thermalfoundation:rockwool:2, Green Rockwool
thermalfoundation:rockwool:3, Brown Rockwool
thermalfoundation:rockwool:4, Blue Rockwool
thermalfoundation:rockwool:5, Purple Rockwool
thermalfoundation:rockwool:6, Cyan Rockwool
thermalfoundation:rockwool:7, Light Gray Rockwool
thermalfoundation:rockwool:8, Gray Rockwool
thermalfoundation:rockwool:9, Pink Rockwool
thermalfoundation:rockwool:10, Lime Rockwool
thermalfoundation:rockwool:11, Yellow Rockwool
thermalfoundation:rockwool:12, Light Blue Rockwool
thermalfoundation:rockwool:13, Magenta Rockwool
thermalfoundation:rockwool:14, Orange Rockwool
thermalfoundation:rockwool:15, White Rockwool
thermalfoundation:wrench:0, Crescent Hammer
thermalfoundation:meter:0, Multimeter
thermalfoundation:upgrade:0, Hardened Upgrade Kit
thermalfoundation:upgrade:1, Reinforced Upgrade Kit
thermalfoundation:upgrade:2, Signalum Upgrade Kit
thermalfoundation:upgrade:3, Resonant Upgrade Kit
thermalfoundation:upgrade:33, Reinforced Conversion Kit
thermalfoundation:upgrade:34, Signalum Conversion Kit
thermalfoundation:upgrade:35, Resonant Conversion Kit
thermalfoundation:upgrade:256, Creative Conversion Kit
thermalfoundation:security:0, Signalum Security Lock
thermalfoundation:diagram_redprint, Redprint
thermalfoundation:tome_lexicon, Forge Lexicon
thermalfoundation:tome_experience, Tome of Knowledge
thermalfoundation:coin:0, Iron Coin
thermalfoundation:coin:1, Gold Coin
thermalfoundation:coin:64, Copper Coin
thermalfoundation:coin:65, Tin Coin
thermalfoundation:coin:66, Silver Coin
thermalfoundation:coin:67, Lead Coin
thermalfoundation:coin:68, Aluminum Coin
thermalfoundation:coin:69, Nickel Coin
thermalfoundation:coin:70, Platinum Coin
thermalfoundation:coin:71, Iridium Coin
thermalfoundation:coin:72, Mana Infused Coin
thermalfoundation:coin:96, Steel Coin
thermalfoundation:coin:97, Electrum Coin
thermalfoundation:coin:98, Invar Coin
thermalfoundation:coin:99, Bronze Coin
thermalfoundation:coin:100, Constantan Coin
thermalfoundation:coin:101, Signalum Coin
thermalfoundation:coin:102, Lumium Coin
thermalfoundation:coin:103, Enderium Coin
thermalfoundation:fertilizer:0, Phyto-Gro
thermalfoundation:fertilizer:1, Rich Phyto-Gro
thermalfoundation:fertilizer:2, Fluxed Phyto-Gro
thermalfoundation:bait:0, Aqua-Chow
thermalfoundation:bait:1, Rich Aqua-Chow
thermalfoundation:bait:2, Fluxed Aqua-Chow
thermalfoundation:dye:0, Black Pigment
thermalfoundation:dye:1, Red Pigment
thermalfoundation:dye:2, Green Pigment
thermalfoundation:dye:3, Brown Pigment
thermalfoundation:dye:4, Blue Pigment
thermalfoundation:dye:5, Purple Pigment
thermalfoundation:dye:6, Cyan Pigment
thermalfoundation:dye:7, Light Gray Pigment
thermalfoundation:dye:8, Gray Pigment
thermalfoundation:dye:9, Pink Pigment
thermalfoundation:dye:10, Lime Pigment
thermalfoundation:dye:11, Yellow Pigment
thermalfoundation:dye:12, Light Blue Pigment
thermalfoundation:dye:13, Magenta Pigment
thermalfoundation:dye:14, Orange Pigment
thermalfoundation:dye:15, White Pigment
thermalfoundation:material:0, Pulverized Iron
thermalfoundation:material:1, Pulverized Gold
thermalfoundation:material:16, Diamond Nugget
thermalfoundation:material:17, Emerald Nugget
thermalfoundation:material:22, Wooden Gear
thermalfoundation:material:23, Stone Gear
thermalfoundation:material:24, Iron Gear
thermalfoundation:material:25, Gold Gear
thermalfoundation:material:26, Diamond Gear
thermalfoundation:material:27, Emerald Gear
thermalfoundation:material:32, Iron Plate
thermalfoundation:material:33, Gold Plate
thermalfoundation:material:64, Pulverized Copper
thermalfoundation:material:65, Pulverized Tin
thermalfoundation:material:66, Pulverized Silver
thermalfoundation:material:67, Pulverized Lead
thermalfoundation:material:68, Pulverized Aluminum
thermalfoundation:material:69, Pulverized Nickel
thermalfoundation:material:70, Pulverized Platinum
thermalfoundation:material:71, Pulverized Iridium
thermalfoundation:material:72, Pulverized Mana Infused Metal
thermalfoundation:material:96, Steel Blend
thermalfoundation:material:97, Electrum Blend
thermalfoundation:material:98, Invar Blend
thermalfoundation:material:99, Bronze Blend
thermalfoundation:material:100, Constantan Blend
thermalfoundation:material:101, Signalum Blend
thermalfoundation:material:102, Lumium Blend
thermalfoundation:material:103, Enderium Blend
thermalfoundation:material:128, Copper Ingot
thermalfoundation:material:129, Tin Ingot
thermalfoundation:material:130, Silver Ingot
thermalfoundation:material:131, Lead Ingot
thermalfoundation:material:132, Aluminum Ingot
thermalfoundation:material:133, Nickel Ingot
thermalfoundation:material:134, Platinum Ingot
thermalfoundation:material:135, Iridium Ingot
thermalfoundation:material:136, Mana Infused Ingot
thermalfoundation:material:160, Steel Ingot
thermalfoundation:material:161, Electrum Ingot
thermalfoundation:material:162, Invar Ingot
thermalfoundation:material:163, Bronze Ingot
thermalfoundation:material:164, Constantan Ingot
thermalfoundation:material:165, Signalum Ingot
thermalfoundation:material:166, Lumium Ingot
thermalfoundation:material:167, Enderium Ingot
thermalfoundation:material:192, Copper Nugget
thermalfoundation:material:193, Tin Nugget
thermalfoundation:material:194, Silver Nugget
thermalfoundation:material:195, Lead Nugget
thermalfoundation:material:196, Aluminum Nugget
thermalfoundation:material:197, Nickel Nugget
thermalfoundation:material:198, Platinum Nugget
thermalfoundation:material:199, Iridium Nugget
thermalfoundation:material:200, Mana Infused Nugget
thermalfoundation:material:224, Steel Nugget
thermalfoundation:material:225, Electrum Nugget
thermalfoundation:material:226, Invar Nugget
thermalfoundation:material:227, Bronze Nugget
thermalfoundation:material:228, Constantan Nugget
thermalfoundation:material:229, Signalum Nugget
thermalfoundation:material:230, Lumium Nugget
thermalfoundation:material:231, Enderium Nugget
thermalfoundation:material:256, Copper Gear
thermalfoundation:material:257, Tin Gear
thermalfoundation:material:258, Silver Gear
thermalfoundation:material:259, Lead Gear
thermalfoundation:material:260, Aluminum Gear
thermalfoundation:material:261, Nickel Gear
thermalfoundation:material:262, Platinum Gear
thermalfoundation:material:263, Iridium Gear
thermalfoundation:material:264, Mana Infused Gear
thermalfoundation:material:288, Steel Gear
thermalfoundation:material:289, Electrum Gear
thermalfoundation:material:290, Invar Gear
thermalfoundation:material:291, Bronze Gear
thermalfoundation:material:292, Constantan Gear
thermalfoundation:material:293, Signalum Gear
thermalfoundation:material:294, Lumium Gear
thermalfoundation:material:295, Enderium Gear
thermalfoundation:material:320, Copper Plate
thermalfoundation:material:321, Tin Plate
thermalfoundation:material:322, Silver Plate
thermalfoundation:material:323, Lead Plate
thermalfoundation:material:324, Aluminum Plate
thermalfoundation:material:325, Nickel Plate
thermalfoundation:material:326, Platinum Plate
thermalfoundation:material:327, Iridium Plate
thermalfoundation:material:328, Mana Infused Plate
thermalfoundation:material:352, Steel Plate
thermalfoundation:material:353, Electrum Plate
thermalfoundation:material:354, Invar Plate
thermalfoundation:material:355, Bronze Plate
thermalfoundation:material:356, Constantan Plate
thermalfoundation:material:357, Signalum Plate
thermalfoundation:material:358, Lumium Plate
thermalfoundation:material:359, Enderium Plate
thermalfoundation:material:512, Redstone Servo
thermalfoundation:material:513, Redstone Reception Coil
thermalfoundation:material:514, Redstone Transmission Coil
thermalfoundation:material:515, Redstone Conductance Coil
thermalfoundation:material:640, Tool Casing
thermalfoundation:material:656, Drill Head
thermalfoundation:material:657, Saw Blade
thermalfoundation:material:768, Pulverized Coal
thermalfoundation:material:769, Pulverized Charcoal
thermalfoundation:material:770, Pulverized Obsidian
thermalfoundation:material:771, Sulfur
thermalfoundation:material:772, Niter
thermalfoundation:material:800, Sawdust
thermalfoundation:material:801, Compressed Sawdust
thermalfoundation:material:802, Coal Coke
thermalfoundation:material:816, Pulped Biomass
thermalfoundation:material:817, Rich Biomass
thermalfoundation:material:818, Pulped Bioblend
thermalfoundation:material:819, Rich Bioblend
thermalfoundation:material:832, Rosin
thermalfoundation:material:833, Tar
thermalfoundation:material:864, Slag
thermalfoundation:material:865, Rich Slag
thermalfoundation:material:866, Cinnabar
thermalfoundation:material:892, Bitumen
thermalfoundation:material:893, Destabilized Clathrate
thermalfoundation:material:894, Energized Clathrate
thermalfoundation:material:895, Resonant Clathrate
thermalfoundation:material:1024, Pyrotheum Dust
thermalfoundation:material:1025, Cryotheum Dust
thermalfoundation:material:1026, Aerotheum Dust
thermalfoundation:material:1027, Petrotheum Dust
thermalfoundation:material:1028, Mana Dust
thermalfoundation:material:2048, Blizz Rod
thermalfoundation:material:2049, Blizz Powder
thermalfoundation:material:2050, Blitz Rod
thermalfoundation:material:2051, Blitz Powder
thermalfoundation:material:2052, Basalz Rod
thermalfoundation:material:2053, Basalz Powder
thermalfoundation:geode:0, Geode
thermalfoundation:armor.helmet_copper, Copper Helmet
thermalfoundation:armor.plate_copper, Copper Chestplate
thermalfoundation:armor.legs_copper, Copper Leggings
thermalfoundation:armor.boots_copper, Copper Boots
thermalfoundation:armor.helmet_tin, Tin Helmet
thermalfoundation:armor.plate_tin, Tin Chestplate
thermalfoundation:armor.legs_tin, Tin Leggings
thermalfoundation:armor.boots_tin, Tin Boots
thermalfoundation:armor.helmet_silver, Silver Helmet
thermalfoundation:armor.plate_silver, Silver Chestplate
thermalfoundation:armor.legs_silver, Silver Leggings
thermalfoundation:armor.boots_silver, Silver Boots
thermalfoundation:armor.helmet_lead, Lead Helmet
thermalfoundation:armor.plate_lead, Lead Chestplate
thermalfoundation:armor.legs_lead, Lead Leggings
thermalfoundation:armor.boots_lead, Lead Boots
thermalfoundation:armor.helmet_aluminum, Aluminum Helmet
thermalfoundation:armor.plate_aluminum, Aluminum Chestplate
thermalfoundation:armor.legs_aluminum, Aluminum Leggings
thermalfoundation:armor.boots_aluminum, Aluminum Boots
thermalfoundation:armor.helmet_nickel, Nickel Helmet
thermalfoundation:armor.plate_nickel, Nickel Chestplate
thermalfoundation:armor.legs_nickel, Nickel Leggings
thermalfoundation:armor.boots_nickel, Nickel Boots
thermalfoundation:armor.helmet_platinum, Platinum Helmet
thermalfoundation:armor.plate_platinum, Platinum Chestplate
thermalfoundation:armor.legs_platinum, Platinum Leggings
thermalfoundation:armor.boots_platinum, Platinum Boots
thermalfoundation:armor.helmet_steel, Steel Helmet
thermalfoundation:armor.plate_steel, Steel Chestplate
thermalfoundation:armor.legs_steel, Steel Leggings
thermalfoundation:armor.boots_steel, Steel Boots
thermalfoundation:armor.helmet_electrum, Electrum Helmet
thermalfoundation:armor.plate_electrum, Electrum Chestplate
thermalfoundation:armor.legs_electrum, Electrum Leggings
thermalfoundation:armor.boots_electrum, Electrum Boots
thermalfoundation:armor.helmet_invar, Invar Helmet
thermalfoundation:armor.plate_invar, Invar Chestplate
thermalfoundation:armor.legs_invar, Invar Leggings
thermalfoundation:armor.boots_invar, Invar Boots
thermalfoundation:armor.helmet_bronze, Bronze Helmet
thermalfoundation:armor.plate_bronze, Bronze Chestplate
thermalfoundation:armor.legs_bronze, Bronze Leggings
thermalfoundation:armor.boots_bronze, Bronze Boots
thermalfoundation:armor.helmet_constantan, Constantan Helmet
thermalfoundation:armor.plate_constantan, Constantan Chestplate
thermalfoundation:armor.legs_constantan, Constantan Leggings
thermalfoundation:armor.boots_constantan, Constantan Boots
thermalfoundation:tool.sword_copper, Copper Sword
thermalfoundation:tool.shovel_copper, Copper Shovel
thermalfoundation:tool.pickaxe_copper, Copper Pickaxe
thermalfoundation:tool.axe_copper, Copper Axe
thermalfoundation:tool.hoe_copper, Copper Hoe
thermalfoundation:tool.bow_copper, Copper Reinforced Bow
thermalfoundation:tool.fishing_rod_copper, Copper Fishing Rod
thermalfoundation:tool.shears_copper, Copper Shears
thermalfoundation:tool.sickle_copper, Copper Sickle
thermalfoundation:tool.hammer_copper, Copper Hammer
thermalfoundation:tool.excavator_copper, Copper Excavator
thermalfoundation:tool.shield_copper, Copper Shield
thermalfoundation:tool.sword_tin, Tin Sword
thermalfoundation:tool.shovel_tin, Tin Shovel
thermalfoundation:tool.pickaxe_tin, Tin Pickaxe
thermalfoundation:tool.axe_tin, Tin Axe
thermalfoundation:tool.hoe_tin, Tin Hoe
thermalfoundation:tool.bow_tin, Tin Reinforced Bow
thermalfoundation:tool.fishing_rod_tin, Tin Fishing Rod
thermalfoundation:tool.shears_tin, Tin Shears
thermalfoundation:tool.sickle_tin, Tin Sickle
thermalfoundation:tool.hammer_tin, Tin Hammer
thermalfoundation:tool.excavator_tin, Tin Excavator
thermalfoundation:tool.shield_tin, Tin Shield
thermalfoundation:tool.sword_silver, Silver Sword
thermalfoundation:tool.shovel_silver, Silver Shovel
thermalfoundation:tool.pickaxe_silver, Silver Pickaxe
thermalfoundation:tool.axe_silver, Silver Axe
thermalfoundation:tool.hoe_silver, Silver Hoe
thermalfoundation:tool.bow_silver, Silver Reinforced Bow
thermalfoundation:tool.fishing_rod_silver, Silver Fishing Rod
thermalfoundation:tool.shears_silver, Silver Shears
thermalfoundation:tool.sickle_silver, Silver Sickle
thermalfoundation:tool.hammer_silver, Silver Hammer
thermalfoundation:tool.excavator_silver, Silver Excavator
thermalfoundation:tool.shield_silver, Silver Shield
thermalfoundation:tool.sword_lead, Lead Sword
thermalfoundation:tool.shovel_lead, Lead Shovel
thermalfoundation:tool.pickaxe_lead, Lead Pickaxe
thermalfoundation:tool.axe_lead, Lead Axe
thermalfoundation:tool.hoe_lead, Lead Hoe
thermalfoundation:tool.bow_lead, Lead Reinforced Bow
thermalfoundation:tool.fishing_rod_lead, Lead Fishing Rod
thermalfoundation:tool.shears_lead, Lead Shears
thermalfoundation:tool.sickle_lead, Lead Sickle
thermalfoundation:tool.hammer_lead, Lead Hammer
thermalfoundation:tool.excavator_lead, Lead Excavator
thermalfoundation:tool.shield_lead, Lead Shield
thermalfoundation:tool.sword_aluminum, Aluminum Sword
thermalfoundation:tool.shovel_aluminum, Aluminum Shovel
thermalfoundation:tool.pickaxe_aluminum, Aluminum Pickaxe
thermalfoundation:tool.axe_aluminum, Aluminum Axe
thermalfoundation:tool.hoe_aluminum, Aluminum Hoe
thermalfoundation:tool.bow_aluminum, Aluminum Reinforced Bow
thermalfoundation:tool.fishing_rod_aluminum, Aluminum Fishing Rod
thermalfoundation:tool.shears_aluminum, Aluminum Shears
thermalfoundation:tool.sickle_aluminum, Aluminum Sickle
thermalfoundation:tool.hammer_aluminum, Aluminum Hammer
thermalfoundation:tool.excavator_aluminum, Aluminum Excavator
thermalfoundation:tool.shield_aluminum, Aluminum Shield
thermalfoundation:tool.sword_nickel, Nickel Sword
thermalfoundation:tool.shovel_nickel, Nickel Shovel
thermalfoundation:tool.pickaxe_nickel, Nickel Pickaxe
thermalfoundation:tool.axe_nickel, Nickel Axe
thermalfoundation:tool.hoe_nickel, Nickel Hoe
thermalfoundation:tool.bow_nickel, Nickel Reinforced Bow
thermalfoundation:tool.fishing_rod_nickel, Nickel Fishing Rod
thermalfoundation:tool.shears_nickel, Nickel Shears
thermalfoundation:tool.sickle_nickel, Nickel Sickle
thermalfoundation:tool.hammer_nickel, Nickel Hammer
thermalfoundation:tool.excavator_nickel, Nickel Excavator
thermalfoundation:tool.shield_nickel, Nickel Shield
thermalfoundation:tool.sword_platinum, Platinum Sword
thermalfoundation:tool.shovel_platinum, Platinum Shovel
thermalfoundation:tool.pickaxe_platinum, Platinum Pickaxe
thermalfoundation:tool.axe_platinum, Platinum Axe
thermalfoundation:tool.hoe_platinum, Platinum Hoe
thermalfoundation:tool.bow_platinum, Platinum Reinforced Bow
thermalfoundation:tool.fishing_rod_platinum, Platinum Fishing Rod
thermalfoundation:tool.shears_platinum, Platinum Shears
thermalfoundation:tool.sickle_platinum, Platinum Sickle
thermalfoundation:tool.hammer_platinum, Platinum Hammer
thermalfoundation:tool.excavator_platinum, Platinum Excavator
thermalfoundation:tool.shield_platinum, Platinum Shield
thermalfoundation:tool.sword_steel, Steel Sword
thermalfoundation:tool.shovel_steel, Steel Shovel
thermalfoundation:tool.pickaxe_steel, Steel Pickaxe
thermalfoundation:tool.axe_steel, Steel Axe
thermalfoundation:tool.hoe_steel, Steel Hoe
thermalfoundation:tool.bow_steel, Steel Reinforced Bow
thermalfoundation:tool.fishing_rod_steel, Steel Fishing Rod
thermalfoundation:tool.shears_steel, Steel Shears
thermalfoundation:tool.sickle_steel, Steel Sickle
thermalfoundation:tool.hammer_steel, Steel Hammer
thermalfoundation:tool.excavator_steel, Steel Excavator
thermalfoundation:tool.shield_steel, Steel Shield
thermalfoundation:tool.sword_electrum, Electrum Sword
thermalfoundation:tool.shovel_electrum, Electrum Shovel
thermalfoundation:tool.pickaxe_electrum, Electrum Pickaxe
thermalfoundation:tool.axe_electrum, Electrum Axe
thermalfoundation:tool.hoe_electrum, Electrum Hoe
thermalfoundation:tool.bow_electrum, Electrum Reinforced Bow
thermalfoundation:tool.fishing_rod_electrum, Electrum Fishing Rod
thermalfoundation:tool.shears_electrum, Electrum Shears
thermalfoundation:tool.sickle_electrum, Electrum Sickle
thermalfoundation:tool.hammer_electrum, Electrum Hammer
thermalfoundation:tool.excavator_electrum, Electrum Excavator
thermalfoundation:tool.shield_electrum, Electrum Shield
thermalfoundation:tool.sword_invar, Invar Sword
thermalfoundation:tool.shovel_invar, Invar Shovel
thermalfoundation:tool.pickaxe_invar, Invar Pickaxe
thermalfoundation:tool.axe_invar, Invar Axe
thermalfoundation:tool.hoe_invar, Invar Hoe
thermalfoundation:tool.bow_invar, Invar Reinforced Bow
thermalfoundation:tool.fishing_rod_invar, Invar Fishing Rod
thermalfoundation:tool.shears_invar, Invar Shears
thermalfoundation:tool.sickle_invar, Invar Sickle
thermalfoundation:tool.hammer_invar, Invar Hammer
thermalfoundation:tool.excavator_invar, Invar Excavator
thermalfoundation:tool.shield_invar, Invar Shield
thermalfoundation:tool.sword_bronze, Bronze Sword
thermalfoundation:tool.shovel_bronze, Bronze Shovel
thermalfoundation:tool.pickaxe_bronze, Bronze Pickaxe
thermalfoundation:tool.axe_bronze, Bronze Axe
thermalfoundation:tool.hoe_bronze, Bronze Hoe
thermalfoundation:tool.bow_bronze, Bronze Reinforced Bow
thermalfoundation:tool.fishing_rod_bronze, Bronze Fishing Rod
thermalfoundation:tool.shears_bronze, Bronze Shears
thermalfoundation:tool.sickle_bronze, Bronze Sickle
thermalfoundation:tool.hammer_bronze, Bronze Hammer
thermalfoundation:tool.excavator_bronze, Bronze Excavator
thermalfoundation:tool.shield_bronze, Bronze Shield
thermalfoundation:tool.sword_constantan, Constantan Sword
thermalfoundation:tool.shovel_constantan, Constantan Shovel
thermalfoundation:tool.pickaxe_constantan, Constantan Pickaxe
thermalfoundation:tool.axe_constantan, Constantan Axe
thermalfoundation:tool.hoe_constantan, Constantan Hoe
thermalfoundation:tool.bow_constantan, Constantan Reinforced Bow
thermalfoundation:tool.fishing_rod_constantan, Constantan Fishing Rod
thermalfoundation:tool.shears_constantan, Constantan Shears
thermalfoundation:tool.sickle_constantan, Constantan Sickle
thermalfoundation:tool.hammer_constantan, Constantan Hammer
thermalfoundation:tool.excavator_constantan, Constantan Excavator
thermalfoundation:tool.shield_constantan, Constantan Shield
thermalfoundation:tool.shears_wood, Wooden Shears
thermalfoundation:tool.sickle_wood, Wooden Sickle
thermalfoundation:tool.hammer_wood, Wooden Hammer
thermalfoundation:tool.excavator_wood, Wooden Excavator
thermalfoundation:tool.bow_stone, Stone Reinforced Bow
thermalfoundation:tool.fishing_rod_stone, Stone Fishing Rod
thermalfoundation:tool.shears_stone, Stone Shears
thermalfoundation:tool.sickle_stone, Stone Sickle
thermalfoundation:tool.hammer_stone, Stone Hammer
thermalfoundation:tool.excavator_stone, Stone Excavator
thermalfoundation:tool.shield_stone, Stone Shield
thermalfoundation:tool.bow_iron, Iron Reinforced Bow
thermalfoundation:tool.fishing_rod_iron, Iron Fishing Rod
thermalfoundation:tool.sickle_iron, Iron Sickle
thermalfoundation:tool.hammer_iron, Iron Hammer
thermalfoundation:tool.excavator_iron, Iron Excavator
thermalfoundation:tool.shield_iron, Iron Shield
thermalfoundation:tool.bow_diamond, Diamond Reinforced Bow
thermalfoundation:tool.fishing_rod_diamond, Diamond Fishing Rod
thermalfoundation:tool.shears_diamond, Diamond Shears
thermalfoundation:tool.sickle_diamond, Diamond Sickle
thermalfoundation:tool.hammer_diamond, Diamond Hammer
thermalfoundation:tool.excavator_diamond, Diamond Excavator
thermalfoundation:tool.shield_diamond, Diamond Shield
thermalfoundation:tool.bow_gold, Gold Reinforced Bow
thermalfoundation:tool.fishing_rod_gold, Gold Fishing Rod
thermalfoundation:tool.shears_gold, Gold Shears
thermalfoundation:tool.sickle_gold, Gold Sickle
thermalfoundation:tool.hammer_gold, Gold Hammer
thermalfoundation:tool.excavator_gold, Gold Excavator
thermalfoundation:tool.shield_gold, Gold Shield
thermalfoundation:horse_armor_copper, Copper Horse Armor
thermalfoundation:horse_armor_tin, Tin Horse Armor
thermalfoundation:horse_armor_silver, Silver Horse Armor
thermalfoundation:horse_armor_lead, Lead Horse Armor
thermalfoundation:horse_armor_aluminum, Aluminum Horse Armor
thermalfoundation:horse_armor_nickel, Nickel Horse Armor
thermalfoundation:horse_armor_platinum, Platinum Horse Armor
thermalfoundation:horse_armor_steel, Steel Horse Armor
thermalfoundation:horse_armor_electrum, Electrum Horse Armor
thermalfoundation:horse_armor_invar, Invar Horse Armor
thermalfoundation:horse_armor_bronze, Bronze Horse Armor
thermalfoundation:horse_armor_constantan, Constantan Horse Armor
thermalfoundation:fluid_crude_oil, Crude Oil
thermalfoundation:fluid_redstone, Destabilized Redstone
thermalfoundation:fluid_glowstone, Energized Glowstone
thermalfoundation:fluid_ender, Resonant Ender
thermalfoundation:fluid_pyrotheum, Blazing Pyrotheum
thermalfoundation:fluid_cryotheum, Gelid Cryotheum
thermalfoundation:fluid_aerotheum, Zephyrean Aerotheum
thermalfoundation:fluid_petrotheum, Tectonic Petrotheum
thermalfoundation:fluid_mana, Primal Mana
nuclearcraft:ore:0, Copper Ore
nuclearcraft:ore:1, Tin Ore
nuclearcraft:ore:2, Lead Ore
nuclearcraft:ore:3, Thorium Ore
nuclearcraft:ore:4, Uranium Ore
nuclearcraft:ore:5, Boron Ore
nuclearcraft:ore:6, Lithium Ore
nuclearcraft:ore:7, Magnesium Ore
nuclearcraft:ingot_block:0, Copper Block
nuclearcraft:ingot_block:1, Tin Block
nuclearcraft:ingot_block:2, Lead Block
nuclearcraft:ingot_block:3, Thorium Block
nuclearcraft:ingot_block:4, Uranium Block
nuclearcraft:ingot_block:5, Boron Block
nuclearcraft:ingot_block:6, Lithium Block
nuclearcraft:ingot_block:7, Magnesium Block
nuclearcraft:ingot_block:8, Graphite Block
nuclearcraft:ingot_block:9, Beryllium Block
nuclearcraft:ingot_block:10, Zirconium Block
nuclearcraft:ingot_block:11, Manganese Block
nuclearcraft:ingot_block:12, Aluminum Block
nuclearcraft:ingot_block:13, Silver Block
nuclearcraft:ingot_block:14, Manganese Oxide Block
nuclearcraft:ingot_block:15, Manganese Dioxide Block
nuclearcraft:ingot_block2:0, Zirconia Block
nuclearcraft:ingot_block2:1, Palladium Block
nuclearcraft:ingot_block2:2, Tin Oxide Block
nuclearcraft:ingot_block2:3, Nickel Oxide Block
nuclearcraft:ingot_block2:4, Cobalt Oxide Block
nuclearcraft:ingot_block2:5, Ruthenium Oxide Block
nuclearcraft:ingot_block2:6, Iridium Oxide Block
nuclearcraft:ingot_block2:7, Holmium Block
nuclearcraft:ingot_block2:8, Dysprosium Block
nuclearcraft:ingot_block2:9, Gadolinium Block
nuclearcraft:material_block:0, Molybdenum Block
nuclearcraft:material_block:1, Copper Oxide Block
nuclearcraft:material_block:2, Cobalt Block
nuclearcraft:material_block:3, Nickel Block
nuclearcraft:material_block:4, Platinum Block
nuclearcraft:material_block:5, Soulless Sand
nuclearcraft:material_block:6, Soulless Sandstone
nuclearcraft:fertile_isotope:0, Uranium-238 Block
nuclearcraft:fertile_isotope:1, Neptunium-237 Block
nuclearcraft:fertile_isotope:2, Plutonium-242 Block
nuclearcraft:fertile_isotope:3, Americium-243 Block
nuclearcraft:fertile_isotope:4, Curium-246 Block
nuclearcraft:fertile_isotope:5, Berkelium-247 Block
nuclearcraft:fertile_isotope:6, Californium-252 Block
nuclearcraft:supercold_ice, Supercold Ice
nuclearcraft:heavy_water_moderator, Heavy Water Moderator
nuclearcraft:nuclear_furnace, Nuclear Furnace
nuclearcraft:manufactory, Manufactory
nuclearcraft:separator, Separator
nuclearcraft:decay_hastener, Decay Hastener
nuclearcraft:fuel_reprocessor, Fuel Reprocessor
nuclearcraft:alloy_furnace, Alloy Furnace
nuclearcraft:infuser, Fluid Infuser
nuclearcraft:melter, Melter
nuclearcraft:supercooler, Supercooler
nuclearcraft:electrolyzer, Electrolyzer
nuclearcraft:assembler, Assembler
nuclearcraft:ingot_former, Ingot Former
nuclearcraft:pressurizer, Pressurizer
nuclearcraft:chemical_reactor, Chemical Reactor
nuclearcraft:salt_mixer, Fluid Mixer
nuclearcraft:crystallizer, Crystallizer
nuclearcraft:enricher, Fluid Enricher
nuclearcraft:extractor, Fluid Extractor
nuclearcraft:centrifuge, Centrifuge
nuclearcraft:rock_crusher, Rock Crusher
nuclearcraft:electric_furnace, Electric Furnace
nuclearcraft:machine_interface, Machine Interface
nuclearcraft:distributor_buffer, Distributor Buffer
nuclearcraft:distributor_inlet, Distributor Inlet
nuclearcraft:distributor_outlet, Distributor Outlet
nuclearcraft:machine_frame, Large Machine Casing
nuclearcraft:machine_glass, Large Machine Glass
nuclearcraft:machine_power_port, Large Machine Power Port
nuclearcraft:machine_process_port, Large Machine Process Port
nuclearcraft:machine_reservoir_port, Large Machine Reservoir Port
nuclearcraft:machine_redstone_port, Large Machine Redstone Port
nuclearcraft:machine_computer_port, Large Machine Computer Port
nuclearcraft:machine_diaphragm:0, Sintered Steel Diaphragm
nuclearcraft:machine_diaphragm:1, Polyethersulfone Diaphragm
nuclearcraft:machine_diaphragm:2, Zirfon Diaphragm
nuclearcraft:machine_sieve_assembly:0, Steel Sieve Assembly
nuclearcraft:machine_sieve_assembly:1, Polytetrafluoroethylene Sieve Assembly
nuclearcraft:machine_sieve_assembly:2, Hastelloy Sieve Assembly
nuclearcraft:electrolyzer_controller, Electrolyzer Controller
nuclearcraft:electrolyzer_cathode_terminal, Electrolyzer Cathode Terminal
nuclearcraft:electrolyzer_anode_terminal, Electrolyzer Anode Terminal
nuclearcraft:distiller_controller, Distiller Controller
nuclearcraft:distiller_sieve_tray, Distiller Sieve Tray
nuclearcraft:distiller_reflux_unit, Distiller Reflux Unit
nuclearcraft:distiller_reboiling_unit, Distiller Reboiling Unit
nuclearcraft:distiller_liquid_distributor, Distiller Liquid Distributor
nuclearcraft:infiltrator_controller, Infiltrator Controller
nuclearcraft:infiltrator_pressure_chamber, Infiltrator Pressure Chamber
nuclearcraft:infiltrator_heating_unit, Infiltrator Heating Unit
nuclearcraft:decay_pool_controller, Decay Pool Controller
nuclearcraft:decay_pool_container, Decay Pool Container
nuclearcraft:rtg_uranium, Uranium RTG
nuclearcraft:rtg_plutonium, Plutonium RTG
nuclearcraft:rtg_americium, Americium RTG
nuclearcraft:rtg_californium, Californium RTG
nuclearcraft:solar_panel_basic, Basic Solar Panel
nuclearcraft:solar_panel_advanced, Advanced Solar Panel
nuclearcraft:solar_panel_du, DU Solar Panel
nuclearcraft:solar_panel_elite, Elite Solar Panel
nuclearcraft:decay_generator, Decay Generator
nuclearcraft:voltaic_pile_basic, Basic Voltaic Pile
nuclearcraft:voltaic_pile_advanced, Advanced Voltaic Pile
nuclearcraft:voltaic_pile_du, DU Voltaic Pile
nuclearcraft:voltaic_pile_elite, Elite Voltaic Pile
nuclearcraft:lithium_ion_battery_basic, Basic Lithium Ion Battery
nuclearcraft:lithium_ion_battery_advanced, Advanced Lithium Ion Battery
nuclearcraft:lithium_ion_battery_du, DU Lithium Ion Battery
nuclearcraft:lithium_ion_battery_elite, Elite Lithium Ion Battery
nuclearcraft:bin, Universal Bin
nuclearcraft:fission_casing, Fission Reactor Casing
nuclearcraft:fission_glass, Fission Reactor Glass
nuclearcraft:fission_conductor, Fission Reactor Conductor
nuclearcraft:fission_monitor, Fission Reactor Monitor
nuclearcraft:fission_reflector:0, Beryllium-Carbon Neutron Reflector
nuclearcraft:fission_reflector:1, Lead-Steel Neutron Reflector
nuclearcraft:fission_power_port, Fission Reactor Power Port
nuclearcraft:fission_vent, Fission Reactor Vent
nuclearcraft:fission_irradiator, Fission Irradiator
nuclearcraft:fission_source:0, Ra-Be Fission Neutron Source
nuclearcraft:fission_source:1, Po-Be Fission Neutron Source
nuclearcraft:fission_source:2, Cf-252 Fission Neutron Source
nuclearcraft:fission_shield:0, Boron-Silver Fission Neutron Shield
nuclearcraft:fission_shield:1, Gadolinium-Samarium Fission Neutron Shield
nuclearcraft:fission_computer_port, Fission Computer Port
nuclearcraft:fission_irradiator_port, Fission Irradiator Port
nuclearcraft:fission_chamber_port, Fission Fuel Chamber Port
nuclearcraft:fission_cooler_port:0, Oxygen Fission Gas Cooler Port
nuclearcraft:fission_cooler_port:1, Hydrogen Fission Gas Cooler Port
nuclearcraft:fission_cooler_port:2, Helium Fission Gas Cooler Port
nuclearcraft:fission_cooler_port:3, Nitrogen Fission Gas Cooler Port
nuclearcraft:fission_cooler_port:4, Fluorine Fission Gas Cooler Port
nuclearcraft:fission_cooler_port:5, Methane Fission Gas Cooler Port
nuclearcraft:fission_cooler_port:6, Carbon Dioxide Fission Gas Cooler Port
nuclearcraft:fission_cooler_port:7, Carbon Monoxide Fission Gas Cooler Port
nuclearcraft:fission_cooler_port:8, Ethylene Fission Gas Cooler Port
nuclearcraft:fission_cooler_port:9, Acetylene Fission Gas Cooler Port
nuclearcraft:fission_cooler_port:10, Fluoromethane Fission Gas Cooler Port
nuclearcraft:fission_cooler_port:11, Ammonia Fission Gas Cooler Port
nuclearcraft:fission_cooler_port:12, Diborane Fission Gas Cooler Port
nuclearcraft:fission_cooler_port:13, Sulfur Dioxide Fission Gas Cooler Port
nuclearcraft:fission_cooler_port:14, Sulfur Trioxide Fission Gas Cooler Port
nuclearcraft:fission_cooler_port:15, Sulfur Hexafluoride Fission Gas Cooler Port
nuclearcraft:fission_cell_port, Fission Fuel Cell Port
nuclearcraft:fission_vessel_port, Fission Fuel Vessel Port
nuclearcraft:fission_heater_port:0, Standard Fission Coolant Heater Port
nuclearcraft:fission_heater_port:1, Iron Fission Coolant Heater Port
nuclearcraft:fission_heater_port:2, Redstone Fission Coolant Heater Port
nuclearcraft:fission_heater_port:3, Quartz Fission Coolant Heater Port
nuclearcraft:fission_heater_port:4, Obsidian Fission Coolant Heater Port
nuclearcraft:fission_heater_port:5, Nether Brick Fission Coolant Heater Port
nuclearcraft:fission_heater_port:6, Glowstone Fission Coolant Heater Port
nuclearcraft:fission_heater_port:7, Lapis Fission Coolant Heater Port
nuclearcraft:fission_heater_port:8, Gold Fission Coolant Heater Port
nuclearcraft:fission_heater_port:9, Prismarine Fission Coolant Heater Port
nuclearcraft:fission_heater_port:10, Slime Fission Coolant Heater Port
nuclearcraft:fission_heater_port:11, End Stone Fission Coolant Heater Port
nuclearcraft:fission_heater_port:12, Purpur Fission Coolant Heater Port
nuclearcraft:fission_heater_port:13, Diamond Fission Coolant Heater Port
nuclearcraft:fission_heater_port:14, Emerald Fission Coolant Heater Port
nuclearcraft:fission_heater_port:15, Copper Fission Coolant Heater Port
nuclearcraft:fission_heater_port2:0, Tin Fission Coolant Heater Port
nuclearcraft:fission_heater_port2:1, Lead Fission Coolant Heater Port
nuclearcraft:fission_heater_port2:2, Boron Fission Coolant Heater Port
nuclearcraft:fission_heater_port2:3, Lithium Fission Coolant Heater Port
nuclearcraft:fission_heater_port2:4, Magnesium Fission Coolant Heater Port
nuclearcraft:fission_heater_port2:5, Manganese Fission Coolant Heater Port
nuclearcraft:fission_heater_port2:6, Aluminum Fission Coolant Heater Port
nuclearcraft:fission_heater_port2:7, Silver Fission Coolant Heater Port
nuclearcraft:fission_heater_port2:8, Fluorite Fission Coolant Heater Port
nuclearcraft:fission_heater_port2:9, Villiaumite Fission Coolant Heater Port
nuclearcraft:fission_heater_port2:10, Carobbiite Fission Coolant Heater Port
nuclearcraft:fission_heater_port2:11, Arsenic Fission Coolant Heater Port
nuclearcraft:fission_heater_port2:12, Liquid Nitrogen Fission Coolant Heater Port
nuclearcraft:fission_heater_port2:13, Liquid Helium Fission Coolant Heater Port
nuclearcraft:fission_heater_port2:14, Enderium Fission Coolant Heater Port
nuclearcraft:fission_heater_port2:15, Cryotheum Fission Coolant Heater Port
nuclearcraft:fission_source_manager, Fission Neutron Source Manager
nuclearcraft:fission_shield_manager, Fission Neutron Shield Manager
nuclearcraft:pebble_fission_controller, Pebble Bed Fission Controller
nuclearcraft:pebble_fission_chamber, Fission Fuel Chamber
nuclearcraft:pebble_fission_cooler:0, Oxygen Fission Gas Cooler
nuclearcraft:pebble_fission_cooler:1, Hydrogen Fission Gas Cooler
nuclearcraft:pebble_fission_cooler:2, Helium Fission Gas Cooler
nuclearcraft:pebble_fission_cooler:3, Nitrogen Fission Gas Cooler
nuclearcraft:pebble_fission_cooler:4, Fluorine Fission Gas Cooler
nuclearcraft:pebble_fission_cooler:5, Methane Fission Gas Cooler
nuclearcraft:pebble_fission_cooler:6, Carbon Dioxide Fission Gas Cooler
nuclearcraft:pebble_fission_cooler:7, Carbon Monoxide Fission Gas Cooler
nuclearcraft:pebble_fission_cooler:8, Ethylene Fission Gas Cooler
nuclearcraft:pebble_fission_cooler:9, Acetylene Fission Gas Cooler
nuclearcraft:pebble_fission_cooler:10, Fluoromethane Fission Gas Cooler
nuclearcraft:pebble_fission_cooler:11, Ammonia Fission Gas Cooler
nuclearcraft:pebble_fission_cooler:12, Diborane Fission Gas Cooler
nuclearcraft:pebble_fission_cooler:13, Sulfur Dioxide Fission Gas Cooler
nuclearcraft:pebble_fission_cooler:14, Sulfur Trioxide Fission Gas Cooler
nuclearcraft:pebble_fission_cooler:15, Sulfur Hexafluoride Fission Gas Cooler
nuclearcraft:solid_fission_controller, Solid Fuel Fission Controller
nuclearcraft:solid_fission_cell, Fission Fuel Cell
nuclearcraft:solid_fission_sink:0, Water Fission Heat Sink
nuclearcraft:solid_fission_sink:1, Iron Fission Heat Sink
nuclearcraft:solid_fission_sink:2, Redstone Fission Heat Sink
nuclearcraft:solid_fission_sink:3, Quartz Fission Heat Sink
nuclearcraft:solid_fission_sink:4, Obsidian Fission Heat Sink
nuclearcraft:solid_fission_sink:5, Nether Brick Fission Heat Sink
nuclearcraft:solid_fission_sink:6, Glowstone Fission Heat Sink
nuclearcraft:solid_fission_sink:7, Lapis Fission Heat Sink
nuclearcraft:solid_fission_sink:8, Gold Fission Heat Sink
nuclearcraft:solid_fission_sink:9, Prismarine Fission Heat Sink
nuclearcraft:solid_fission_sink:10, Slime Fission Heat Sink
nuclearcraft:solid_fission_sink:11, End Stone Fission Heat Sink
nuclearcraft:solid_fission_sink:12, Purpur Fission Heat Sink
nuclearcraft:solid_fission_sink:13, Diamond Fission Heat Sink
nuclearcraft:solid_fission_sink:14, Emerald Fission Heat Sink
nuclearcraft:solid_fission_sink:15, Copper Fission Heat Sink
nuclearcraft:solid_fission_sink2:0, Tin Fission Heat Sink
nuclearcraft:solid_fission_sink2:1, Lead Fission Heat Sink
nuclearcraft:solid_fission_sink2:2, Boron Fission Heat Sink
nuclearcraft:solid_fission_sink2:3, Lithium Fission Heat Sink
nuclearcraft:solid_fission_sink2:4, Magnesium Fission Heat Sink
nuclearcraft:solid_fission_sink2:5, Manganese Fission Heat Sink
nuclearcraft:solid_fission_sink2:6, Aluminum Fission Heat Sink
nuclearcraft:solid_fission_sink2:7, Silver Fission Heat Sink
nuclearcraft:solid_fission_sink2:8, Fluorite Fission Heat Sink
nuclearcraft:solid_fission_sink2:9, Villiaumite Fission Heat Sink
nuclearcraft:solid_fission_sink2:10, Carobbiite Fission Heat Sink
nuclearcraft:solid_fission_sink2:11, Arsenic Fission Heat Sink
nuclearcraft:solid_fission_sink2:12, Liquid Nitrogen Fission Heat Sink
nuclearcraft:solid_fission_sink2:13, Liquid Helium Fission Heat Sink
nuclearcraft:solid_fission_sink2:14, Enderium Fission Heat Sink
nuclearcraft:solid_fission_sink2:15, Cryotheum Fission Heat Sink
nuclearcraft:salt_fission_controller, Molten Salt Fission Controller
nuclearcraft:salt_fission_vessel, Fission Fuel Vessel
nuclearcraft:salt_fission_heater:0, Standard Fission Coolant Heater
nuclearcraft:salt_fission_heater:1, Iron Fission Coolant Heater
nuclearcraft:salt_fission_heater:2, Redstone Fission Coolant Heater
nuclearcraft:salt_fission_heater:3, Quartz Fission Coolant Heater
nuclearcraft:salt_fission_heater:4, Obsidian Fission Coolant Heater
nuclearcraft:salt_fission_heater:5, Nether Brick Fission Coolant Heater
nuclearcraft:salt_fission_heater:6, Glowstone Fission Coolant Heater
nuclearcraft:salt_fission_heater:7, Lapis Fission Coolant Heater
nuclearcraft:salt_fission_heater:8, Gold Fission Coolant Heater
nuclearcraft:salt_fission_heater:9, Prismarine Fission Coolant Heater
nuclearcraft:salt_fission_heater:10, Slime Fission Coolant Heater
nuclearcraft:salt_fission_heater:11, End Stone Fission Coolant Heater
nuclearcraft:salt_fission_heater:12, Purpur Fission Coolant Heater
nuclearcraft:salt_fission_heater:13, Diamond Fission Coolant Heater
nuclearcraft:salt_fission_heater:14, Emerald Fission Coolant Heater
nuclearcraft:salt_fission_heater:15, Copper Fission Coolant Heater
nuclearcraft:salt_fission_heater2:0, Tin Fission Coolant Heater
nuclearcraft:salt_fission_heater2:1, Lead Fission Coolant Heater
nuclearcraft:salt_fission_heater2:2, Boron Fission Coolant Heater
nuclearcraft:salt_fission_heater2:3, Lithium Fission Coolant Heater
nuclearcraft:salt_fission_heater2:4, Magnesium Fission Coolant Heater
nuclearcraft:salt_fission_heater2:5, Manganese Fission Coolant Heater
nuclearcraft:salt_fission_heater2:6, Aluminum Fission Coolant Heater
nuclearcraft:salt_fission_heater2:7, Silver Fission Coolant Heater
nuclearcraft:salt_fission_heater2:8, Fluorite Fission Coolant Heater
nuclearcraft:salt_fission_heater2:9, Villiaumite Fission Coolant Heater
nuclearcraft:salt_fission_heater2:10, Carobbiite Fission Coolant Heater
nuclearcraft:salt_fission_heater2:11, Arsenic Fission Coolant Heater
nuclearcraft:salt_fission_heater2:12, Liquid Nitrogen Fission Coolant Heater
nuclearcraft:salt_fission_heater2:13, Liquid Helium Fission Coolant Heater
nuclearcraft:salt_fission_heater2:14, Enderium Fission Coolant Heater
nuclearcraft:salt_fission_heater2:15, Cryotheum Fission Coolant Heater
nuclearcraft:heat_exchanger_controller, Heat Exchanger Controller
nuclearcraft:condenser_controller, Condenser Controller
nuclearcraft:heat_exchanger_casing, Heat Exchanger Casing
nuclearcraft:heat_exchanger_glass, Heat Exchanger Glass
nuclearcraft:heat_exchanger_inlet, Heat Exchanger Fluid Inlet
nuclearcraft:heat_exchanger_outlet, Heat Exchanger Fluid Outlet
nuclearcraft:heat_exchanger_tube_copper, Copper Heat Exchanger Tube
nuclearcraft:heat_exchanger_tube_hard_carbon, Hard Carbon Heat Exchanger Tube
nuclearcraft:heat_exchanger_tube_thermoconducting, Thermoconducting Alloy Heat Exchanger Tube
nuclearcraft:heat_exchanger_baffle, Heat Exchanger Shell Baffle
nuclearcraft:heat_exchanger_redstone_port, Heat Exchanger Redstone Port
nuclearcraft:heat_exchanger_computer_port, Heat Exchanger Computer Port
nuclearcraft:turbine_controller, Turbine Controller
nuclearcraft:turbine_casing, Turbine Casing
nuclearcraft:turbine_glass, Turbine Glass
nuclearcraft:turbine_rotor_shaft, Turbine Rotor Shaft
nuclearcraft:turbine_rotor_blade_steel, Steel Turbine Rotor Blade
nuclearcraft:turbine_rotor_blade_extreme, Extreme Alloy Turbine Rotor Blade
nuclearcraft:turbine_rotor_blade_sic_sic_cmc, SiC-SiC CMC Turbine Rotor Blade
nuclearcraft:turbine_rotor_stator, Standard Turbine Rotor Stator
nuclearcraft:turbine_rotor_bearing, Turbine Rotor Bearing
nuclearcraft:turbine_dynamo_coil:0, Magnesium Turbine Dynamo Coil
nuclearcraft:turbine_dynamo_coil:1, Beryllium Turbine Dynamo Coil
nuclearcraft:turbine_dynamo_coil:2, Aluminum Turbine Dynamo Coil
nuclearcraft:turbine_dynamo_coil:3, Gold Turbine Dynamo Coil
nuclearcraft:turbine_dynamo_coil:4, Copper Turbine Dynamo Coil
nuclearcraft:turbine_dynamo_coil:5, Silver Turbine Dynamo Coil
nuclearcraft:turbine_coil_connector, Turbine Dynamo Coil Connector
nuclearcraft:turbine_inlet, Turbine Fluid Inlet
nuclearcraft:turbine_outlet, Turbine Fluid Outlet
nuclearcraft:turbine_redstone_port, Turbine Redstone Port
nuclearcraft:turbine_computer_port, Turbine Computer Port
nuclearcraft:cobblestone_generator, Cobblestone Generator
nuclearcraft:cobblestone_generator_compact, Compact Cobblestone Generator
nuclearcraft:cobblestone_generator_dense, Dense Cobblestone Generator
nuclearcraft:water_source, Infinite Water Source
nuclearcraft:water_source_compact, Compact Infinite Water Source
nuclearcraft:water_source_dense, Dense Infinite Water Source
nuclearcraft:nitrogen_collector, Nitrogen Collector
nuclearcraft:nitrogen_collector_compact, Compact Nitrogen Collector
nuclearcraft:nitrogen_collector_dense, Dense Nitrogen Collector
nuclearcraft:radiation_scrubber, Radiation Scrubber
nuclearcraft:geiger_block, Geiger Counter Block
nuclearcraft:glowing_mushroom, Glowing Mushroom
nuclearcraft:glowing_mushroom_block, Glowing Mushroom Block
nuclearcraft:wasteland_earth, Wasteland Earth
nuclearcraft:wasteland_portal, Wasteland Portal
nuclearcraft:tritium_lamp, Tritium Lamp
nuclearcraft:solidified_corium, Solidified Corium
nuclearcraft:quantum_computer_controller, Quantum Computer Controller
nuclearcraft:quantum_computer_qubit, Quantum Computer Qubit
nuclearcraft:quantum_computer_gate_single:0, Quantum Computer Pauli-X Gate
nuclearcraft:quantum_computer_gate_single:1, Quantum Computer Pauli-Y Gate
nuclearcraft:quantum_computer_gate_single:2, Quantum Computer Pauli-Z Gate
nuclearcraft:quantum_computer_gate_single:3, Quantum Computer Hadamard Gate
nuclearcraft:quantum_computer_gate_single:4, Quantum Computer S Gate
nuclearcraft:quantum_computer_gate_single:5, Quantum Computer Inverse S Gate
nuclearcraft:quantum_computer_gate_single:6, Quantum Computer T Gate
nuclearcraft:quantum_computer_gate_single:7, Quantum Computer Inverse T Gate
nuclearcraft:quantum_computer_gate_single:8, Quantum Computer Phase Gate
nuclearcraft:quantum_computer_gate_single:9, Quantum Computer X-Rotation Gate
nuclearcraft:quantum_computer_gate_single:10, Quantum Computer Y-Rotation Gate
nuclearcraft:quantum_computer_gate_single:11, Quantum Computer Z-Rotation Gate
nuclearcraft:quantum_computer_gate_control:0, Quantum Computer Controlled Pauli-X Gate
nuclearcraft:quantum_computer_gate_control:1, Quantum Computer Controlled Pauli-Y Gate
nuclearcraft:quantum_computer_gate_control:2, Quantum Computer Controlled Pauli-Z Gate
nuclearcraft:quantum_computer_gate_control:3, Quantum Computer Controlled Hadamard Gate
nuclearcraft:quantum_computer_gate_control:4, Quantum Computer Controlled S Gate
nuclearcraft:quantum_computer_gate_control:5, Quantum Computer Controlled Inverse S Gate
nuclearcraft:quantum_computer_gate_control:6, Quantum Computer Controlled T Gate
nuclearcraft:quantum_computer_gate_control:7, Quantum Computer Controlled Inverse T Gate
nuclearcraft:quantum_computer_gate_control:8, Quantum Computer Controlled Phase Gate
nuclearcraft:quantum_computer_gate_control:9, Quantum Computer Controlled X-Rotation Gate
nuclearcraft:quantum_computer_gate_control:10, Quantum Computer Controlled Y-Rotation Gate
nuclearcraft:quantum_computer_gate_control:11, Quantum Computer Controlled Z-Rotation Gate
nuclearcraft:quantum_computer_gate_swap:0, Quantum Computer Swap Gate
nuclearcraft:quantum_computer_gate_swap:1, Quantum Computer Controlled Swap Gate
nuclearcraft:quantum_computer_connector, Quantum Computer Connector
nuclearcraft:quantum_computer_port, Quantum Computer Port
nuclearcraft:quantum_computer_code_generator:0, Quantum Computer QASM Code Generator
nuclearcraft:quantum_computer_code_generator:1, Quantum Computer Qiskit Code Generator
nuclearcraft:ingot:0, Copper Ingot
nuclearcraft:ingot:1, Tin Ingot
nuclearcraft:ingot:2, Lead Ingot
nuclearcraft:ingot:3, Thorium Ingot
nuclearcraft:ingot:4, Uranium Ingot
nuclearcraft:ingot:5, Boron Ingot
nuclearcraft:ingot:6, Lithium Ingot
nuclearcraft:ingot:7, Magnesium Ingot
nuclearcraft:ingot:8, Graphite Ingot
nuclearcraft:ingot:9, Beryllium Ingot
nuclearcraft:ingot:10, Zirconium Ingot
nuclearcraft:ingot:11, Manganese Ingot
nuclearcraft:ingot:12, Aluminum Ingot
nuclearcraft:ingot:13, Silver Ingot
nuclearcraft:ingot:14, Manganese Oxide Ingot
nuclearcraft:ingot:15, Manganese Dioxide Ingot
nuclearcraft:ingot2:0, Zirconia Ingot
nuclearcraft:ingot2:1, Palladium Ingot
nuclearcraft:ingot2:2, Tin Oxide Ingot
nuclearcraft:ingot2:3, Nickel Oxide Ingot
nuclearcraft:ingot2:4, Cobalt Oxide Ingot
nuclearcraft:ingot2:5, Ruthenium Oxide Ingot
nuclearcraft:ingot2:6, Iridium Oxide Ingot
nuclearcraft:ingot2:7, Holmium Ingot
nuclearcraft:ingot2:8, Dysprosium Ingot
nuclearcraft:ingot2:9, Gadolinium Ingot
nuclearcraft:dust:0, Copper Dust
nuclearcraft:dust:1, Tin Dust
nuclearcraft:dust:2, Lead Dust
nuclearcraft:dust:3, Thorium Dust
nuclearcraft:dust:4, Uranium Dust
nuclearcraft:dust:5, Boron Dust
nuclearcraft:dust:6, Lithium Dust
nuclearcraft:dust:7, Magnesium Dust
nuclearcraft:dust:8, Graphite Dust
nuclearcraft:dust:9, Beryllium Dust
nuclearcraft:dust:10, Zirconium Dust
nuclearcraft:dust:11, Manganese Dust
nuclearcraft:dust:12, Aluminum Dust
nuclearcraft:dust:13, Silver Dust
nuclearcraft:dust:14, Manganese Oxide Dust
nuclearcraft:dust:15, Manganese Dioxide Dust
nuclearcraft:dust2:0, Zirconia Dust
nuclearcraft:dust2:1, Palladium Dust
nuclearcraft:dust2:2, Tin Oxide Dust
nuclearcraft:dust2:3, Nickel Oxide Dust
nuclearcraft:dust2:4, Cobalt Oxide Dust
nuclearcraft:dust2:5, Ruthenium Oxide Dust
nuclearcraft:dust2:6, Iridium Oxide Dust
nuclearcraft:dust2:7, Holmium Dust
nuclearcraft:dust2:8, Dysprosium Dust
nuclearcraft:dust2:9, Gadolinium Dust
nuclearcraft:gem:0, Rhodochrosite
nuclearcraft:gem:1, Cubic Boron Nitride
nuclearcraft:gem:2, Fluorite
nuclearcraft:gem:3, Villiaumite
nuclearcraft:gem:4, Carobbiite
nuclearcraft:gem:5, Boron Arsenide
nuclearcraft:gem:6, Silicon
nuclearcraft:gem_dust:0, Crushed Diamond
nuclearcraft:gem_dust:1, Crushed Rhodochrosite
nuclearcraft:gem_dust:2, Crushed Quartz
nuclearcraft:gem_dust:3, Crushed Obsidian
nuclearcraft:gem_dust:4, Hexagonal Boron Nitride
nuclearcraft:gem_dust:5, Crushed Fluorite
nuclearcraft:gem_dust:6, Sulfur
nuclearcraft:gem_dust:7, Crushed Coal
nuclearcraft:gem_dust:8, Crushed Villiaumite
nuclearcraft:gem_dust:9, Crushed Carobbiite
nuclearcraft:gem_dust:10, Crushed Arsenic
nuclearcraft:gem_dust:11, Crushed End Stone
nuclearcraft:gem_dust:12, Crushed Barite
nuclearcraft:gem_dust:13, Crushed Nichromite
nuclearcraft:gem_dust:14, Crushed Dysprholminite
nuclearcraft:alloy:0, Bronze Ingot
nuclearcraft:alloy:1, Tough Alloy Ingot
nuclearcraft:alloy:2, Hard Carbon Alloy Ingot
nuclearcraft:alloy:3, Magnesium Diboride Alloy Ingot
nuclearcraft:alloy:4, Lithium Manganese Dioxide Alloy Ingot
nuclearcraft:alloy:5, Steel Ingot
nuclearcraft:alloy:6, Ferroboron Alloy Ingot
nuclearcraft:alloy:7, Shibuichi Alloy Ingot
nuclearcraft:alloy:8, Tin Silver Alloy Ingot
nuclearcraft:alloy:9, Lead Platinum Alloy Ingot
nuclearcraft:alloy:10, Extreme Alloy Ingot
nuclearcraft:alloy:11, Thermoconducting Alloy Ingot
nuclearcraft:alloy:12, Zircaloy Ingot
nuclearcraft:alloy:13, Silicon Carbide Ingot
nuclearcraft:alloy:14, SiC-SiC Ceramic Matrix Composite Ingot
nuclearcraft:alloy:15, HSLA Steel Ingot
nuclearcraft:alloy:16, Zirconium-Molybdenum Alloy Ingot
nuclearcraft:alloy:17, Hastelloy Ingot
nuclearcraft:alloy:18, Samarium Ingot
nuclearcraft:compound:0, Calcium Sulfate
nuclearcraft:compound:1, Crystal Binder
nuclearcraft:compound:2, Energetic Blend
nuclearcraft:compound:3, Sodium Fluoride
nuclearcraft:compound:4, Potassium Fluoride
nuclearcraft:compound:5, Sodium Hydroxide
nuclearcraft:compound:6, Potassium Hydroxide
nuclearcraft:compound:7, Borax
nuclearcraft:compound:8, Irradiated Borax
nuclearcraft:compound:9, Dimensional Blend
nuclearcraft:compound:10, Carbon-Manganese Blend
nuclearcraft:compound:11, Alugentum Dust
nuclearcraft:compound:12, Ammonium Sulfate
nuclearcraft:compound:13, Ammonium Bisulfate
nuclearcraft:compound:14, Ammonium Persulfate
nuclearcraft:compound:15, Hydroquinone
nuclearcraft:compound:16, Sodium Hydroquinone
nuclearcraft:compound:17, Potassium Hydroquinone
nuclearcraft:compound:18, Barium Sulfide
nuclearcraft:compound:19, Silica
nuclearcraft:part:0, Basic Plating
nuclearcraft:part:1, Advanced Plating
nuclearcraft:part:2, DU Plating
nuclearcraft:part:3, Elite Plating
nuclearcraft:part:4, Copper Solenoid
nuclearcraft:part:5, Magnesium Diboride Solenoid
nuclearcraft:part:6, Bioplastic
nuclearcraft:part:7, Servomechanism
nuclearcraft:part:8, Electric Motor
nuclearcraft:part:9, Linear Actuator
nuclearcraft:part:10, Machine Chassis
nuclearcraft:part:11, Empty Frame
nuclearcraft:part:12, Steel Chassis
nuclearcraft:part:13, Silicon Carbide Fiber
nuclearcraft:part:14, Empty Heat Sink
nuclearcraft:part:15, Pyrolytic Carbon
nuclearcraft:part:16, Sintered Steel
nuclearcraft:part:17, Sintered Zirconia
nuclearcraft:part:18, Polyethersulfone
nuclearcraft:part:19, Zirfon
nuclearcraft:part:20, Polytetrafluoroethylene
nuclearcraft:part:21, Polydimethylsilylene
nuclearcraft:part:22, Polymethylsilylene-Methylene
nuclearcraft:part:23, Empty Gas Cooler
nuclearcraft:part:24, Empty Gas Cooler Port
nuclearcraft:upgrade:0, Speed Upgrade
nuclearcraft:upgrade:1, Energy Upgrade
nuclearcraft:fission_dust:0, Bismuth Dust
nuclearcraft:fission_dust:1, Radium Dust
nuclearcraft:fission_dust:2, Polonium Dust
nuclearcraft:fission_dust:3, Protactinium-Enriched Thorium Dust
nuclearcraft:fission_dust:4, Protactinium-233 Dust
nuclearcraft:fission_dust:5, Strontium-90 Dust
nuclearcraft:fission_dust:6, Molybdenum Dust
nuclearcraft:fission_dust:7, Ruthenium-106 Dust
nuclearcraft:fission_dust:8, Caesium-137 Dust
nuclearcraft:fission_dust:9, Promethium-147 Dust
nuclearcraft:fission_dust:10, Europium-155 Dust
nuclearcraft:uranium:0, Uranium-233
nuclearcraft:uranium:1, Uranium-233 Carbide
nuclearcraft:uranium:2, Uranium-233 Oxide
nuclearcraft:uranium:3, Uranium-233 Nitride
nuclearcraft:uranium:4, Uranium-233-Zirconium Alloy
nuclearcraft:uranium:5, Uranium-235
nuclearcraft:uranium:6, Uranium-235 Carbide
nuclearcraft:uranium:7, Uranium-235 Oxide
nuclearcraft:uranium:8, Uranium-235 Nitride
nuclearcraft:uranium:9, Uranium-235-Zirconium Alloy
nuclearcraft:uranium:10, Uranium-238
nuclearcraft:uranium:11, Uranium-238 Carbide
nuclearcraft:uranium:12, Uranium-238 Oxide
nuclearcraft:uranium:13, Uranium-238 Nitride
nuclearcraft:uranium:14, Uranium-238-Zirconium Alloy
nuclearcraft:neptunium:0, Neptunium-236
nuclearcraft:neptunium:1, Neptunium-236 Carbide
nuclearcraft:neptunium:2, Neptunium-236 Oxide
nuclearcraft:neptunium:3, Neptunium-236 Nitride
nuclearcraft:neptunium:4, Neptunium-236-Zirconium Alloy
nuclearcraft:neptunium:5, Neptunium-237
nuclearcraft:neptunium:6, Neptunium-237 Carbide
nuclearcraft:neptunium:7, Neptunium-237 Oxide
nuclearcraft:neptunium:8, Neptunium-237 Nitride
nuclearcraft:neptunium:9, Neptunium-237-Zirconium Alloy
nuclearcraft:plutonium:0, Plutonium-238
nuclearcraft:plutonium:1, Plutonium-238 Carbide
nuclearcraft:plutonium:2, Plutonium-238 Oxide
nuclearcraft:plutonium:3, Plutonium-238 Nitride
nuclearcraft:plutonium:4, Plutonium-238-Zirconium Alloy
nuclearcraft:plutonium:5, Plutonium-239
nuclearcraft:plutonium:6, Plutonium-239 Carbide
nuclearcraft:plutonium:7, Plutonium-239 Oxide
nuclearcraft:plutonium:8, Plutonium-239 Nitride
nuclearcraft:plutonium:9, Plutonium-239-Zirconium Alloy
nuclearcraft:plutonium:10, Plutonium-241
nuclearcraft:plutonium:11, Plutonium-241 Carbide
nuclearcraft:plutonium:12, Plutonium-241 Oxide
nuclearcraft:plutonium:13, Plutonium-241 Nitride
nuclearcraft:plutonium:14, Plutonium-241-Zirconium Alloy
nuclearcraft:plutonium:15, Plutonium-242
nuclearcraft:plutonium:16, Plutonium-242 Carbide
nuclearcraft:plutonium:17, Plutonium-242 Oxide
nuclearcraft:plutonium:18, Plutonium-242 Nitride
nuclearcraft:plutonium:19, Plutonium-242-Zirconium Alloy
nuclearcraft:americium:0, Americium-241
nuclearcraft:americium:1, Americium-241 Carbide
nuclearcraft:americium:2, Americium-241 Oxide
nuclearcraft:americium:3, Americium-241 Nitride
nuclearcraft:americium:4, Americium-241-Zirconium Alloy
nuclearcraft:americium:5, Americium-242
nuclearcraft:americium:6, Americium-242 Carbide
nuclearcraft:americium:7, Americium-242 Oxide
nuclearcraft:americium:8, Americium-242 Nitride
nuclearcraft:americium:9, Americium-242-Zirconium Alloy
nuclearcraft:americium:10, Americium-243
nuclearcraft:americium:11, Americium-243 Carbide
nuclearcraft:americium:12, Americium-243 Oxide
nuclearcraft:americium:13, Americium-243 Nitride
nuclearcraft:americium:14, Americium-243-Zirconium Alloy
nuclearcraft:curium:0, Curium-243
nuclearcraft:curium:1, Curium-243 Carbide
nuclearcraft:curium:2, Curium-243 Oxide
nuclearcraft:curium:3, Curium-243 Nitride
nuclearcraft:curium:4, Curium-243-Zirconium Alloy
nuclearcraft:curium:5, Curium-245
nuclearcraft:curium:6, Curium-245 Carbide
nuclearcraft:curium:7, Curium-245 Oxide
nuclearcraft:curium:8, Curium-245 Nitride
nuclearcraft:curium:9, Curium-245-Zirconium Alloy
nuclearcraft:curium:10, Curium-246
nuclearcraft:curium:11, Curium-246 Carbide
nuclearcraft:curium:12, Curium-246 Oxide
nuclearcraft:curium:13, Curium-246 Nitride
nuclearcraft:curium:14, Curium-246-Zirconium Alloy
nuclearcraft:curium:15, Curium-247
nuclearcraft:curium:16, Curium-247 Carbide
nuclearcraft:curium:17, Curium-247 Oxide
nuclearcraft:curium:18, Curium-247 Nitride
nuclearcraft:curium:19, Curium-247-Zirconium Alloy
nuclearcraft:berkelium:0, Berkelium-247
nuclearcraft:berkelium:1, Berkelium-247 Carbide
nuclearcraft:berkelium:2, Berkelium-247 Oxide
nuclearcraft:berkelium:3, Berkelium-247 Nitride
nuclearcraft:berkelium:4, Berkelium-247-Zirconium Alloy
nuclearcraft:berkelium:5, Berkelium-248
nuclearcraft:berkelium:6, Berkelium-248 Carbide
nuclearcraft:berkelium:7, Berkelium-248 Oxide
nuclearcraft:berkelium:8, Berkelium-248 Nitride
nuclearcraft:berkelium:9, Berkelium-248-Zirconium Alloy
nuclearcraft:californium:0, Californium-249
nuclearcraft:californium:1, Californium-249 Carbide
nuclearcraft:californium:2, Californium-249 Oxide
nuclearcraft:californium:3, Californium-249 Nitride
nuclearcraft:californium:4, Californium-249-Zirconium Alloy
nuclearcraft:californium:5, Californium-250
nuclearcraft:californium:6, Californium-250 Carbide
nuclearcraft:californium:7, Californium-250 Oxide
nuclearcraft:californium:8, Californium-250 Nitride
nuclearcraft:californium:9, Californium-250-Zirconium Alloy
nuclearcraft:californium:10, Californium-251
nuclearcraft:californium:11, Californium-251 Carbide
nuclearcraft:californium:12, Californium-251 Oxide
nuclearcraft:californium:13, Californium-251 Nitride
nuclearcraft:californium:14, Californium-251-Zirconium Alloy
nuclearcraft:californium:15, Californium-252
nuclearcraft:californium:16, Californium-252 Carbide
nuclearcraft:californium:17, Californium-252 Oxide
nuclearcraft:californium:18, Californium-252 Nitride
nuclearcraft:californium:19, Californium-252-Zirconium Alloy
nuclearcraft:pellet_thorium:0, TBU
nuclearcraft:pellet_thorium:1, TBU Carbide
nuclearcraft:pellet_uranium:0, LEU-233
nuclearcraft:pellet_uranium:1, LEU-233 Carbide
nuclearcraft:pellet_uranium:2, HEU-233
nuclearcraft:pellet_uranium:3, HEU-233 Carbide
nuclearcraft:pellet_uranium:4, LEU-235
nuclearcraft:pellet_uranium:5, LEU-235 Carbide
nuclearcraft:pellet_uranium:6, HEU-235
nuclearcraft:pellet_uranium:7, HEU-235 Carbide
nuclearcraft:pellet_neptunium:0, LEN-236
nuclearcraft:pellet_neptunium:1, LEN-236 Carbide
nuclearcraft:pellet_neptunium:2, HEN-236
nuclearcraft:pellet_neptunium:3, HEN-236 Carbide
nuclearcraft:pellet_plutonium:0, LEP-239
nuclearcraft:pellet_plutonium:1, LEP-239 Carbide
nuclearcraft:pellet_plutonium:2, HEP-239
nuclearcraft:pellet_plutonium:3, HEP-239 Carbide
nuclearcraft:pellet_plutonium:4, LEP-241
nuclearcraft:pellet_plutonium:5, LEP-241 Carbide
nuclearcraft:pellet_plutonium:6, HEP-241
nuclearcraft:pellet_plutonium:7, HEP-241 Carbide
nuclearcraft:pellet_mixed:0, MIX-239
nuclearcraft:pellet_mixed:1, MIX-239 Carbide
nuclearcraft:pellet_mixed:2, MIX-241
nuclearcraft:pellet_mixed:3, MIX-241 Carbide
nuclearcraft:pellet_americium:0, LEA-242
nuclearcraft:pellet_americium:1, LEA-242 Carbide
nuclearcraft:pellet_americium:2, HEA-242
nuclearcraft:pellet_americium:3, HEA-242 Carbide
nuclearcraft:pellet_curium:0, LECm-243
nuclearcraft:pellet_curium:1, LECm-243 Carbide
nuclearcraft:pellet_curium:2, HECm-243
nuclearcraft:pellet_curium:3, HECm-243 Carbide
nuclearcraft:pellet_curium:4, LECm-245
nuclearcraft:pellet_curium:5, LECm-245 Carbide
nuclearcraft:pellet_curium:6, HECm-245
nuclearcraft:pellet_curium:7, HECm-245 Carbide
nuclearcraft:pellet_curium:8, LECm-247
nuclearcraft:pellet_curium:9, LECm-247 Carbide
nuclearcraft:pellet_curium:10, HECm-247
nuclearcraft:pellet_curium:11, HECm-247 Carbide
nuclearcraft:pellet_berkelium:0, LEB-248
nuclearcraft:pellet_berkelium:1, LEB-248 Carbide
nuclearcraft:pellet_berkelium:2, HEB-248
nuclearcraft:pellet_berkelium:3, HEB-248 Carbide
nuclearcraft:pellet_californium:0, LECf-249
nuclearcraft:pellet_californium:1, LECf-249 Carbide
nuclearcraft:pellet_californium:2, HECf-249
nuclearcraft:pellet_californium:3, HECf-249 Carbide
nuclearcraft:pellet_californium:4, LECf-251
nuclearcraft:pellet_californium:5, LECf-251 Carbide
nuclearcraft:pellet_californium:6, HECf-251
nuclearcraft:pellet_californium:7, HECf-251 Carbide
nuclearcraft:fuel_thorium:0, TBU TRISO Fuel Pebble
nuclearcraft:fuel_thorium:1, TBU Oxide Fuel Pellet
nuclearcraft:fuel_thorium:2, TBU Nitride Fuel Pellet
nuclearcraft:fuel_thorium:3, TBU-Zirconium Alloy Fuel Pellet
nuclearcraft:fuel_uranium:0, LEU-233 TRISO Fuel Pebble
nuclearcraft:fuel_uranium:1, LEU-233 Oxide Fuel Pellet
nuclearcraft:fuel_uranium:2, LEU-233 Nitride Fuel Pellet
nuclearcraft:fuel_uranium:3, LEU-233-Zirconium Alloy Fuel Pellet
nuclearcraft:fuel_uranium:4, HEU-233 TRISO Fuel Pebble
nuclearcraft:fuel_uranium:5, HEU-233 Oxide Fuel Pellet
nuclearcraft:fuel_uranium:6, HEU-233 Nitride Fuel Pellet
nuclearcraft:fuel_uranium:7, HEU-233-Zirconium Alloy Fuel Pellet
nuclearcraft:fuel_uranium:8, LEU-235 TRISO Fuel Pebble
nuclearcraft:fuel_uranium:9, LEU-235 Oxide Fuel Pellet
nuclearcraft:fuel_uranium:10, LEU-235 Nitride Fuel Pellet
nuclearcraft:fuel_uranium:11, LEU-235-Zirconium Alloy Fuel Pellet
nuclearcraft:fuel_uranium:12, HEU-235 TRISO Fuel Pebble
nuclearcraft:fuel_uranium:13, HEU-235 Oxide Fuel Pellet
nuclearcraft:fuel_uranium:14, HEU-235 Nitride Fuel Pellet
nuclearcraft:fuel_uranium:15, HEU-235-Zirconium Alloy Fuel Pellet
nuclearcraft:fuel_neptunium:0, LEN-236 TRISO Fuel Pebble
nuclearcraft:fuel_neptunium:1, LEN-236 Oxide Fuel Pellet
nuclearcraft:fuel_neptunium:2, LEN-236 Nitride Fuel Pellet
nuclearcraft:fuel_neptunium:3, LEN-236-Zirconium Alloy Fuel Pellet
nuclearcraft:fuel_neptunium:4, HEN-236 TRISO Fuel Pebble
nuclearcraft:fuel_neptunium:5, HEN-236 Oxide Fuel Pellet
nuclearcraft:fuel_neptunium:6, HEN-236 Nitride Fuel Pellet
nuclearcraft:fuel_neptunium:7, HEN-236-Zirconium Alloy Fuel Pellet
nuclearcraft:fuel_plutonium:0, LEP-239 TRISO Fuel Pebble
nuclearcraft:fuel_plutonium:1, LEP-239 Oxide Fuel Pellet
nuclearcraft:fuel_plutonium:2, LEP-239 Nitride Fuel Pellet
nuclearcraft:fuel_plutonium:3, LEP-239-Zirconium Alloy Fuel Pellet
nuclearcraft:fuel_plutonium:4, HEP-239 TRISO Fuel Pebble
nuclearcraft:fuel_plutonium:5, HEP-239 Oxide Fuel Pellet
nuclearcraft:fuel_plutonium:6, HEP-239 Nitride Fuel Pellet
nuclearcraft:fuel_plutonium:7, HEP-239-Zirconium Alloy Fuel Pellet
nuclearcraft:fuel_plutonium:8, LEP-241 TRISO Fuel Pebble
nuclearcraft:fuel_plutonium:9, LEP-241 Oxide Fuel Pellet
nuclearcraft:fuel_plutonium:10, LEP-241 Nitride Fuel Pellet
nuclearcraft:fuel_plutonium:11, LEP-241-Zirconium Alloy Fuel Pellet
nuclearcraft:fuel_plutonium:12, HEP-241 TRISO Fuel Pebble
nuclearcraft:fuel_plutonium:13, HEP-241 Oxide Fuel Pellet
nuclearcraft:fuel_plutonium:14, HEP-241 Nitride Fuel Pellet
nuclearcraft:fuel_plutonium:15, HEP-241-Zirconium Alloy Fuel Pellet
nuclearcraft:fuel_mixed:0, MTRISO-239 Fuel Pebble
nuclearcraft:fuel_mixed:1, MOX-239 Fuel Pellet
nuclearcraft:fuel_mixed:2, MNI-239 Fuel Pellet
nuclearcraft:fuel_mixed:3, MZA-239 Fuel Pellet
nuclearcraft:fuel_mixed:4, MTRISO-241 Fuel Pebble
nuclearcraft:fuel_mixed:5, MOX-241 Fuel Pellet
nuclearcraft:fuel_mixed:6, MNI-241 Fuel Pellet
nuclearcraft:fuel_mixed:7, MZA-241 Fuel Pellet
nuclearcraft:fuel_americium:0, LEA-242 TRISO Fuel Pebble
nuclearcraft:fuel_americium:1, LEA-242 Oxide Fuel Pellet
nuclearcraft:fuel_americium:2, LEA-242 Nitride Fuel Pellet
nuclearcraft:fuel_americium:3, LEA-242-Zirconium Alloy Fuel Pellet
nuclearcraft:fuel_americium:4, HEA-242 TRISO Fuel Pebble
nuclearcraft:fuel_americium:5, HEA-242 Oxide Fuel Pellet
nuclearcraft:fuel_americium:6, HEA-242 Nitride Fuel Pellet
nuclearcraft:fuel_americium:7, HEA-242-Zirconium Alloy Fuel Pellet
nuclearcraft:fuel_curium:0, LECm-243 TRISO Fuel Pebble
nuclearcraft:fuel_curium:1, LECm-243 Oxide Fuel Pellet
nuclearcraft:fuel_curium:2, LECm-243 Nitride Fuel Pellet
nuclearcraft:fuel_curium:3, LECm-243-Zirconium Alloy Fuel Pellet
nuclearcraft:fuel_curium:4, HECm-243 TRISO Fuel Pebble
nuclearcraft:fuel_curium:5, HECm-243 Oxide Fuel Pellet
nuclearcraft:fuel_curium:6, HECm-243 Nitride Fuel Pellet
nuclearcraft:fuel_curium:7, HECm-243-Zirconium Alloy Fuel Pellet
nuclearcraft:fuel_curium:8, LECm-245 TRISO Fuel Pebble
nuclearcraft:fuel_curium:9, LECm-245 Oxide Fuel Pellet
nuclearcraft:fuel_curium:10, LECm-245 Nitride Fuel Pellet
nuclearcraft:fuel_curium:11, LECm-245-Zirconium Alloy Fuel Pellet
nuclearcraft:fuel_curium:12, HECm-245 TRISO Fuel Pebble
nuclearcraft:fuel_curium:13, HECm-245 Oxide Fuel Pellet
nuclearcraft:fuel_curium:14, HECm-245 Nitride Fuel Pellet
nuclearcraft:fuel_curium:15, HECm-245-Zirconium Alloy Fuel Pellet
nuclearcraft:fuel_curium:16, LECm-247 TRISO Fuel Pebble
nuclearcraft:fuel_curium:17, LECm-247 Oxide Fuel Pellet
nuclearcraft:fuel_curium:18, LECm-247 Nitride Fuel Pellet
nuclearcraft:fuel_curium:19, LECm-247-Zirconium Alloy Fuel Pellet
nuclearcraft:fuel_curium:20, HECm-247 TRISO Fuel Pebble
nuclearcraft:fuel_curium:21, HECm-247 Oxide Fuel Pellet
nuclearcraft:fuel_curium:22, HECm-247 Nitride Fuel Pellet
nuclearcraft:fuel_curium:23, HECm-247-Zirconium Alloy Fuel Pellet
nuclearcraft:fuel_berkelium:0, LEB-248 TRISO Fuel Pebble
nuclearcraft:fuel_berkelium:1, LEB-248 Oxide Fuel Pellet
nuclearcraft:fuel_berkelium:2, LEB-248 Nitride Fuel Pellet
nuclearcraft:fuel_berkelium:3, LEB-248-Zirconium Alloy Fuel Pellet
nuclearcraft:fuel_berkelium:4, HEB-248 TRISO Fuel Pebble
nuclearcraft:fuel_berkelium:5, HEB-248 Oxide Fuel Pellet
nuclearcraft:fuel_berkelium:6, HEB-248 Nitride Fuel Pellet
nuclearcraft:fuel_berkelium:7, HEB-248-Zirconium Alloy Fuel Pellet
nuclearcraft:fuel_californium:0, LECf-249 TRISO Fuel Pebble
nuclearcraft:fuel_californium:1, LECf-249 Oxide Fuel Pellet
nuclearcraft:fuel_californium:2, LECf-249 Nitride Fuel Pellet
nuclearcraft:fuel_californium:3, LECf-249-Zirconium Alloy Fuel Pellet
nuclearcraft:fuel_californium:4, HECf-249 TRISO Fuel Pebble
nuclearcraft:fuel_californium:5, HECf-249 Oxide Fuel Pellet
nuclearcraft:fuel_californium:6, HECf-249 Nitride Fuel Pellet
nuclearcraft:fuel_californium:7, HECf-249-Zirconium Alloy Fuel Pellet
nuclearcraft:fuel_californium:8, LECf-251 TRISO Fuel Pebble
nuclearcraft:fuel_californium:9, LECf-251 Oxide Fuel Pellet
nuclearcraft:fuel_californium:10, LECf-251 Nitride Fuel Pellet
nuclearcraft:fuel_californium:11, LECf-251-Zirconium Alloy Fuel Pellet
nuclearcraft:fuel_californium:12, HECf-251 TRISO Fuel Pebble
nuclearcraft:fuel_californium:13, HECf-251 Oxide Fuel Pellet
nuclearcraft:fuel_californium:14, HECf-251 Nitride Fuel Pellet
nuclearcraft:fuel_californium:15, HECf-251-Zirconium Alloy Fuel Pellet
nuclearcraft:depleted_fuel_thorium:0, Depleted TBU TRISO Fuel Pebble
nuclearcraft:depleted_fuel_thorium:1, Depleted TBU Oxide Fuel Pellet
nuclearcraft:depleted_fuel_thorium:2, Depleted TBU Nitride Fuel Pellet
nuclearcraft:depleted_fuel_thorium:3, Depleted TBU-Zirconium Alloy Fuel Pellet
nuclearcraft:depleted_fuel_uranium:0, Depleted LEU-233 TRISO Fuel Pebble
nuclearcraft:depleted_fuel_uranium:1, Depleted LEU-233 Oxide Fuel Pellet
nuclearcraft:depleted_fuel_uranium:2, Depleted LEU-233 Nitride Fuel Pellet
nuclearcraft:depleted_fuel_uranium:3, Depleted LEU-233-Zirconium Alloy Fuel Pellet
nuclearcraft:depleted_fuel_uranium:4, Depleted HEU-233 TRISO Fuel Pebble
nuclearcraft:depleted_fuel_uranium:5, Depleted HEU-233 Oxide Fuel Pellet
nuclearcraft:depleted_fuel_uranium:6, Depleted HEU-233 Nitride Fuel Pellet
nuclearcraft:depleted_fuel_uranium:7, Depleted HEU-233-Zirconium Alloy Fuel Pellet
nuclearcraft:depleted_fuel_uranium:8, Depleted LEU-235 TRISO Fuel Pebble
nuclearcraft:depleted_fuel_uranium:9, Depleted LEU-235 Oxide Fuel Pellet
nuclearcraft:depleted_fuel_uranium:10, Depleted LEU-235 Nitride Fuel Pellet
nuclearcraft:depleted_fuel_uranium:11, Depleted LEU-235-Zirconium Alloy Fuel Pellet
nuclearcraft:depleted_fuel_uranium:12, Depleted HEU-235 TRISO Fuel Pebble
nuclearcraft:depleted_fuel_uranium:13, Depleted HEU-235 Oxide Fuel Pellet
nuclearcraft:depleted_fuel_uranium:14, Depleted HEU-235 Nitride Fuel Pellet
nuclearcraft:depleted_fuel_uranium:15, Depleted HEU-235-Zirconium Alloy Fuel Pellet
nuclearcraft:depleted_fuel_neptunium:0, Depleted LEN-236 TRISO Fuel Pebble
nuclearcraft:depleted_fuel_neptunium:1, Depleted LEN-236 Oxide Fuel Pellet
nuclearcraft:depleted_fuel_neptunium:2, Depleted LEN-236 Nitride Fuel Pellet
nuclearcraft:depleted_fuel_neptunium:3, Depleted LEN-236-Zirconium Alloy Fuel Pellet
nuclearcraft:depleted_fuel_neptunium:4, Depleted HEN-236 TRISO Fuel Pebble
nuclearcraft:depleted_fuel_neptunium:5, Depleted HEN-236 Oxide Fuel Pellet
nuclearcraft:depleted_fuel_neptunium:6, Depleted HEN-236 Nitride Fuel Pellet
nuclearcraft:depleted_fuel_neptunium:7, Depleted HEN-236-Zirconium Alloy Fuel Pellet
nuclearcraft:depleted_fuel_plutonium:0, Depleted LEP-239 TRISO Fuel Pebble
nuclearcraft:depleted_fuel_plutonium:1, Depleted LEP-239 Oxide Fuel Pellet
nuclearcraft:depleted_fuel_plutonium:2, Depleted LEP-239 Nitride Fuel Pellet
nuclearcraft:depleted_fuel_plutonium:3, Depleted LEP-239-Zirconium Alloy Fuel Pellet
nuclearcraft:depleted_fuel_plutonium:4, Depleted HEP-239 TRISO Fuel Pebble
nuclearcraft:depleted_fuel_plutonium:5, Depleted HEP-239 Oxide Fuel Pellet
nuclearcraft:depleted_fuel_plutonium:6, Depleted HEP-239 Nitride Fuel Pellet
nuclearcraft:depleted_fuel_plutonium:7, Depleted HEP-239-Zirconium Alloy Fuel Pellet
nuclearcraft:depleted_fuel_plutonium:8, Depleted LEP-241 TRISO Fuel Pebble
nuclearcraft:depleted_fuel_plutonium:9, Depleted LEP-241 Oxide Fuel Pellet
nuclearcraft:depleted_fuel_plutonium:10, Depleted LEP-241 Nitride Fuel Pellet
nuclearcraft:depleted_fuel_plutonium:11, Depleted LEP-241-Zirconium Alloy Fuel Pellet
nuclearcraft:depleted_fuel_plutonium:12, Depleted HEP-241 TRISO Fuel Pebble
nuclearcraft:depleted_fuel_plutonium:13, Depleted HEP-241 Oxide Fuel Pellet
nuclearcraft:depleted_fuel_plutonium:14, Depleted HEP-241 Nitride Fuel Pellet
nuclearcraft:depleted_fuel_plutonium:15, Depleted HEP-241-Zirconium Alloy Fuel Pellet
nuclearcraft:depleted_fuel_mixed:0, Depleted MTRISO-239 Fuel Pebble
nuclearcraft:depleted_fuel_mixed:1, Depleted MOX-239 Fuel Pellet
nuclearcraft:depleted_fuel_mixed:2, Depleted MNI-239 Fuel Pellet
nuclearcraft:depleted_fuel_mixed:3, Depleted MZA-239 Fuel Pellet
nuclearcraft:depleted_fuel_mixed:4, Depleted MTRISO-241 Fuel Pebble
nuclearcraft:depleted_fuel_mixed:5, Depleted MOX-241 Fuel Pellet
nuclearcraft:depleted_fuel_mixed:6, Depleted MNI-241 Fuel Pellet
nuclearcraft:depleted_fuel_mixed:7, Depleted MZA-241 Fuel Pellet
nuclearcraft:depleted_fuel_americium:0, Depleted LEA-242 TRISO Fuel Pebble
nuclearcraft:depleted_fuel_americium:1, Depleted LEA-242 Oxide Fuel Pellet
nuclearcraft:depleted_fuel_americium:2, Depleted LEA-242 Nitride Fuel Pellet
nuclearcraft:depleted_fuel_americium:3, Depleted LEA-242-Zirconium Alloy Fuel Pellet
nuclearcraft:depleted_fuel_americium:4, Depleted HEA-242 TRISO Fuel Pebble
nuclearcraft:depleted_fuel_americium:5, Depleted HEA-242 Oxide Fuel Pellet
nuclearcraft:depleted_fuel_americium:6, Depleted HEA-242 Nitride Fuel Pellet
nuclearcraft:depleted_fuel_americium:7, Depleted HEA-242-Zirconium Alloy Fuel Pellet
nuclearcraft:depleted_fuel_curium:0, Depleted LECm-243 TRISO Fuel Pebble
nuclearcraft:depleted_fuel_curium:1, Depleted LECm-243 Oxide Fuel Pellet
nuclearcraft:depleted_fuel_curium:2, Depleted LECm-243 Nitride Fuel Pellet
nuclearcraft:depleted_fuel_curium:3, Depleted LECm-243-Zirconium Alloy Fuel Pellet
nuclearcraft:depleted_fuel_curium:4, Depleted HECm-243 TRISO Fuel Pebble
nuclearcraft:depleted_fuel_curium:5, Depleted HECm-243 Oxide Fuel Pellet
nuclearcraft:depleted_fuel_curium:6, Depleted HECm-243 Nitride Fuel Pellet
nuclearcraft:depleted_fuel_curium:7, Depleted HECm-243-Zirconium Alloy Fuel Pellet
nuclearcraft:depleted_fuel_curium:8, Depleted LECm-245 TRISO Fuel Pebble
nuclearcraft:depleted_fuel_curium:9, Depleted LECm-245 Oxide Fuel Pellet
nuclearcraft:depleted_fuel_curium:10, Depleted LECm-245 Nitride Fuel Pellet
nuclearcraft:depleted_fuel_curium:11, Depleted LECm-245-Zirconium Alloy Fuel Pellet
nuclearcraft:depleted_fuel_curium:12, Depleted HECm-245 TRISO Fuel Pebble
nuclearcraft:depleted_fuel_curium:13, Depleted HECm-245 Oxide Fuel Pellet
nuclearcraft:depleted_fuel_curium:14, Depleted HECm-245 Nitride Fuel Pellet
nuclearcraft:depleted_fuel_curium:15, Depleted HECm-245-Zirconium Alloy Fuel Pellet
nuclearcraft:depleted_fuel_curium:16, Depleted LECm-247 TRISO Fuel Pebble
nuclearcraft:depleted_fuel_curium:17, Depleted LECm-247 Oxide Fuel Pellet
nuclearcraft:depleted_fuel_curium:18, Depleted LECm-247 Nitride Fuel Pellet
nuclearcraft:depleted_fuel_curium:19, Depleted LECm-247-Zirconium Alloy Fuel Pellet
nuclearcraft:depleted_fuel_curium:20, Depleted HECm-247 TRISO Fuel Pebble
nuclearcraft:depleted_fuel_curium:21, Depleted HECm-247 Oxide Fuel Pellet
nuclearcraft:depleted_fuel_curium:22, Depleted HECm-247 Nitride Fuel Pellet
nuclearcraft:depleted_fuel_curium:23, Depleted HECm-247-Zirconium Alloy Fuel Pellet
nuclearcraft:depleted_fuel_berkelium:0, Depleted LEB-248 TRISO Fuel Pebble
nuclearcraft:depleted_fuel_berkelium:1, Depleted LEB-248 Oxide Fuel Pellet
nuclearcraft:depleted_fuel_berkelium:2, Depleted LEB-248 Nitride Fuel Pellet
nuclearcraft:depleted_fuel_berkelium:3, Depleted LEB-248-Zirconium Alloy Fuel Pellet
nuclearcraft:depleted_fuel_berkelium:4, Depleted HEB-248 TRISO Fuel Pebble
nuclearcraft:depleted_fuel_berkelium:5, Depleted HEB-248 Oxide Fuel Pellet
nuclearcraft:depleted_fuel_berkelium:6, Depleted HEB-248 Nitride Fuel Pellet
nuclearcraft:depleted_fuel_berkelium:7, Depleted HEB-248-Zirconium Alloy Fuel Pellet
nuclearcraft:depleted_fuel_californium:0, Depleted LECf-249 TRISO Fuel Pebble
nuclearcraft:depleted_fuel_californium:1, Depleted LECf-249 Oxide Fuel Pellet
nuclearcraft:depleted_fuel_californium:2, Depleted LECf-249 Nitride Fuel Pellet
nuclearcraft:depleted_fuel_californium:3, Depleted LECf-249-Zirconium Alloy Fuel Pellet
nuclearcraft:depleted_fuel_californium:4, Depleted HECf-249 TRISO Fuel Pebble
nuclearcraft:depleted_fuel_californium:5, Depleted HECf-249 Oxide Fuel Pellet
nuclearcraft:depleted_fuel_californium:6, Depleted HECf-249 Nitride Fuel Pellet
nuclearcraft:depleted_fuel_californium:7, Depleted HECf-249-Zirconium Alloy Fuel Pellet
nuclearcraft:depleted_fuel_californium:8, Depleted LECf-251 TRISO Fuel Pebble
nuclearcraft:depleted_fuel_californium:9, Depleted LECf-251 Oxide Fuel Pellet
nuclearcraft:depleted_fuel_californium:10, Depleted LECf-251 Nitride Fuel Pellet
nuclearcraft:depleted_fuel_californium:11, Depleted LECf-251-Zirconium Alloy Fuel Pellet
nuclearcraft:depleted_fuel_californium:12, Depleted HECf-251 TRISO Fuel Pebble
nuclearcraft:depleted_fuel_californium:13, Depleted HECf-251 Oxide Fuel Pellet
nuclearcraft:depleted_fuel_californium:14, Depleted HECf-251 Nitride Fuel Pellet
nuclearcraft:depleted_fuel_californium:15, Depleted HECf-251-Zirconium Alloy Fuel Pellet
nuclearcraft:depleted_fuel_ic2:0, Depleted Uranium Nuclear Fuel
nuclearcraft:depleted_fuel_ic2:1, Depleted MOX Nuclear Fuel
nuclearcraft:boron:0, Boron-10
nuclearcraft:boron:1, Boron-11
nuclearcraft:lithium:0, Lithium-6
nuclearcraft:lithium:1, Lithium-7
nuclearcraft:lithium_ion_cell, Lithium Ion Cell
nuclearcraft:multitool, Multitool
nuclearcraft:geiger_counter, Geiger Counter
nuclearcraft:rad_shielding:0, Light Radiation Shielding
nuclearcraft:rad_shielding:1, Medium Radiation Shielding
nuclearcraft:rad_shielding:2, Heavy Radiation Shielding
nuclearcraft:radiation_badge, Radiation Badge
nuclearcraft:radaway, RadAway
nuclearcraft:radaway_slow, Slow-Acting RadAway
nuclearcraft:rad_x, Rad-X
nuclearcraft:portable_ender_chest, Portable Ender Chest
nuclearcraft:dominos, Domino's Special
nuclearcraft:flour, Flour
nuclearcraft:graham_cracker, Graham Cracker
nuclearcraft:roasted_cocoa_beans, Roasted Cocoa Beans
nuclearcraft:ground_cocoa_nibs, Ground Cocoa Nibs
nuclearcraft:cocoa_butter, Solidified Cocoa Butter
nuclearcraft:cocoa_solids, Cocoa Solids
nuclearcraft:unsweetened_chocolate, Unsweetened Chocolate
nuclearcraft:dark_chocolate, Dark Chocolate
nuclearcraft:milk_chocolate, Milk Chocolate
nuclearcraft:gelatin, Gelatin
nuclearcraft:marshmallow, Marshmallow
nuclearcraft:smore, S'more S'mingot
nuclearcraft:moresmore, MoreS'more DoubleS'mingot
nuclearcraft:foursmore, FourS'more QuadS'mingot
nuclearcraft:pikelet, Pikelet
nuclearcraft:congress_tart, Congress Tart
nuclearcraft:ricecake, Ricecake
nuclearcraft:fish_and_ricecake, Fish and a Ricecake
nuclearcraft:fish_a_la_fred, Fish a la Fred
nuclearcraft:record_wanderer, Music Disc
nuclearcraft:record_end_of_the_world, Music Disc
nuclearcraft:record_money_for_nothing, Music Disc
nuclearcraft:record_hyperspace, Music Disc
nuclearcraft:sword_boron, Boron Sword
nuclearcraft:pickaxe_boron, Boron Pickaxe
nuclearcraft:shovel_boron, Boron Shovel
nuclearcraft:axe_boron, Boron Axe
nuclearcraft:hoe_boron, Boron Hoe
nuclearcraft:spaxelhoe_boron, Boron Spaxelhoe
nuclearcraft:sword_tough, Tough Alloy Sword
nuclearcraft:pickaxe_tough, Tough Alloy Pickaxe
nuclearcraft:shovel_tough, Tough Alloy Shovel
nuclearcraft:axe_tough, Tough Alloy Axe
nuclearcraft:hoe_tough, Tough Alloy Hoe
nuclearcraft:spaxelhoe_tough, Tough Alloy Spaxelhoe
nuclearcraft:sword_hard_carbon, Hard Carbon Sword
nuclearcraft:pickaxe_hard_carbon, Hard Carbon Pickaxe
nuclearcraft:shovel_hard_carbon, Hard Carbon Shovel
nuclearcraft:axe_hard_carbon, Hard Carbon Axe
nuclearcraft:hoe_hard_carbon, Hard Carbon Hoe
nuclearcraft:spaxelhoe_hard_carbon, Hard Carbon Spaxelhoe
nuclearcraft:sword_boron_nitride, Boron Nitride Sword
nuclearcraft:pickaxe_boron_nitride, Boron Nitride Pickaxe
nuclearcraft:shovel_boron_nitride, Boron Nitride Shovel
nuclearcraft:axe_boron_nitride, Boron Nitride Axe
nuclearcraft:hoe_boron_nitride, Boron Nitride Hoe
nuclearcraft:spaxelhoe_boron_nitride, Boron Nitride Spaxelhoe
nuclearcraft:helm_boron, Boron Helmet
nuclearcraft:chest_boron, Boron Chestplate
nuclearcraft:legs_boron, Boron Leggings
nuclearcraft:boots_boron, Boron Boots
nuclearcraft:helm_tough, Tough Alloy Helmet
nuclearcraft:chest_tough, Tough Alloy Chestplate
nuclearcraft:legs_tough, Tough Alloy Leggings
nuclearcraft:boots_tough, Tough Alloy Boots
nuclearcraft:helm_hard_carbon, Hard Carbon Helmet
nuclearcraft:chest_hard_carbon, Hard Carbon Chestplate
nuclearcraft:legs_hard_carbon, Hard Carbon Leggings
nuclearcraft:boots_hard_carbon, Hard Carbon Boots
nuclearcraft:helm_boron_nitride, Boron Nitride Helmet
nuclearcraft:chest_boron_nitride, Boron Nitride Chestplate
nuclearcraft:legs_boron_nitride, Boron Nitride Leggings
nuclearcraft:boots_boron_nitride, Boron Nitride Boots
nuclearcraft:helm_hazmat, Hazmat Suit Headwear
nuclearcraft:chest_hazmat, Hazmat Suit Chestpiece
nuclearcraft:legs_hazmat, Hazmat Suit Leggings
nuclearcraft:boots_hazmat, Hazmat Suit Boots
nuclearcraft:decay_neutron_collector, Decay Neutron Collector
nuclearcraft:fluid_oxygen, Oxygen
nuclearcraft:fluid_hydrogen, Hydrogen
nuclearcraft:fluid_deuterium, Deuterium
nuclearcraft:fluid_tritium, Tritium
nuclearcraft:fluid_helium_3, Helium-3
nuclearcraft:fluid_helium, Helium
nuclearcraft:fluid_boron_10, Molten Boron-10
nuclearcraft:fluid_boron_11, Molten Boron-11
nuclearcraft:fluid_lithium_6, Molten Lithium-6
nuclearcraft:fluid_lithium_7, Molten Lithium-7
nuclearcraft:fluid_steel, Molten Steel
nuclearcraft:fluid_ferroboron, Molten Ferroboron
nuclearcraft:fluid_tough, Molten Tough Alloy
nuclearcraft:fluid_hard_carbon, Molten Hard Carbon
nuclearcraft:fluid_hastelloy, Molten Hastelloy
nuclearcraft:fluid_nichrome, Molten Nichrome
nuclearcraft:fluid_beryllium, Molten Beryllium
nuclearcraft:fluid_zirconium, Molten Zirconium
nuclearcraft:fluid_manganese_dioxide, Molten Manganese Dioxide
nuclearcraft:fluid_sulfur, Molten Sulfur
nuclearcraft:fluid_barium, Molten Barium
nuclearcraft:fluid_barium_oxide, Molten Barium Oxide
nuclearcraft:fluid_nickel, Molten Nickel
nuclearcraft:fluid_nickel_oxide, Molten Nickel Oxide
nuclearcraft:fluid_palladium, Molten Palladium
nuclearcraft:fluid_chromium, Molten Chromium
nuclearcraft:fluid_holmium, Molten Holmium
nuclearcraft:fluid_dysprosium, Molten Dysprosium
nuclearcraft:fluid_gadolinium, Molten Gadolinium
nuclearcraft:fluid_liquid_helium, Liquid Helium
nuclearcraft:fluid_liquid_nitrogen, Liquid Nitrogen
nuclearcraft:fluid_le_water, Low Enriched Water
nuclearcraft:fluid_he_water, Highly Enriched Water
nuclearcraft:fluid_heavy_water, Heavy Water
nuclearcraft:fluid_hydrogen_peroxide, Hydrogen Peroxide
nuclearcraft:fluid_lead_platinum, Molten Lead Platinum
nuclearcraft:fluid_enderium, Molten Enderium
nuclearcraft:fluid_plasma, Plasma
nuclearcraft:fluid_ethanol, Ethanol
nuclearcraft:fluid_methanol, Methanol
nuclearcraft:fluid_benzene, Benzene
nuclearcraft:fluid_phenol, Phenol
nuclearcraft:fluid_fluorobenzene, Fluorobenzene
nuclearcraft:fluid_difluorobenzene, Difluorobenzene
nuclearcraft:fluid_dimethyldifluorosilane, Dimethyldifluorosilane
nuclearcraft:fluid_radaway, RadAway Fluid
nuclearcraft:fluid_radaway_slow, Slow-Acting RadAway Fluid
nuclearcraft:fluid_redstone_ethanol, Redstone-Infused Ethanol
nuclearcraft:fluid_nitrogen, Nitrogen
nuclearcraft:fluid_fluorine, Fluorine
nuclearcraft:fluid_methane, Methane
nuclearcraft:fluid_carbon_dioxide, Carbon Dioxide
nuclearcraft:fluid_carbon_monoxide, Carbon Monoxide
nuclearcraft:fluid_ethene, Ethylene
nuclearcraft:fluid_ethyne, Acetylene
nuclearcraft:fluid_fluoromethane, Fluoromethane
nuclearcraft:fluid_ammonia, Ammonia
nuclearcraft:fluid_oxygen_difluoride, Oxygen Difluoride
nuclearcraft:fluid_diborane, Diborane
nuclearcraft:fluid_sulfur_dioxide, Sulfur Dioxide
nuclearcraft:fluid_sulfur_trioxide, Sulfur Trioxide
nuclearcraft:fluid_sulfur_hexafluoride, Sulfur Hexafluoride
nuclearcraft:fluid_tetrafluoroethene, Tetrafluoroethylene
nuclearcraft:fluid_hydrogen_sulfide, Hydrogen Sulfide
nuclearcraft:fluid_depleted_hydrogen_sulfide, Depleted Hydrogen Sulfide
nuclearcraft:fluid_oxygen_hot, Hot Oxygen
nuclearcraft:fluid_hydrogen_hot, Hot Hydrogen
nuclearcraft:fluid_helium_hot, Hot Helium
nuclearcraft:fluid_nitrogen_hot, Hot Nitrogen
nuclearcraft:fluid_fluorine_hot, Hot Fluorine
nuclearcraft:fluid_methane_hot, Hot Methane
nuclearcraft:fluid_carbon_dioxide_hot, Hot Carbon Dioxide
nuclearcraft:fluid_carbon_monoxide_hot, Hot Carbon Monoxide
nuclearcraft:fluid_ethene_hot, Hot Ethylene
nuclearcraft:fluid_ethyne_hot, Hot Acetylene
nuclearcraft:fluid_fluoromethane_hot, Hot Fluoromethane
nuclearcraft:fluid_ammonia_hot, Hot Ammonia
nuclearcraft:fluid_diborane_hot, Hot Diborane
nuclearcraft:fluid_sulfur_dioxide_hot, Hot Sulfur Dioxide
nuclearcraft:fluid_sulfur_trioxide_hot, Hot Sulfur Trioxide
nuclearcraft:fluid_sulfur_hexafluoride_hot, Hot Sulfur Hexafluoride
nuclearcraft:fluid_oxygen_exhaust, Exhaust Oxygen
nuclearcraft:fluid_hydrogen_exhaust, Exhaust Hydrogen
nuclearcraft:fluid_helium_exhaust, Exhaust Helium
nuclearcraft:fluid_nitrogen_exhaust, Exhaust Nitrogen
nuclearcraft:fluid_fluorine_exhaust, Exhaust Fluorine
nuclearcraft:fluid_methane_exhaust, Exhaust Methane
nuclearcraft:fluid_carbon_dioxide_exhaust, Exhaust Carbon Dioxide
nuclearcraft:fluid_carbon_monoxide_exhaust, Exhaust Carbon Monoxide
nuclearcraft:fluid_ethene_exhaust, Exhaust Ethylene
nuclearcraft:fluid_ethyne_exhaust, Exhaust Acetylene
nuclearcraft:fluid_fluoromethane_exhaust, Exhaust Fluoromethane
nuclearcraft:fluid_ammonia_exhaust, Exhaust Ammonia
nuclearcraft:fluid_diborane_exhaust, Exhaust Diborane
nuclearcraft:fluid_sulfur_dioxide_exhaust, Exhaust Sulfur Dioxide
nuclearcraft:fluid_sulfur_trioxide_exhaust, Exhaust Sulfur Trioxide
nuclearcraft:fluid_sulfur_hexafluoride_exhaust, Exhaust Sulfur Hexafluoride
nuclearcraft:fluid_hydrofluoric_acid, Hydrofluoric Acid
nuclearcraft:fluid_boric_acid, Boric Acid
nuclearcraft:fluid_sulfuric_acid, Sulfuric Acid
nuclearcraft:fluid_orthosilicic_acid, Orthosilicic Acid
nuclearcraft:fluid_boron_nitride_solution, Boron Nitride Solution
nuclearcraft:fluid_fluorite_water, Fluorite Water
nuclearcraft:fluid_calcium_sulfate_solution, Calcium Sulfate Solution
nuclearcraft:fluid_sodium_fluoride_solution, Sodium Fluoride Solution
nuclearcraft:fluid_potassium_fluoride_solution, Potassium Fluoride Solution
nuclearcraft:fluid_sodium_hydroxide_solution, Sodium Hydroxide Solution
nuclearcraft:fluid_potassium_hydroxide_solution, Potassium Hydroxide Solution
nuclearcraft:fluid_borax_solution, Borax Solution
nuclearcraft:fluid_irradiated_borax_solution, Irradiated Borax Solution
nuclearcraft:fluid_ammonium_sulfate_solution, Ammonium Sulfate Solution
nuclearcraft:fluid_ammonium_bisulfate_solution, Ammonium Bisulfate Solution
nuclearcraft:fluid_ammonium_persulfate_solution, Ammonium Persulfate Solution
nuclearcraft:fluid_hydroquinone_solution, Hydroquinone Solution
nuclearcraft:fluid_sodium_hydroquinone_solution, Sodium Hydroquinone Solution
nuclearcraft:fluid_potassium_hydroquinone_solution, Potassium Hydroquinone Solution
nuclearcraft:fluid_dysprholminite_water, Dysprholminite Water
nuclearcraft:fluid_hodybeso_solution, Holmium Dysprosium Diberyllium Pentasulfate Solution
nuclearcraft:fluid_corium, Corium
nuclearcraft:fluid_ice, Crushed Ice
nuclearcraft:fluid_slurry_ice, Slurry Ice
nuclearcraft:fluid_chocolate_liquor, Chocolate Liquor
nuclearcraft:fluid_cocoa_butter, Cocoa Butter
nuclearcraft:fluid_unsweetened_chocolate, Molten Unsweetened Chocolate
nuclearcraft:fluid_dark_chocolate, Molten Dark Chocolate
nuclearcraft:fluid_milk_chocolate, Molten Milk Chocolate
nuclearcraft:fluid_sugar, Molten Sugar
nuclearcraft:fluid_gelatin, Molten Gelatin
nuclearcraft:fluid_hydrated_gelatin, Hydrated Gelatin
nuclearcraft:fluid_marshmallow, Liquid Marshmallow
nuclearcraft:fluid_milk, Milk
nuclearcraft:fluid_lif, Molten Lithium Fluoride
nuclearcraft:fluid_bef2, Molten Beryllium Fluoride
nuclearcraft:fluid_flibe, Molten FLiBe Salt Mixture
nuclearcraft:fluid_naoh, Molten Sodium Hydroxide
nuclearcraft:fluid_koh, Molten Potassium Hydroxide
nuclearcraft:fluid_barium_sulfide, Molten Barium Sulfide
nuclearcraft:fluid_bacro_nio, Molten Barium Nichromate Mixture
nuclearcraft:fluid_bacro, Molten Barium Chromite
nuclearcraft:fluid_baalo, Molten Barium Aluminate
nuclearcraft:fluid_aluminum_sulfide, Molten Aluminum Sulfide
nuclearcraft:fluid_nickel_sulfide, Molten Nickel Sulfide
nuclearcraft:fluid_dfdps, Molten Difluorodiphenyl Sulfone
nuclearcraft:fluid_polyphenylene_sulfide, Molten Polyphenylene Sulfide
nuclearcraft:fluid_polydimethylsilylene, Molten Polydimethylsilylene
nuclearcraft:fluid_polymethylsilylene_methylene, Molten Polymethylsilylene-Methylene
nuclearcraft:fluid_polyethersulfone, Molten Polyethersulfone
nuclearcraft:fluid_polytetrafluoroethene, Molten Polytetrafluoroethylene
nuclearcraft:fluid_high_pressure_steam, High Pressure Steam
nuclearcraft:fluid_exhaust_steam, Exhaust Steam
nuclearcraft:fluid_low_pressure_steam, Low Pressure Steam
nuclearcraft:fluid_low_quality_steam, Low Quality Steam
nuclearcraft:fluid_preheated_water, Preheated Water
nuclearcraft:fluid_condensate_water, Condensate Water
nuclearcraft:fluid_sodium, Molten Sodium
nuclearcraft:fluid_potassium, Molten Potassium
nuclearcraft:fluid_sodium_sulfide, Molten Sodium Sulfide
nuclearcraft:fluid_potassium_sulfide, Molten Potassium Sulfide
nuclearcraft:fluid_nak, Eutectic NaK Alloy
nuclearcraft:fluid_nak_hot, Hot Eutectic NaK Alloy
nuclearcraft:fluid_emergency_coolant, Emergency Coolant
nuclearcraft:fluid_emergency_coolant_heated, Heated Emergency Coolant
nuclearcraft:fluid_silicon, Molten Silicon
nuclearcraft:fluid_arsenic, Sublimated Arsenic
nuclearcraft:fluid_bas, Molten Boron Arsenide
nuclearcraft:fluid_sic_vapor, Sublimated Silicon Carbide
nuclearcraft:fluid_fso_vapor, Sulfate-Fluoride Vapor
nuclearcraft:fluid_hodybef_vapor, Holmium Dysprosium Diberyllium Dodecafluoride Vapor
nuclearcraft:fluid_alugentum, Molten Alugentum
nuclearcraft:fluid_alumina, Molten Alumina
nuclearcraft:fluid_strontium_90, Molten Strontium-90
nuclearcraft:fluid_molybdenum, Molten Molybdenum
nuclearcraft:fluid_ruthenium_106, Molten Ruthenium-106
nuclearcraft:fluid_caesium_137, Molten Caesium-137
nuclearcraft:fluid_promethium_147, Molten Promethium-147
nuclearcraft:fluid_europium_155, Molten Europium-155
nuclearcraft:fluid_soul, Concentrated Souls
nuclearcraft:fluid_mysterious_soul, Mysterious Souls
nuclearcraft:fluid_roentgen_josh, Roentgen Josh
ncsteamadditions:ingot_block:0, Zinc Block
ncsteamadditions:ore:0, Zinc Ore
ncsteamadditions:quantum_solar_panel, Quantum Solar Panel
ncsteamadditions:hyper_solar_panel, Hyper Solar Panel
ncsteamadditions:fusion_solar_panel, Fusion Solar Panel
ncsteamadditions:nova_solar_panel, Nova Solar Panel
ncsteamadditions:stellar_solar_array, Stellar Solar Panel
ncsteamadditions:photon_amplifier_panel, Photon Solar Panel
ncsteamadditions:nebula_solar_collector, Nebula Solar Panel
ncsteamadditions:graviton_solar_harvester, Graviton Solar Panel
ncsteamadditions:steam_boiler, Steam Boiler
ncsteamadditions:steam_crusher, Steam Crusher
ncsteamadditions:steam_transformer, Steam Transformer
ncsteamadditions:steam_fluid_transformer, Steam Fluid Transformer
ncsteamadditions:steam_compactor, Steam Compactor
ncsteamadditions:steam_washer, Steam Washer
ncsteamadditions:steam_turbine, Steam Turbine
ncsteamadditions:steam_blender, Steam Blender
ncsteamadditions:digital_transformer, Digital Transformer
ncsteamadditions:heat_exchanger, Heat Exchanger
ncsteamadditions:pipe, Fluid Pipe
ncsteamadditions:dummy, 
ncsteamadditions:ingot:0, Zinc Ingot
ncsteamadditions:dust:0, Zinc Dust
ncsteamadditions:dust:1, Uranium Oxide Dust
ncsteamadditions:copper_sheet, Copper Sheet
ncsteamadditions:compressed_coal, Compressed Coal
ncsteamadditions:copper_wire, Copper Wire
ncsteamadditions:core_of_transformation:0, Core of Transformation
ncsteamadditions:core_of_transformation:1, item.ncsteamadditions.core_of_transformation.uranium_oxide.name
opencomputers:adapter:0, Adapter
opencomputers:assembler:0, Electronics Assembler
opencomputers:cable:0, Cable
opencomputers:capacitor:0, Capacitor
opencomputers:case1:0, Computer Case (Tier 1)
opencomputers:case3:0, Computer Case (Tier 3)
opencomputers:case2:0, Computer Case (Tier 2)
opencomputers:chameliumblock:0, Block of Chamelium
opencomputers:charger:0, Charger
opencomputers:disassembler:0, Disassembler
opencomputers:diskdrive:0, Disk Drive
opencomputers:geolyzer:0, Geolyzer
opencomputers:hologram1:0, Hologram Projector (Tier 1)
opencomputers:hologram2:0, Hologram Projector (Tier 2)
opencomputers:keyboard:0, Keyboard
opencomputers:motionsensor:0, Motion Sensor
opencomputers:powerconverter:0, Power Converter
opencomputers:powerdistributor:0, Power Distributor
opencomputers:printer:0, 3D Printer
opencomputers:raid:0, Raid
opencomputers:redstone:0, Redstone I/O
opencomputers:relay:0, Relay
opencomputers:screen1:0, Screen (Tier 1)
opencomputers:screen3:0, Screen (Tier 3)
opencomputers:screen2:0, Screen (Tier 2)
opencomputers:rack:0, Rack
opencomputers:waypoint:0, Waypoint
opencomputers:casecreative:0, Computer Case (Creative)
opencomputers:microcontroller:0, Microcontroller
opencomputers:print:0, 3D Print
opencomputers:robotafterimage:0, Robot
opencomputers:robot:0, robot.name
opencomputers:endstone:0, End Stone
opencomputers:netsplitter:0, Net Splitter
opencomputers:transposer:0, Transposer
opencomputers:carpetedcapacitor:0, Carpeted Capacitor
opencomputers:material:1, Grog
opencomputers:material:10, Arithmetic Logic Unit (ALU)
opencomputers:material:15, Arrow Keys
opencomputers:material:14, Button Group
opencomputers:material:5, Card Base
opencomputers:material:28, Chamelium
opencomputers:material:3, Circuit Board
opencomputers:material:11, Control Unit (CU)
opencomputers:material:0, Cutting Wire
opencomputers:material:29, Diamond Chip
opencomputers:material:12, Disk Platter
opencomputers:material:23, Drone Case (Tier 1)
opencomputers:material:24, Drone Case (Tier 2)
opencomputers:material:25, Drone Case (Creative)
opencomputers:material:27, Ink Cartridge
opencomputers:material:26, Ink Cartridge (Empty)
opencomputers:material:13, Interweb
opencomputers:material:7, Microchip (Tier 1)
opencomputers:material:8, Microchip (Tier 2)
opencomputers:material:9, Microchip (Tier 3)
opencomputers:material:20, Microcontroller Case (Tier 1)
opencomputers:material:21, Microcontroller Case (Tier 2)
opencomputers:material:22, Microcontroller Case (Creative)
opencomputers:material:16, Numeric Keypad
opencomputers:material:4, Printed Circuit Board (PCB)
opencomputers:material:2, Raw Circuit Board
opencomputers:material:17, Tablet Case (Tier 1)
opencomputers:material:18, Tablet Case (Tier 2)
opencomputers:material:19, Tablet Case (Creative)
opencomputers:material:6, Transistor
opencomputers:tool:0, Analyzer
opencomputers:tool:1, Network Debugger
opencomputers:tool:4, OpenComputers Manual
opencomputers:tool:5, Nanomachines
opencomputers:tool:2, Remote Terminal
opencomputers:tool:3, Texture Picker
opencomputers:wrench, Scrench
opencomputers:hoverboots, Hover Boots
opencomputers:component:16, Accelerated Processing Unit (APU) (Tier 2)
opencomputers:component:17, Accelerated Processing Unit (APU) (Tier 3)
opencomputers:component:18, Accelerated Processing Unit (APU) (Creative)
opencomputers:component:3, Component Bus (Tier 1)
opencomputers:component:4, Component Bus (Tier 2)
opencomputers:component:5, Component Bus (Tier 3)
opencomputers:component:0, Central Processing Unit (CPU) (Tier 1)
opencomputers:component:1, Central Processing Unit (CPU) (Tier 2)
opencomputers:component:2, Central Processing Unit (CPU) (Tier 3)
opencomputers:component:20, Disk Drive
opencomputers:component:6, Memory (Tier 1)
opencomputers:component:7, Memory (Tier 1.5)
opencomputers:component:8, Memory (Tier 2)
opencomputers:component:9, Memory (Tier 2.5)
opencomputers:component:10, Memory (Tier 3)
opencomputers:component:11, Memory (Tier 3.5)
opencomputers:component:13, Server (Tier 1)
opencomputers:component:14, Server (Tier 2)
opencomputers:component:15, Server (Tier 3)
opencomputers:component:12, Server (Creative)
opencomputers:component:19, Terminal Server
opencomputers:card:10, Data Card (Tier 1)
opencomputers:card:11, Data Card (Tier 2)
opencomputers:card:12, Data Card (Tier 3)
opencomputers:card:0, Debug Card
opencomputers:card:1, Graphics Card (Tier 1)
opencomputers:card:2, Graphics Card (Tier 2)
opencomputers:card:3, Graphics Card (Tier 3)
opencomputers:card:8, Internet Card
opencomputers:card:9, Linked Card
opencomputers:card:6, Network Card
opencomputers:card:4, Redstone Card (Tier 1)
opencomputers:card:7, Wireless Network Card (Tier 2)
opencomputers:upgrade:32, Component Bus (Creative)
opencomputers:upgrade:0, Angel Upgrade
opencomputers:upgrade:1, Battery Upgrade (Tier 1)
opencomputers:upgrade:2, Battery Upgrade (Tier 2)
opencomputers:upgrade:3, Battery Upgrade (Tier 3)
opencomputers:upgrade:4, Chunkloader Upgrade
opencomputers:upgrade:5, Card Container (Tier 1)
opencomputers:upgrade:6, Card Container (Tier 2)
opencomputers:upgrade:7, Card Container (Tier 3)
opencomputers:upgrade:8, Upgrade Container (Tier 1)
opencomputers:upgrade:9, Upgrade Container (Tier 2)
opencomputers:upgrade:10, Upgrade Container (Tier 3)
opencomputers:upgrade:11, Crafting Upgrade
opencomputers:upgrade:12, Database Upgrade (Tier 1)
opencomputers:upgrade:13, Database Upgrade (Tier 2)
opencomputers:upgrade:14, Database Upgrade (Tier 3)
opencomputers:upgrade:15, Experience Upgrade
opencomputers:upgrade:16, Generator Upgrade
opencomputers:upgrade:27, Hover Upgrade (Tier 1)
opencomputers:upgrade:28, Hover Upgrade (Tier 2)
opencomputers:upgrade:17, Inventory Upgrade
opencomputers:upgrade:18, Inventory Controller Upgrade
opencomputers:upgrade:26, Leash Upgrade
opencomputers:upgrade:30, MFU
opencomputers:upgrade:19, Navigation Upgrade
opencomputers:upgrade:20, Piston Upgrade
opencomputers:upgrade:21, Sign I/O Upgrade
opencomputers:upgrade:22, Solar Generator Upgrade
opencomputers:upgrade:33, Sticky Piston Upgrade
opencomputers:upgrade:23, Tank Upgrade
opencomputers:upgrade:24, Tank Controller Upgrade
opencomputers:upgrade:25, Tractor Beam Upgrade
opencomputers:upgrade:29, Trading Upgrade
opencomputers:upgrade:31, Wireless Network Card (Tier 1)
opencomputers:storage:0, EEPROM
opencomputers:storage:1, Floppy Disk
opencomputers:storage:2, Hard Disk Drive (Tier 1) (1MB)
opencomputers:storage:3, Hard Disk Drive (Tier 2) (2MB)
opencomputers:storage:4, Hard Disk Drive (Tier 3) (4MB)
opencomputers:misc:1, Crecopter
opencomputers:misc:0, Microcontroller
opencomputers:misc:0, Creatix
opencomputers:misc:0, Tablet
opencomputers:misc:0, Hover Boots
opencomputers:misc:0, EEPROM (Lua BIOS)
opencomputers:misc:1, Floppy Disk
pressure:debugger, Pressure System Debugger
pressure:interface, Pressure System Interface
pressure:tank_wall, Tank Wall
pressure:fluid_interface, Fluid Interface
pressure:hand_pump, Hand Pump
pressure:canister:0, Canister - Water
pressure:canister:0, Canister - Lava
pressure:canister:0, Canister - Polluted Water
pressure:canister:0, Canister - Springwater
pressure:canister:0, Canister - Contaminated Water
pressure:canister:0, Canister - Molten Polonium
pressure:canister:0, Canister - Molten Lithium-6
pressure:canister:0, Canister - Molten Lithium-7
pressure:canister:0, Canister - Molten Boron-10
pressure:canister:0, Canister - Molten Boron-11
pressure:canister:0, Canister - Molten Au-198
pressure:canister:0, Canister - Steam
pressure:canister:0, Canister - Creosote Oil
pressure:canister:0, Canister - Liquifacted Coal
pressure:canister:0, Canister - Crude Oil
pressure:canister:0, Canister - Naphtha
pressure:canister:0, Canister - Refined Fuel
pressure:canister:0, Canister - Sap
pressure:canister:0, Canister - Syrup
pressure:canister:0, Canister - Resin
pressure:canister:0, Canister - Tree Oil
pressure:canister:0, Canister - Seed Oil
pressure:canister:0, Canister - Biocrude
pressure:canister:0, Canister - Grassoline
pressure:canister:0, Canister - Mushroom Stew
pressure:canister:0, Canister - Essence of Knowledge
pressure:canister:0, Canister - Potion
pressure:canister:0, Canister - Splash Potion
pressure:canister:0, Canister - Lingering Potion
pressure:canister:0, Canister - Destabilized Redstone
pressure:canister:0, Canister - Energized Glowstone
pressure:canister:0, Canister - Resonant Ender
pressure:canister:0, Canister - Blazing Pyrotheum
pressure:canister:0, Canister - Gelid Cryotheum
pressure:canister:0, Canister - Zephyrean Aerotheum
pressure:canister:0, Canister - Tectonic Petrotheum
pressure:canister:0, Canister - Primal Mana
pressure:canister:0, Canister - Oxygen
pressure:canister:0, Canister - Hydrogen
pressure:canister:0, Canister - Deuterium
pressure:canister:0, Canister - Tritium
pressure:canister:0, Canister - Helium-3
pressure:canister:0, Canister - Helium
pressure:canister:0, Canister - Molten Boron-10
pressure:canister:0, Canister - Molten Boron-11
pressure:canister:0, Canister - Molten Lithium-6
pressure:canister:0, Canister - Molten Lithium-7
pressure:canister:0, Canister - Molten Steel
pressure:canister:0, Canister - Molten Ferroboron
pressure:canister:0, Canister - Molten Tough Alloy
pressure:canister:0, Canister - Molten Hard Carbon
pressure:canister:0, Canister - Molten Hastelloy
pressure:canister:0, Canister - Molten Nichrome
pressure:canister:0, Canister - Molten Beryllium
pressure:canister:0, Canister - Molten Zirconium
pressure:canister:0, Canister - Molten Manganese Dioxide
pressure:canister:0, Canister - Molten Sulfur
pressure:canister:0, Canister - Molten Barium
pressure:canister:0, Canister - Molten Barium Oxide
pressure:canister:0, Canister - Molten Nickel
pressure:canister:0, Canister - Molten Nickel Oxide
pressure:canister:0, Canister - Molten Palladium
pressure:canister:0, Canister - Molten Chromium
pressure:canister:0, Canister - Molten Holmium
pressure:canister:0, Canister - Molten Dysprosium
pressure:canister:0, Canister - Molten Gadolinium
pressure:canister:0, Canister - Liquid Helium
pressure:canister:0, Canister - Liquid Nitrogen
pressure:canister:0, Canister - Low Enriched Water
pressure:canister:0, Canister - Highly Enriched Water
pressure:canister:0, Canister - Heavy Water
pressure:canister:0, Canister - Hydrogen Peroxide
pressure:canister:0, Canister - Molten Lead Platinum
pressure:canister:0, Canister - Molten Enderium
pressure:canister:0, Canister - Plasma
pressure:canister:0, Canister - Ethanol
pressure:canister:0, Canister - Methanol
pressure:canister:0, Canister - Benzene
pressure:canister:0, Canister - Phenol
pressure:canister:0, Canister - Fluorobenzene
pressure:canister:0, Canister - Difluorobenzene
pressure:canister:0, Canister - Dimethyldifluorosilane
pressure:canister:0, Canister - RadAway Fluid
pressure:canister:0, Canister - Slow-Acting RadAway Fluid
pressure:canister:0, Canister - Redstone-Infused Ethanol
pressure:canister:0, Canister - Nitrogen
pressure:canister:0, Canister - Fluorine
pressure:canister:0, Canister - Methane
pressure:canister:0, Canister - Carbon Dioxide
pressure:canister:0, Canister - Carbon Monoxide
pressure:canister:0, Canister - Ethylene
pressure:canister:0, Canister - Acetylene
pressure:canister:0, Canister - Fluoromethane
pressure:canister:0, Canister - Ammonia
pressure:canister:0, Canister - Oxygen Difluoride
pressure:canister:0, Canister - Diborane
pressure:canister:0, Canister - Sulfur Dioxide
pressure:canister:0, Canister - Sulfur Trioxide
pressure:canister:0, Canister - Sulfur Hexafluoride
pressure:canister:0, Canister - Tetrafluoroethylene
pressure:canister:0, Canister - Hydrogen Sulfide
pressure:canister:0, Canister - Depleted Hydrogen Sulfide
pressure:canister:0, Canister - Hot Oxygen
pressure:canister:0, Canister - Hot Hydrogen
pressure:canister:0, Canister - Hot Helium
pressure:canister:0, Canister - Hot Nitrogen
pressure:canister:0, Canister - Hot Fluorine
pressure:canister:0, Canister - Hot Methane
pressure:canister:0, Canister - Hot Carbon Dioxide
pressure:canister:0, Canister - Hot Carbon Monoxide
pressure:canister:0, Canister - Hot Ethylene
pressure:canister:0, Canister - Hot Acetylene
pressure:canister:0, Canister - Hot Fluoromethane
pressure:canister:0, Canister - Hot Ammonia
pressure:canister:0, Canister - Hot Diborane
pressure:canister:0, Canister - Hot Sulfur Dioxide
pressure:canister:0, Canister - Hot Sulfur Trioxide
pressure:canister:0, Canister - Hot Sulfur Hexafluoride
pressure:canister:0, Canister - Exhaust Oxygen
pressure:canister:0, Canister - Exhaust Hydrogen
pressure:canister:0, Canister - Exhaust Helium
pressure:canister:0, Canister - Exhaust Nitrogen
pressure:canister:0, Canister - Exhaust Fluorine
pressure:canister:0, Canister - Exhaust Methane
pressure:canister:0, Canister - Exhaust Carbon Dioxide
pressure:canister:0, Canister - Exhaust Carbon Monoxide
pressure:canister:0, Canister - Exhaust Ethylene
pressure:canister:0, Canister - Exhaust Acetylene
pressure:canister:0, Canister - Exhaust Fluoromethane
pressure:canister:0, Canister - Exhaust Ammonia
pressure:canister:0, Canister - Exhaust Diborane
pressure:canister:0, Canister - Exhaust Sulfur Dioxide
pressure:canister:0, Canister - Exhaust Sulfur Trioxide
pressure:canister:0, Canister - Exhaust Sulfur Hexafluoride
pressure:canister:0, Canister - Hydrofluoric Acid
pressure:canister:0, Canister - Boric Acid
pressure:canister:0, Canister - Sulfuric Acid
pressure:canister:0, Canister - Orthosilicic Acid
pressure:canister:0, Canister - Boron Nitride Solution
pressure:canister:0, Canister - Fluorite Water
pressure:canister:0, Canister - Calcium Sulfate Solution
pressure:canister:0, Canister - Sodium Fluoride Solution
pressure:canister:0, Canister - Potassium Fluoride Solution
pressure:canister:0, Canister - Sodium Hydroxide Solution
pressure:canister:0, Canister - Potassium Hydroxide Solution
pressure:canister:0, Canister - Borax Solution
pressure:canister:0, Canister - Irradiated Borax Solution
pressure:canister:0, Canister - Ammonium Sulfate Solution
pressure:canister:0, Canister - Ammonium Bisulfate Solution
pressure:canister:0, Canister - Ammonium Persulfate Solution
pressure:canister:0, Canister - Hydroquinone Solution
pressure:canister:0, Canister - Sodium Hydroquinone Solution
pressure:canister:0, Canister - Potassium Hydroquinone Solution
pressure:canister:0, Canister - Dysprholminite Water
pressure:canister:0, Canister - Holmium Dysprosium Diberyllium Pentasulfate Solution
pressure:canister:0, Canister - Corium
pressure:canister:0, Canister - Crushed Ice
pressure:canister:0, Canister - Slurry Ice
pressure:canister:0, Canister - Chocolate Liquor
pressure:canister:0, Canister - Cocoa Butter
pressure:canister:0, Canister - Molten Unsweetened Chocolate
pressure:canister:0, Canister - Molten Dark Chocolate
pressure:canister:0, Canister - Molten Milk Chocolate
pressure:canister:0, Canister - Molten Sugar
pressure:canister:0, Canister - Molten Gelatin
pressure:canister:0, Canister - Hydrated Gelatin
pressure:canister:0, Canister - Liquid Marshmallow
pressure:canister:0, Canister - Milk
pressure:canister:0, Canister - Molten Lithium Fluoride
pressure:canister:0, Canister - Molten Beryllium Fluoride
pressure:canister:0, Canister - Molten FLiBe Salt Mixture
pressure:canister:0, Canister - Molten Sodium Hydroxide
pressure:canister:0, Canister - Molten Potassium Hydroxide
pressure:canister:0, Canister - Molten Barium Sulfide
pressure:canister:0, Canister - Molten Barium Nichromate Mixture
pressure:canister:0, Canister - Molten Barium Chromite
pressure:canister:0, Canister - Molten Barium Aluminate
pressure:canister:0, Canister - Molten Aluminum Sulfide
pressure:canister:0, Canister - Molten Nickel Sulfide
pressure:canister:0, Canister - Molten Difluorodiphenyl Sulfone
pressure:canister:0, Canister - Molten Polyphenylene Sulfide
pressure:canister:0, Canister - Molten Polydimethylsilylene
pressure:canister:0, Canister - Molten Polymethylsilylene-Methylene
pressure:canister:0, Canister - Molten Polyethersulfone
pressure:canister:0, Canister - Molten Polytetrafluoroethylene
pressure:canister:0, Canister - High Pressure Steam
pressure:canister:0, Canister - Exhaust Steam
pressure:canister:0, Canister - Low Pressure Steam
pressure:canister:0, Canister - Low Quality Steam
pressure:canister:0, Canister - Preheated Water
pressure:canister:0, Canister - Condensate Water
pressure:canister:0, Canister - Molten Sodium
pressure:canister:0, Canister - Molten Potassium
pressure:canister:0, Canister - Molten Sodium Sulfide
pressure:canister:0, Canister - Molten Potassium Sulfide
pressure:canister:0, Canister - Eutectic NaK Alloy
pressure:canister:0, Canister - Hot Eutectic NaK Alloy
pressure:canister:0, Canister - Emergency Coolant
pressure:canister:0, Canister - Heated Emergency Coolant
pressure:canister:0, Canister - Molten Silicon
pressure:canister:0, Canister - Sublimated Arsenic
pressure:canister:0, Canister - Molten Boron Arsenide
pressure:canister:0, Canister - Sublimated Silicon Carbide
pressure:canister:0, Canister - Sulfate-Fluoride Vapor
pressure:canister:0, Canister - Holmium Dysprosium Diberyllium Dodecafluoride Vapor
pressure:canister:0, Canister - Molten Alugentum
pressure:canister:0, Canister - Molten Alumina
pressure:canister:0, Canister - Molten Strontium-90
pressure:canister:0, Canister - Molten Molybdenum
pressure:canister:0, Canister - Molten Ruthenium-106
pressure:canister:0, Canister - Molten Caesium-137
pressure:canister:0, Canister - Molten Promethium-147
pressure:canister:0, Canister - Molten Europium-155
pressure:canister:0, Canister - Concentrated Souls
pressure:canister:0, Canister - Mysterious Souls
pressure:canister:0, Canister - Roentgen Josh
pressure:canister:0, Canister - Molten Thorium
pressure:canister:0, Canister - Molten Uranium
pressure:canister:0, Canister - Molten Uranium-233
pressure:canister:0, Canister - Molten Uranium-235
pressure:canister:0, Canister - Molten Uranium-238
pressure:canister:0, Canister - Molten Neptunium-236
pressure:canister:0, Canister - Molten Neptunium-237
pressure:canister:0, Canister - Molten Plutonium-238
pressure:canister:0, Canister - Molten Plutonium-239
pressure:canister:0, Canister - Molten Plutonium-241
pressure:canister:0, Canister - Molten Plutonium-242
pressure:canister:0, Canister - Molten Americium-241
pressure:canister:0, Canister - Molten Americium-242
pressure:canister:0, Canister - Molten Americium-243
pressure:canister:0, Canister - Molten Curium-243
pressure:canister:0, Canister - Molten Curium-245
pressure:canister:0, Canister - Molten Curium-246
pressure:canister:0, Canister - Molten Curium-247
pressure:canister:0, Canister - Molten Berkelium-247
pressure:canister:0, Canister - Molten Berkelium-248
pressure:canister:0, Canister - Molten Californium-249
pressure:canister:0, Canister - Molten Californium-250
pressure:canister:0, Canister - Molten Californium-251
pressure:canister:0, Canister - Molten Californium-252
pressure:canister:0, Canister - Molten TBU
pressure:canister:0, Canister - Molten TBU Fluoride
pressure:canister:0, Canister - Molten FLiBe Salt Solution of TBU Fluoride Fuel
pressure:canister:0, Canister - Molten LEU-233
pressure:canister:0, Canister - Molten LEU-233 Fluoride
pressure:canister:0, Canister - Molten FLiBe Salt Solution of LEU-233 Fluoride Fuel
pressure:canister:0, Canister - Molten HEU-233
pressure:canister:0, Canister - Molten HEU-233 Fluoride
pressure:canister:0, Canister - Molten FLiBe Salt Solution of HEU-233 Fluoride Fuel
pressure:canister:0, Canister - Molten LEU-235
pressure:canister:0, Canister - Molten LEU-235 Fluoride
pressure:canister:0, Canister - Molten FLiBe Salt Solution of LEU-235 Fluoride Fuel
pressure:canister:0, Canister - Molten HEU-235
pressure:canister:0, Canister - Molten HEU-235 Fluoride
pressure:canister:0, Canister - Molten FLiBe Salt Solution of HEU-235 Fluoride Fuel
pressure:canister:0, Canister - Molten LEN-236
pressure:canister:0, Canister - Molten LEN-236 Fluoride
pressure:canister:0, Canister - Molten FLiBe Salt Solution of LEN-236 Fluoride Fuel
pressure:canister:0, Canister - Molten HEN-236
pressure:canister:0, Canister - Molten HEN-236 Fluoride
pressure:canister:0, Canister - Molten FLiBe Salt Solution of HEN-236 Fluoride Fuel
pressure:canister:0, Canister - Molten LEP-239
pressure:canister:0, Canister - Molten LEP-239 Fluoride
pressure:canister:0, Canister - Molten FLiBe Salt Solution of LEP-239 Fluoride Fuel
pressure:canister:0, Canister - Molten HEP-239
pressure:canister:0, Canister - Molten HEP-239 Fluoride
pressure:canister:0, Canister - Molten FLiBe Salt Solution of HEP-239 Fluoride Fuel
pressure:canister:0, Canister - Molten LEP-241
pressure:canister:0, Canister - Molten LEP-241 Fluoride
pressure:canister:0, Canister - Molten FLiBe Salt Solution of LEP-241 Fluoride Fuel
pressure:canister:0, Canister - Molten HEP-241
pressure:canister:0, Canister - Molten HEP-241 Fluoride
pressure:canister:0, Canister - Molten FLiBe Salt Solution of HEP-241 Fluoride Fuel
pressure:canister:0, Canister - Molten MIX-239
pressure:canister:0, Canister - Molten MF4-239
pressure:canister:0, Canister - Molten FLiBe Salt Solution of MF4-239 Fuel
pressure:canister:0, Canister - Molten MIX-241
pressure:canister:0, Canister - Molten MF4-241
pressure:canister:0, Canister - Molten FLiBe Salt Solution of MF4-241 Fuel
pressure:canister:0, Canister - Molten LEA-242
pressure:canister:0, Canister - Molten LEA-242 Fluoride
pressure:canister:0, Canister - Molten FLiBe Salt Solution of LEA-242 Fluoride Fuel
pressure:canister:0, Canister - Molten HEA-242
pressure:canister:0, Canister - Molten HEA-242 Fluoride
pressure:canister:0, Canister - Molten FLiBe Salt Solution of HEA-242 Fluoride Fuel
pressure:canister:0, Canister - Molten LECm-243
pressure:canister:0, Canister - Molten LECm-243 Fluoride
pressure:canister:0, Canister - Molten FLiBe Salt Solution of LECm-243 Fluoride Fuel
pressure:canister:0, Canister - Molten HECm-243
pressure:canister:0, Canister - Molten HECm-243 Fluoride
pressure:canister:0, Canister - Molten FLiBe Salt Solution of HECm-243 Fluoride Fuel
pressure:canister:0, Canister - Molten LECm-245
pressure:canister:0, Canister - Molten LECm-245 Fluoride
pressure:canister:0, Canister - Molten FLiBe Salt Solution of LECm-245 Fluoride Fuel
pressure:canister:0, Canister - Molten HECm-245
pressure:canister:0, Canister - Molten HECm-245 Fluoride
pressure:canister:0, Canister - Molten FLiBe Salt Solution of HECm-245 Fluoride Fuel
pressure:canister:0, Canister - Molten LECm-247
pressure:canister:0, Canister - Molten LECm-247 Fluoride
pressure:canister:0, Canister - Molten FLiBe Salt Solution of LECm-247 Fluoride Fuel
pressure:canister:0, Canister - Molten HECm-247
pressure:canister:0, Canister - Molten HECm-247 Fluoride
pressure:canister:0, Canister - Molten FLiBe Salt Solution of HECm-247 Fluoride Fuel
pressure:canister:0, Canister - Molten LEB-248
pressure:canister:0, Canister - Molten LEB-248 Fluoride
pressure:canister:0, Canister - Molten FLiBe Salt Solution of LEB-248 Fluoride Fuel
pressure:canister:0, Canister - Molten HEB-248
pressure:canister:0, Canister - Molten HEB-248 Fluoride
pressure:canister:0, Canister - Molten FLiBe Salt Solution of HEB-248 Fluoride Fuel
pressure:canister:0, Canister - Molten LECf-249
pressure:canister:0, Canister - Molten LECf-249 Fluoride
pressure:canister:0, Canister - Molten FLiBe Salt Solution of LECf-249 Fluoride Fuel
pressure:canister:0, Canister - Molten HECf-249
pressure:canister:0, Canister - Molten HECf-249 Fluoride
pressure:canister:0, Canister - Molten FLiBe Salt Solution of HECf-249 Fluoride Fuel
pressure:canister:0, Canister - Molten LECf-251
pressure:canister:0, Canister - Molten LECf-251 Fluoride
pressure:canister:0, Canister - Molten FLiBe Salt Solution of LECf-251 Fluoride Fuel
pressure:canister:0, Canister - Molten HECf-251
pressure:canister:0, Canister - Molten HECf-251 Fluoride
pressure:canister:0, Canister - Molten FLiBe Salt Solution of HECf-251 Fluoride Fuel
pressure:canister:0, Canister - Molten Depleted TBU
pressure:canister:0, Canister - Molten Depleted TBU Fluoride
pressure:canister:0, Canister - Molten FLiBe Salt Solution of Depleted TBU Fluoride Fuel
pressure:canister:0, Canister - Molten Depleted LEU-233
pressure:canister:0, Canister - Molten Depleted LEU-233 Fluoride
pressure:canister:0, Canister - Molten FLiBe Salt Solution of Depleted LEU-233 Fluoride Fuel
pressure:canister:0, Canister - Molten Depleted HEU-233
pressure:canister:0, Canister - Molten Depleted HEU-233 Fluoride
pressure:canister:0, Canister - Molten FLiBe Salt Solution of Depleted HEU-233 Fluoride Fuel
pressure:canister:0, Canister - Molten Depleted LEU-235
pressure:canister:0, Canister - Molten Depleted LEU-235 Fluoride
pressure:canister:0, Canister - Molten FLiBe Salt Solution of Depleted LEU-235 Fluoride Fuel
pressure:canister:0, Canister - Molten Depleted HEU-235
pressure:canister:0, Canister - Molten Depleted HEU-235 Fluoride
pressure:canister:0, Canister - Molten FLiBe Salt Solution of Depleted HEU-235 Fluoride Fuel
pressure:canister:0, Canister - Molten Depleted LEN-236
pressure:canister:0, Canister - Molten Depleted LEN-236 Fluoride
pressure:canister:0, Canister - Molten FLiBe Salt Solution of Depleted LEN-236 Fluoride Fuel
pressure:canister:0, Canister - Molten Depleted HEN-236
pressure:canister:0, Canister - Molten Depleted HEN-236 Fluoride
pressure:canister:0, Canister - Molten FLiBe Salt Solution of Depleted HEN-236 Fluoride Fuel
pressure:canister:0, Canister - Molten Depleted LEP-239
pressure:canister:0, Canister - Molten Depleted LEP-239 Fluoride
pressure:canister:0, Canister - Molten FLiBe Salt Solution of Depleted LEP-239 Fluoride Fuel
pressure:canister:0, Canister - Molten Depleted HEP-239
pressure:canister:0, Canister - Molten Depleted HEP-239 Fluoride
pressure:canister:0, Canister - Molten FLiBe Salt Solution of Depleted HEP-239 Fluoride Fuel
pressure:canister:0, Canister - Molten Depleted LEP-241
pressure:canister:0, Canister - Molten Depleted LEP-241 Fluoride
pressure:canister:0, Canister - Molten FLiBe Salt Solution of Depleted LEP-241 Fluoride Fuel
pressure:canister:0, Canister - Molten Depleted HEP-241
pressure:canister:0, Canister - Molten Depleted HEP-241 Fluoride
pressure:canister:0, Canister - Molten FLiBe Salt Solution of Depleted HEP-241 Fluoride Fuel
pressure:canister:0, Canister - Molten Depleted MIX-239
pressure:canister:0, Canister - Molten Depleted MF4-239
pressure:canister:0, Canister - Molten FLiBe Salt Solution of Depleted MF4-239 Fuel
pressure:canister:0, Canister - Molten Depleted MIX-241
pressure:canister:0, Canister - Molten Depleted MF4-241
pressure:canister:0, Canister - Molten FLiBe Salt Solution of Depleted MF4-241 Fuel
pressure:canister:0, Canister - Molten Depleted LEA-242
pressure:canister:0, Canister - Molten Depleted LEA-242 Fluoride
pressure:canister:0, Canister - Molten FLiBe Salt Solution of Depleted LEA-242 Fluoride Fuel
pressure:canister:0, Canister - Molten Depleted HEA-242
pressure:canister:0, Canister - Molten Depleted HEA-242 Fluoride
pressure:canister:0, Canister - Molten FLiBe Salt Solution of Depleted HEA-242 Fluoride Fuel
pressure:canister:0, Canister - Molten Depleted LECm-243
pressure:canister:0, Canister - Molten Depleted LECm-243 Fluoride
pressure:canister:0, Canister - Molten FLiBe Salt Solution of Depleted LECm-243 Fluoride Fuel
pressure:canister:0, Canister - Molten Depleted HECm-243
pressure:canister:0, Canister - Molten Depleted HECm-243 Fluoride
pressure:canister:0, Canister - Molten FLiBe Salt Solution of Depleted HECm-243 Fluoride Fuel
pressure:canister:0, Canister - Molten Depleted LECm-245
pressure:canister:0, Canister - Molten Depleted LECm-245 Fluoride
pressure:canister:0, Canister - Molten FLiBe Salt Solution of Depleted LECm-245 Fluoride Fuel
pressure:canister:0, Canister - Molten Depleted HECm-245
pressure:canister:0, Canister - Molten Depleted HECm-245 Fluoride
pressure:canister:0, Canister - Molten FLiBe Salt Solution of Depleted HECm-245 Fluoride Fuel
pressure:canister:0, Canister - Molten Depleted LECm-247
pressure:canister:0, Canister - Molten Depleted LECm-247 Fluoride
pressure:canister:0, Canister - Molten FLiBe Salt Solution of Depleted LECm-247 Fluoride Fuel
pressure:canister:0, Canister - Molten Depleted HECm-247
pressure:canister:0, Canister - Molten Depleted HECm-247 Fluoride
pressure:canister:0, Canister - Molten FLiBe Salt Solution of Depleted HECm-247 Fluoride Fuel
pressure:canister:0, Canister - Molten Depleted LEB-248
pressure:canister:0, Canister - Molten Depleted LEB-248 Fluoride
pressure:canister:0, Canister - Molten FLiBe Salt Solution of Depleted LEB-248 Fluoride Fuel
pressure:canister:0, Canister - Molten Depleted HEB-248
pressure:canister:0, Canister - Molten Depleted HEB-248 Fluoride
pressure:canister:0, Canister - Molten FLiBe Salt Solution of Depleted HEB-248 Fluoride Fuel
pressure:canister:0, Canister - Molten Depleted LECf-249
pressure:canister:0, Canister - Molten Depleted LECf-249 Fluoride
pressure:canister:0, Canister - Molten FLiBe Salt Solution of Depleted LECf-249 Fluoride Fuel
pressure:canister:0, Canister - Molten Depleted HECf-249
pressure:canister:0, Canister - Molten Depleted HECf-249 Fluoride
pressure:canister:0, Canister - Molten FLiBe Salt Solution of Depleted HECf-249 Fluoride Fuel
pressure:canister:0, Canister - Molten Depleted LECf-251
pressure:canister:0, Canister - Molten Depleted LECf-251 Fluoride
pressure:canister:0, Canister - Molten FLiBe Salt Solution of Depleted LECf-251 Fluoride Fuel
pressure:canister:0, Canister - Molten Depleted HECf-251
pressure:canister:0, Canister - Molten Depleted HECf-251 Fluoride
pressure:canister:0, Canister - Molten FLiBe Salt Solution of Depleted HECf-251 Fluoride Fuel
pressure:canister:0, Canister - Molten Iron
pressure:canister:0, Canister - Eutectic NaK-Iron Mixture
pressure:canister:0, Canister - Hot Eutectic NaK-Iron Mixture
pressure:canister:0, Canister - Eutectic NaK-Redstone Mixture
pressure:canister:0, Canister - Hot Eutectic NaK-Redstone Mixture
pressure:canister:0, Canister - Molten Quartz
pressure:canister:0, Canister - Eutectic NaK-Quartz Mixture
pressure:canister:0, Canister - Hot Eutectic NaK-Quartz Mixture
pressure:canister:0, Canister - Molten Obsidian
pressure:canister:0, Canister - Eutectic NaK-Obsidian Mixture
pressure:canister:0, Canister - Hot Eutectic NaK-Obsidian Mixture
pressure:canister:0, Canister - Molten Nether Brick
pressure:canister:0, Canister - Eutectic NaK-Nether Brick Mixture
pressure:canister:0, Canister - Hot Eutectic NaK-Nether Brick Mixture
pressure:canister:0, Canister - Eutectic NaK-Glowstone Mixture
pressure:canister:0, Canister - Hot Eutectic NaK-Glowstone Mixture
pressure:canister:0, Canister - Molten Lapis
pressure:canister:0, Canister - Eutectic NaK-Lapis Mixture
pressure:canister:0, Canister - Hot Eutectic NaK-Lapis Mixture
pressure:canister:0, Canister - Molten Gold
pressure:canister:0, Canister - Eutectic NaK-Gold Mixture
pressure:canister:0, Canister - Hot Eutectic NaK-Gold Mixture
pressure:canister:0, Canister - Molten Prismarine
pressure:canister:0, Canister - Eutectic NaK-Prismarine Mixture
pressure:canister:0, Canister - Hot Eutectic NaK-Prismarine Mixture
pressure:canister:0, Canister - Molten Slime
pressure:canister:0, Canister - Eutectic NaK-Slime Mixture
pressure:canister:0, Canister - Hot Eutectic NaK-Slime Mixture
pressure:canister:0, Canister - Molten End Stone
pressure:canister:0, Canister - Eutectic NaK-End Stone Mixture
pressure:canister:0, Canister - Hot Eutectic NaK-End Stone Mixture
pressure:canister:0, Canister - Molten Purpur
pressure:canister:0, Canister - Eutectic NaK-Purpur Mixture
pressure:canister:0, Canister - Hot Eutectic NaK-Purpur Mixture
pressure:canister:0, Canister - Molten Diamond
pressure:canister:0, Canister - Eutectic NaK-Diamond Mixture
pressure:canister:0, Canister - Hot Eutectic NaK-Diamond Mixture
pressure:canister:0, Canister - Molten Emerald
pressure:canister:0, Canister - Eutectic NaK-Emerald Mixture
pressure:canister:0, Canister - Hot Eutectic NaK-Emerald Mixture
pressure:canister:0, Canister - Molten Copper
pressure:canister:0, Canister - Eutectic NaK-Copper Mixture
pressure:canister:0, Canister - Hot Eutectic NaK-Copper Mixture
pressure:canister:0, Canister - Molten Tin
pressure:canister:0, Canister - Eutectic NaK-Tin Mixture
pressure:canister:0, Canister - Hot Eutectic NaK-Tin Mixture
pressure:canister:0, Canister - Molten Lead
pressure:canister:0, Canister - Eutectic NaK-Lead Mixture
pressure:canister:0, Canister - Hot Eutectic NaK-Lead Mixture
pressure:canister:0, Canister - Molten Boron
pressure:canister:0, Canister - Eutectic NaK-Boron Mixture
pressure:canister:0, Canister - Hot Eutectic NaK-Boron Mixture
pressure:canister:0, Canister - Molten Lithium
pressure:canister:0, Canister - Eutectic NaK-Lithium Mixture
pressure:canister:0, Canister - Hot Eutectic NaK-Lithium Mixture
pressure:canister:0, Canister - Molten Magnesium
pressure:canister:0, Canister - Eutectic NaK-Magnesium Mixture
pressure:canister:0, Canister - Hot Eutectic NaK-Magnesium Mixture
pressure:canister:0, Canister - Molten Manganese
pressure:canister:0, Canister - Eutectic NaK-Manganese Mixture
pressure:canister:0, Canister - Hot Eutectic NaK-Manganese Mixture
pressure:canister:0, Canister - Molten Aluminum
pressure:canister:0, Canister - Eutectic NaK-Aluminum Mixture
pressure:canister:0, Canister - Hot Eutectic NaK-Aluminum Mixture
pressure:canister:0, Canister - Molten Silver
pressure:canister:0, Canister - Eutectic NaK-Silver Mixture
pressure:canister:0, Canister - Hot Eutectic NaK-Silver Mixture
pressure:canister:0, Canister - Molten Fluorite
pressure:canister:0, Canister - Eutectic NaK-Fluorite Mixture
pressure:canister:0, Canister - Hot Eutectic NaK-Fluorite Mixture
pressure:canister:0, Canister - Molten Villiaumite
pressure:canister:0, Canister - Eutectic NaK-Villiaumite Mixture
pressure:canister:0, Canister - Hot Eutectic NaK-Villiaumite Mixture
pressure:canister:0, Canister - Molten Carobbiite
pressure:canister:0, Canister - Eutectic NaK-Carobbiite Mixture
pressure:canister:0, Canister - Hot Eutectic NaK-Carobbiite Mixture
pressure:canister:0, Canister - Eutectic NaK-Arsenic Mixture
pressure:canister:0, Canister - Hot Eutectic NaK-Arsenic Mixture
pressure:canister:0, Canister - Eutectic NaK-Nitrogen Mixture
pressure:canister:0, Canister - Hot Eutectic NaK-Nitrogen Mixture
pressure:canister:0, Canister - Eutectic NaK-Helium Mixture
pressure:canister:0, Canister - Hot Eutectic NaK-Helium Mixture
pressure:canister:0, Canister - Eutectic NaK-Enderium Mixture
pressure:canister:0, Canister - Hot Eutectic NaK-Enderium Mixture
pressure:canister:0, Canister - Eutectic NaK-Cryotheum Mixture
pressure:canister:0, Canister - Hot Eutectic NaK-Cryotheum Mixture
pressure:canister:0, Canister - hbmfluid.toxic_fluid
pressure:canister:0, Canister - hbmfluid.mud_fluid
pressure:canister:0, Canister - hbmfluid.acid_fluid
pressure:canister:0, Canister - hbmfluid.schrabidic_fluid
pressure:canister:0, Canister - hbmfluid.corium_fluid
pressure:canister:0, Canister - hbmfluid.volcanic_lava_fluid
pressure:canister:0, Canister - hbmfluid.rad_lava_fluid
pressure:canister:0, Canister - Uranium Oxide
pressure:canister:0, Canister - Uranium Hexafluoride
pressure:canister:0, Canister - Hydrochloric Acid
pressure:canister:0, Canister - Nitric Acid
pressure:canister:0, Canister - Sodium Chloride Solution
pressure:canister:0, Canister - Sodium Nitrate Solution
pressure:canister:0, Canister - Lead Nitrate Solution
pressure:canister:0, Canister - Sodium Tungstate Solution
pressure:canister:0, Canister - Lead Tungstate Solution
pressure:canister:0, Canister - Salt Water
pressure:canister:0, Canister - Liquid Hydrogen
pressure:canister:0, Canister - Liquid Argon
pressure:canister:0, Canister - Liquid Neon
pressure:canister:0, Canister - Liquid Oxygen
pressure:canister:0, Canister - Liquid Air
pressure:canister:0, Canister - Mercury
pressure:canister:0, Canister - Hot Mercury
pressure:canister:0, Canister - Liquid Iodine
pressure:canister:0, Canister - Argon
pressure:canister:0, Canister - Neon
pressure:canister:0, Canister - Chlorine
pressure:canister:0, Canister - Nitric Oxide
pressure:canister:0, Canister - Nitrogen Dioxide
pressure:canister:0, Canister - Compressed Air
pressure:canister:0, Canister - Molten Yttrium Aluminum Garnet
pressure:canister:0, Canister - Molten Neodymium Doped YAG
pressure:canister:0, Canister - Molten Tungsten
pressure:canister:0, Canister - Molten Niobium
pressure:canister:0, Canister - Molten Titanium
pressure:canister:0, Canister - Molten Cobalt
pressure:canister:0, Canister - Molten Hafnium
pressure:canister:0, Canister - Molten Zinc
pressure:canister:0, Canister - Molten Osmium
pressure:canister:0, Canister - Molten Iridium
pressure:canister:0, Canister - Molten Platinum
pressure:canister:0, Canister - Molten Calcium
pressure:canister:0, Canister - Molten Strontium
pressure:canister:0, Canister - Molten Yttrium
pressure:canister:0, Canister - Molten Neodymium
pressure:canister:0, Canister - Molten Samarium
pressure:canister:0, Canister - Molten Terbium
pressure:canister:0, Canister - Molten Erbium
pressure:canister:0, Canister - Molten Ytterbium
pressure:canister:0, Canister - Molten Bismuth
pressure:canister:0, Canister - Molten Radium
pressure:canister:0, Canister - Molten Sodium Chloride
pressure:canister:0, Canister - Sublimated Carbon
pressure:canister:0, Canister - High Pressure Mercury
pressure:canister:0, Canister - Exhaust Mercury
pressure:canister:0, Canister - Anti-Hydrogen
pressure:canister:0, Canister - Anti-Deuterium
pressure:canister:0, Canister - Anti-Tritium
pressure:canister:0, Canister - Anti-Helium-3
pressure:canister:0, Canister - Anti-Helium
pressure:canister:0, Canister - Positronium
pressure:canister:0, Canister - Muonium
pressure:canister:0, Canister - Tauonium
pressure:canister:0, Canister - Glueballs
pressure:canister:0, Canister - Molten TNT
pressure:canister:0, Canister - Molten Baratol
pressure:canister:0, Canister - Witherite Water
pressure:canister:0, Canister - Barium Nitrate Solution
pressure:canister:0, Canister - Deuterium-Tritium Mixture
pressure:canister:0, Canister - Rocket Fuel
pressure:canister:0, Canister - Enriched Lava
pressure:configurator, Fluid Filter Configurator
pressure:pipe, High Pressure Pipe
pressure:check_valve, High Pressure Check Valve
pressure:pipe_sensor, High Pressure Pipe Sensor
pressure:pump, High Pressure Pump
pressure:output, High Pressure Output
pressure:input, High Pressure Input
pressure:water_source, Infinite Water Source
pressure:creative_source, Creative Fluid Source
pressure:drain, Fluid Drain
pressure:sluice, Sluice
pressure:tank_controller, Tank Controller
pressure:router, High Pressure Router
pressure:tank_block, Tank Block
pressure:tank_indicator, Tank Indicator Block
pressure:tank_fluid_output, Tank Fluid Outlet
pressure:tank_fluid_output_auto, Powered Tank Fluid Outlet
pressure:tank_fluid_input, Tank Fluid Intake
pressure:tank_fluid_access, Tank Access Port
pressure:tank_pressure_output, Tank Pressure Outlet
pressure:tank_pressure_input, Tank Pressure Intake
pressure:tank_interface, Tank Interface
pressure:tank_filter, Tank Fluid Filter
pressure:tank_sensor, Tank Sensor
pressure:tank_data_port, Tank Data Port
qmd:beamline, Beamline Pipe
qmd:linear_accelerator_controller, Linear Accelerator Controller
qmd:ring_accelerator_controller, Synchrotron Accelerator Controller
qmd:accelerator_beam, Accelerator Beam Block
qmd:accelerator_casing, Accelerator Casing
qmd:accelerator_computer_port, Accelerator Computer Port
qmd:accelerator_redstone_port, Accelerator Redstone Port
qmd:accelerator_port, Accelerator Ion Source Port
qmd:accelerator_glass, Accelerator Glass
qmd:accelerator_vent, Accelerator Coolant Vent
qmd:accelerator_beam_port, Accelerator Beam Port
qmd:accelerator_synchrotron_port, Accelerator Synchrotron Port
qmd:accelerator_cavity:0, Copper RF Cavity
qmd:accelerator_cavity:1, Magnesium Diboride RF Cavity
qmd:accelerator_cavity:2, Niobium-Tin RF Cavity
qmd:accelerator_cavity:3, Niobium-Titanium RF Cavity
qmd:accelerator_cavity:4, BSCCO RF Cavity
qmd:accelerator_cavity:5, Aluminum RF Cavity
qmd:accelerator_cavity:6, SSFAF RF Cavity
qmd:accelerator_cavity:7, YBCO RF Cavity
qmd:accelerator_magnet:0, Copper Accelerator Electromagnet
qmd:accelerator_magnet:1, Magnesium Diboride Accelerator Electromagnet
qmd:accelerator_magnet:2, Niobium-Tin Accelerator Electromagnet
qmd:accelerator_magnet:3, Niobium-Titanium Accelerator Electromagnet
qmd:accelerator_magnet:4, BSCCO Accelerator Electromagnet
qmd:accelerator_magnet:5, Aluminum Accelerator Electromagnet
qmd:accelerator_magnet:6, SSFAF Accelerator Electromagnet
qmd:accelerator_magnet:7, YBCO Accelerator Electromagnet
qmd:accelerator_yoke, Accelerator Electromagnet Yoke
qmd:accelerator_cooler1:0, Water Accelerator Cooler
qmd:accelerator_cooler1:1, Iron Accelerator Cooler
qmd:accelerator_cooler1:2, Redstone Accelerator Cooler
qmd:accelerator_cooler1:3, Quartz Accelerator Cooler
qmd:accelerator_cooler1:4, Obsidian Accelerator Cooler
qmd:accelerator_cooler1:5, Nether Brick Accelerator Cooler
qmd:accelerator_cooler1:6, Glowstone Accelerator Cooler
qmd:accelerator_cooler1:7, Lapis Accelerator Cooler
qmd:accelerator_cooler1:8, Gold Accelerator Cooler
qmd:accelerator_cooler1:9, Prismarine Accelerator Cooler
qmd:accelerator_cooler1:10, Slime Accelerator Cooler
qmd:accelerator_cooler1:11, End Stone Accelerator Cooler
qmd:accelerator_cooler1:12, Purpur Accelerator Cooler
qmd:accelerator_cooler1:13, Diamond Accelerator Cooler
qmd:accelerator_cooler1:14, Emerald Accelerator Cooler
qmd:accelerator_cooler1:15, Copper Accelerator Cooler
qmd:accelerator_cooler2:0, Tin Accelerator Cooler
qmd:accelerator_cooler2:1, Lead Accelerator Cooler
qmd:accelerator_cooler2:2, Boron Accelerator Cooler
qmd:accelerator_cooler2:3, Lithium Accelerator Cooler
qmd:accelerator_cooler2:4, Magnesium Accelerator Cooler
qmd:accelerator_cooler2:5, Manganese Accelerator Cooler
qmd:accelerator_cooler2:6, Aluminum Accelerator Cooler
qmd:accelerator_cooler2:7, Silver Accelerator Cooler
qmd:accelerator_cooler2:8, Fluorite Accelerator Cooler
qmd:accelerator_cooler2:9, Villiaumite Accelerator Cooler
qmd:accelerator_cooler2:10, Carobbiite Accelerator Cooler
qmd:accelerator_cooler2:11, Arsenic Accelerator Cooler
qmd:accelerator_cooler2:12, Liquid Nitrogen Accelerator Cooler
qmd:accelerator_cooler2:13, Liquid Helium Accelerator Cooler
qmd:accelerator_cooler2:14, Enderium Accelerator Cooler
qmd:accelerator_cooler2:15, Cryotheum Accelerator Cooler
qmd:accelerator_source, Accelerator Ion Source
qmd:accelerator_energy_port, Accelerator Energy Port
qmd:beam_diverter_controller, Beam Diverter Controller
qmd:beam_splitter_controller, Beam Splitter Controller
qmd:decelerator_controller, Decelerator Controller
qmd:mass_spectrometer_controller, Mass Spectrometer Controller
qmd:accelerator_laser_ion_source, Accelerator Laser Ion Source
qmd:accelerator_ion_collector, Accelerator Ion Collector
qmd:target_chamber_controller, Target Chamber Controller
qmd:decay_chamber_controller, Decay Chamber Controller
qmd:beam_dump_controller, Beam Dump Controller
qmd:collision_chamber_controller, Collision Chamber Controller
qmd:particle_chamber_beam, Particle Chamber Beam Block
qmd:particle_chamber_casing, Particle Chamber Casing
qmd:particle_chamber_glass, Particle Chamber Glass
qmd:particle_chamber_beam_port, Particle Chamber Beam Port
qmd:particle_chamber_detector:0, Bubble Chamber Detector
qmd:particle_chamber_detector:1, Silicon Tracker Detector
qmd:particle_chamber_detector:2, Wire Chamber Detector
qmd:particle_chamber_detector:3, Electromagnetic Calorimeter Detector
qmd:particle_chamber_detector:4, Hadron Calorimeter Detector
qmd:particle_chamber_energy_port, Particle Chamber Energy Port
qmd:particle_chamber, Particle Chamber
qmd:particle_chamber_port, Particle Chamber Item Port
qmd:particle_chamber_fluid_port, Particle Chamber Fluid Port
qmd:ore_leacher, Ore Leacher
qmd:irradiator, Irradiator
qmd:atmosphere_collector, Atmosphere Collector
qmd:liquid_collector, Liquid Collector
qmd:fission_reflector:0, Tungsten Carbide Neutron Reflector
qmd:fission_shield:0, Hafnium Fission Neutron Shield
qmd:rtg_strontium, Strontium RTG
qmd:discharge_lamp:0, Discharge Lamp
qmd:discharge_lamp:1, Hydrogen Discharge Lamp
qmd:discharge_lamp:2, Helium Discharge Lamp
qmd:discharge_lamp:3, Nitrogen Discharge Lamp
qmd:discharge_lamp:4, Oxygen Discharge Lamp
qmd:discharge_lamp:5, Neon Discharge Lamp
qmd:discharge_lamp:6, Argon Discharge Lamp
qmd:discharge_lamp2:0, Sodium Discharge Lamp
qmd:discharge_lamp2:1, Mercury Discharge Lamp
qmd:neutral_containment_controller, Exotic Containment Chamber Controller
qmd:nucleosynthesis_chamber_controller, Nucleosynthesis Chamber Controller
qmd:containment_casing, Vacuum Chamber Casing
qmd:containment_glass, Vacuum Chamber Glass
qmd:containment_port, Vacuum Chamber Item Port
qmd:containment_beam_port, Vacuum Chamber Beam Port
qmd:containment_vent, Vacuum Chamber Coolant Vent
qmd:containment_energy_port, Vacuum Chamber Energy Port
qmd:vacuum_chamber_fluid_port, Vacuum Chamber Fluid Port
qmd:containment_coil, Vacuum Chamber Coil
qmd:containment_laser, Vacuum Chamber Laser
qmd:vacuum_chamber_beam, Vacuum Chamber Beam
qmd:vacuum_chamber_plasma_glass, Vacuum Chamber Plasma Glass
qmd:vacuum_chamber_plasma_nozzle, Vacuum Chamber Plasma Nozzle
qmd:vacuum_chamber_heater:0, Iron Vacuum Chamber Heater
qmd:vacuum_chamber_heater:1, Redstone Vacuum Chamber Heater
qmd:vacuum_chamber_heater:2, Quartz Vacuum Chamber Heater
qmd:vacuum_chamber_heater:3, Obsidian Vacuum Chamber Heater
qmd:vacuum_chamber_heater:4, Glowstone Vacuum Chamber Heater
qmd:vacuum_chamber_heater:5, Lapis Vacuum Chamber Heater
qmd:vacuum_chamber_heater:6, Gold Vacuum Chamber Heater
qmd:vacuum_chamber_heater:7, Diamond Vacuum Chamber Heater
qmd:vacuum_chamber_heater_vent, Vacuum Chamber Heater Vent
qmd:vacuum_chamber_redstone_port, Vacuum Chamber Redstone Port
qmd:liquefier_controller, Liquefier Controller
qmd:liquefier_nozzle, Liquefier Expansion Nozzle
qmd:liquefier_compressor:0, Copper Liquefier Compressor
qmd:liquefier_compressor:1, Neodymium Liquefier Compressor
qmd:liquefier_compressor:2, Samarium Cobalt Liquefier Compressor
qmd:liquefier_fluid_port, Liquefier Fluid Port
qmd:liquefier_energy_port, Liquefier Energy Port
qmd:strontium_90_block, Strontium-90 Block
qmd:block_green_luminous_paint, tile.qmd.block_green_luminous_paint.name
qmd:block_blue_luminous_paint, tile.qmd.block_blue_luminous_paint.name
qmd:block_orange_luminous_paint, tile.qmd.block_orange_luminous_paint.name
qmd:creative_particle_source, Creative Particle Source
qmd:turbine_blade_super_alloy, Super Alloy Turbine Rotor Blade
qmd:dust:0, Tungsten Dust
qmd:dust:1, Niobium Dust
qmd:dust:2, Chromium Dust
qmd:dust:3, Titanium Dust
qmd:dust:4, Cobalt Dust
qmd:dust:5, Nickel Dust
qmd:dust:6, Hafnium Dust
qmd:dust:7, Zinc Dust
qmd:dust:8, Osmium Dust
qmd:dust:9, Iridium Dust
qmd:dust:10, Platinum Dust
qmd:dust:11, Sodium Dust
qmd:dust:12, Potassium Dust
qmd:dust:13, Calcium Dust
qmd:dust:14, Strontium Dust
qmd:dust:15, Barium Dust
qmd:dust2:0, Yttrium Dust
qmd:dust2:1, Neodymium Dust
qmd:dust2:2, Iodine Dust
qmd:dust2:3, Samarium Dust
qmd:dust2:4, Terbium Dust
qmd:dust2:5, Erbium Dust
qmd:dust2:6, Ytterbium Dust
qmd:ingot:0, Tungsten Ingot
qmd:ingot:1, Niobium Ingot
qmd:ingot:2, Chromium Ingot
qmd:ingot:3, Titanium Ingot
qmd:ingot:4, Cobalt Ingot
qmd:ingot:5, Nickel Ingot
qmd:ingot:6, Hafnium Ingot
qmd:ingot:7, Zinc Ingot
qmd:ingot:8, Osmium Ingot
qmd:ingot:9, Iridium Ingot
qmd:ingot:10, Platinum Ingot
qmd:ingot:11, Sodium Ingot
qmd:ingot:12, Potassium Ingot
qmd:ingot:13, Calcium Ingot
qmd:ingot:14, Strontium Ingot
qmd:ingot:15, Barium Ingot
qmd:ingot2:0, Yttrium Ingot
qmd:ingot2:1, Neodymium Ingot
qmd:ingot2:2, Mercury
qmd:ingot_alloy:0, Tungsten Carbide Ingot
qmd:ingot_alloy:1, Niobium-Tin Ingot
qmd:ingot_alloy:2, Stainless Steel Ingot
qmd:ingot_alloy:3, Niobium-Titanium Ingot
qmd:ingot_alloy:4, Osmiridium Ingot
qmd:ingot_alloy:5, Nichrome Ingot
qmd:ingot_alloy:6, Super Alloy Ingot
qmd:source:0, Tungsten Filament
qmd:source:1, Sodium-22 Source
qmd:source:2, Cobalt-60 Source
qmd:source:3, Iridium-192 Source
qmd:source:4, Calcium-48 Source
qmd:isotope:0, Sodium-22
qmd:isotope:1, Beryllium-7
qmd:isotope:2, Magnesium-24
qmd:isotope:3, Magnesium-26
qmd:isotope:4, Uranium-234
qmd:isotope:5, Protactinium-231 Dust
qmd:isotope:6, Cobalt-60
qmd:isotope:7, Iridium-192
qmd:isotope:8, Calcium-48
qmd:part:0, Empty Cooler
qmd:part:1, Empty Detector Casing
qmd:part:2, Lead Tungstate Scintillator
qmd:part:3, Plastic Scintillator
qmd:part:4, BSCCO Wire
qmd:part:5, Neodymium Doped YAG Rod
qmd:part:6, Gold Plated Tungsten Wire
qmd:part:7, Empty Wire Chamber
qmd:part:8, Neodymium Magnet
qmd:part:9, Accelerating Barrel
qmd:part:10, Laser Assembly
qmd:part:11, SSFAF Wire
qmd:part:12, YBCO Wire
qmd:part:13, Samarium Cobalt Magnet
qmd:semiconductor:0, P-Type Doped Silicon
qmd:semiconductor:1, N-Type Doped Silicon
qmd:semiconductor:2, Silicon Boule
qmd:semiconductor:3, Silicon Wafer
qmd:semiconductor:4, Basic Processor
qmd:semiconductor:5, Advanced Processor
qmd:semiconductor:6, Elite Processor
qmd:chemical_dust:0, Tungsten Oxide
qmd:chemical_dust:1, BSCCO Dust
qmd:chemical_dust:2, Sodium Nitrate
qmd:chemical_dust:3, Sodium Chloride
qmd:chemical_dust:4, Copper Oxide
qmd:chemical_dust:5, Hafnium Oxide
qmd:chemical_dust:6, Strontium Chloride
qmd:chemical_dust:7, Zinc Sulfide
qmd:chemical_dust:8, Iron Fluoride
qmd:chemical_dust:9, SSFAF Dust
qmd:chemical_dust:10, YBCO Dust
qmd:waste_fission:0, Light Fission Waste
qmd:waste_fission:1, Heavy Fission Waste
qmd:waste_spallation:0, Californium Spallation Waste
qmd:waste_spallation:1, Berkelium Spallation Waste
qmd:waste_spallation:2, Curium Spallation Waste
qmd:waste_spallation:3, Americium Spallation Waste
qmd:waste_spallation:4, Plutonium Spallation Waste
qmd:waste_spallation:5, Neptunium Spallation Waste
qmd:waste_spallation:6, Uranium Spallation Waste
qmd:waste_spallation:7, Protactinium Spallation Waste
qmd:waste_spallation:8, Thorium Spallation Waste
qmd:waste_spallation:9, Radium Spallation Waste
qmd:waste_spallation:10, Polonium Spallation Waste
qmd:waste_spallation:11, Bismuth Spallation Waste
qmd:waste_spallation:12, Lead Spallation Waste
qmd:waste_spallation:13, Gold Spallation Waste
qmd:waste_spallation:14, Platinum Spallation Waste
qmd:waste_spallation:15, Iridium Spallation Waste
qmd:waste_spallation2:0, Osmium Spallation Waste
qmd:waste_spallation2:1, Tungsten Spallation Waste
qmd:waste_spallation2:2, Hafnium Spallation Waste
qmd:waste_spallation2:3, Mercury Spallation Waste
qmd:sword_tungsten_carbide, Tungsten Carbide Sword
qmd:pickaxe_tungsten_carbide, Tungsten Carbide Pickaxe
qmd:shovel_tungsten_carbide, Tungsten Carbide Shovel
qmd:axe_tungsten_carbide, Tungsten Carbide Axe
qmd:hoe_tungsten_carbide, Tungsten Carbide Hoe
qmd:flesh, Not So Rotten Flesh
qmd:potassium_iodine_tablet, Potassium Iodine Tablet
qmd:luminous_paint:0, Green Radioluminescent Paint
qmd:luminous_paint:1, Blue Radioluminescent Paint
qmd:luminous_paint:2, Orange Radioluminescent Paint
qmd:cell:0, Empty Cell
qmd:cell:1, Anti-Hydrogen Cell
qmd:cell:2, Anti-Deuterium Cell
qmd:cell:3, Anti-Tritium Cell
qmd:cell:4, Anti-Helium-3 Cell
qmd:cell:5, Anti-Helium Cell
qmd:cell:6, Positronium Cell
qmd:cell:7, Muonium Cell
qmd:cell:8, Tauonium Cell
qmd:cell:9, Glueball Cell
qmd:lepton_cannon, Lepton Cannon
qmd:gluon_gun, Gluon Gun
qmd:antimatter_launcher, Antimatter Launcher
qmd:beam_meter, Beam Meter
qmd:drill_basic, Electric Mining Drill
qmd:drill_advanced, Advanced Electric Mining Drill
qmd:copernicium:0, Copernicium-291
qmd:copernicium:1, Copernicium-291 Carbide
qmd:copernicium:2, Copernicium-291 Oxide
qmd:copernicium:3, Copernicium-291 Nitride
qmd:copernicium:4, Copernicium-291-Zirconium Alloy
qmd:pellet_copernicium:0, MIX-291
qmd:pellet_copernicium:1, MIX-291 Carbide
qmd:fuel_copernicium:0, MTRISO-291 Fuel Pebble
qmd:fuel_copernicium:1, MOX-291 Oxide Fuel Pellet
qmd:fuel_copernicium:2, MNI-291 Fuel Pellet
qmd:fuel_copernicium:3, MZA-291 Fuel Pellet
qmd:depleted_fuel_copernicium:0, Depleted MTRISO-291 Fuel Pebble
qmd:depleted_fuel_copernicium:1, Depleted MOX-291 Fuel Pellet
qmd:depleted_fuel_copernicium:2, Depleted MNI-291 Fuel Pellet
qmd:depleted_fuel_copernicium:3, Depleted MZA-291 Fuel Pellet
qmd:helm_hev, HEV Helmet
qmd:chest_hev, HEV Chestplate
qmd:legs_hev, HEV Leggings
qmd:boots_hev, HEV Boots
qmd:fluid_hydrochloric_acid, Hydrochloric Acid
qmd:fluid_nitric_acid, Nitric Acid
qmd:fluid_sodium_chloride_solution, Sodium Chloride Solution
qmd:fluid_sodium_nitrate_solution, Sodium Nitrate Solution
qmd:fluid_lead_nitrate_solution, Lead Nitrate Solution
qmd:fluid_sodium_tungstate_solution, Sodium Tungstate Solution
qmd:fluid_lead_tungstate_solution, Lead Tungstate Solution
qmd:fluid_salt_water, Salt Water
qmd:fluid_liquid_hydrogen, Liquid Hydrogen
qmd:fluid_liquid_argon, Liquid Argon
qmd:fluid_liquid_neon, Liquid Neon
qmd:fluid_liquid_oxygen, Liquid Oxygen
qmd:fluid_liquid_air, Liquid Air
qmd:fluid_mercury, Mercury
qmd:fluid_hot_mercury, Hot Mercury
qmd:fluid_iodine, Liquid Iodine
qmd:fluid_argon, Argon
qmd:fluid_neon, Neon
qmd:fluid_chlorine, Chlorine
qmd:fluid_nitric_oxide, Nitric Oxide
qmd:fluid_nitrogen_dioxide, Nitrogen Dioxide
qmd:fluid_compressed_air, Compressed Air
qmd:fluid_silicon, Molten Silicon
qmd:fluid_yag, Molten Yttrium Aluminum Garnet
qmd:fluid_nd_yag, Molten Neodymium Doped YAG
qmd:fluid_tungsten, Molten Tungsten
qmd:fluid_niobium, Molten Niobium
qmd:fluid_chromium, Molten Chromium
qmd:fluid_titanium, Molten Titanium
qmd:fluid_cobalt, Molten Cobalt
qmd:fluid_nickel, Molten Nickel
qmd:fluid_hafnium, Molten Hafnium
qmd:fluid_zinc, Molten Zinc
qmd:fluid_osmium, Molten Osmium
qmd:fluid_iridium, Molten Iridium
qmd:fluid_platinum, Molten Platinum
qmd:fluid_calcium, Molten Calcium
qmd:fluid_strontium, Molten Strontium
qmd:fluid_yttrium, Molten Yttrium
qmd:fluid_neodymium, Molten Neodymium
qmd:fluid_samarium, Molten Samarium
qmd:fluid_terbium, Molten Terbium
qmd:fluid_erbium, Molten Erbium
qmd:fluid_ytterbium, Molten Ytterbium
qmd:fluid_bismuth, Molten Bismuth
qmd:fluid_polonium, Molten Polonium
qmd:fluid_radium, Molten Radium
qmd:fluid_sodium_chloride, Molten Sodium Chloride
qmd:fluid_carbon, Sublimated Carbon
qmd:fluid_high_pressure_mercury, High Pressure Mercury
qmd:fluid_exhaust_mercury, Exhaust Mercury
qmd:fluid_antihydrogen, Anti-Hydrogen
qmd:fluid_antideuterium, Anti-Deuterium
qmd:fluid_antitritium, Anti-Tritium
qmd:fluid_antihelium3, Anti-Helium-3
qmd:fluid_antihelium, Anti-Helium
qmd:fluid_positronium, Positronium
qmd:fluid_muonium, Muonium
qmd:fluid_tauonium, Tauonium
qmd:fluid_glueballs, Glueballs
realistictorches:torch_unlit, Unlit Torch
realistictorches:torch_lit, Lit Torch
realistictorches:torch_smoldering, Smoldering Torch
realistictorches:moving_light_source, Moving Light Source
realistictorches:matchbox, Matchbox
realistictorches:glowstone_crystal, Glowstone Crystal
realistictorches:glowstone_paste, Glowstone Paste
thermaldynamics:duct_0:0, Leadstone Fluxduct
thermaldynamics:duct_0:1, Hardened Fluxduct
thermaldynamics:duct_0:2, Redstone Energy Fluxduct
thermaldynamics:duct_0:3, Signalum Fluxduct
thermaldynamics:duct_0:4, Resonant Fluxduct
thermaldynamics:duct_0:5, Cryo-Stabilized Fluxduct
thermaldynamics:duct_0:6, Redstone Energy Fluxduct (Empty)
thermaldynamics:duct_0:7, Signalum Fluxduct (Empty)
thermaldynamics:duct_0:8, Resonant Fluxduct (Empty)
thermaldynamics:duct_0:9, Cryo-Stabilized Fluxduct (Empty)
thermaldynamics:duct_16:0, Fluiduct
thermaldynamics:duct_16:1, Fluiduct (Opaque)
thermaldynamics:duct_16:2, Hardened Fluiduct
thermaldynamics:duct_16:3, Hardened Fluiduct (Opaque)
thermaldynamics:duct_16:4, Signalum-Plated Fluiduct
thermaldynamics:duct_16:5, Signalum-Plated Fluiduct (Opaque)
thermaldynamics:duct_16:6, Super-Laminar Fluiduct
thermaldynamics:duct_16:7, Super-Laminar Fluiduct (Opaque)
thermaldynamics:duct_32:0, Vacuum Itemduct
thermaldynamics:duct_32:0, Dense Itemduct
thermaldynamics:duct_32:0, Itemduct
thermaldynamics:duct_32:1, Vacuum Itemduct (Opaque)
thermaldynamics:duct_32:1, Dense Itemduct (Opaque)
thermaldynamics:duct_32:1, Itemduct (Opaque)
thermaldynamics:duct_32:2, Vacuum Impulse Itemduct
thermaldynamics:duct_32:2, Dense Impulse Itemduct
thermaldynamics:duct_32:2, Impulse Itemduct
thermaldynamics:duct_32:3, Vacuum Impulse Itemduct (Opaque)
thermaldynamics:duct_32:3, Dense Impulse Itemduct (Opaque)
thermaldynamics:duct_32:3, Impulse Itemduct (Opaque)
thermaldynamics:duct_32:4, Vacuum Signalum-Plated Itemduct
thermaldynamics:duct_32:4, Dense Signalum-Plated Itemduct
thermaldynamics:duct_32:4, Signalum-Plated Itemduct
thermaldynamics:duct_32:5, Vacuum Signalum-Plated Itemduct (Opaque)
thermaldynamics:duct_32:5, Dense Signalum-Plated Itemduct (Opaque)
thermaldynamics:duct_32:5, Signalum-Plated Itemduct (Opaque)
thermaldynamics:duct_32:6, Vacuum Signalum-Plated Impulse Itemduct
thermaldynamics:duct_32:6, Dense Signalum-Plated Impulse Itemduct
thermaldynamics:duct_32:6, Signalum-Plated Impulse Itemduct
thermaldynamics:duct_32:7, Vacuum Signalum-Plated Impulse Itemduct (Opaque)
thermaldynamics:duct_32:7, Dense Signalum-Plated Impulse Itemduct (Opaque)
thermaldynamics:duct_32:7, Signalum-Plated Impulse Itemduct (Opaque)
thermaldynamics:duct_48:0, Structuralduct
thermaldynamics:duct_64:0, Viaduct
thermaldynamics:duct_64:1, Long Range Viaduct
thermaldynamics:duct_64:2, Long Range Linking Viaduct
thermaldynamics:duct_64:3, Viaduct (Untreated)
thermaldynamics:servo:0, Servo
thermaldynamics:servo:1, Hardened Servo
thermaldynamics:servo:2, Reinforced Servo
thermaldynamics:servo:3, Signalum Servo
thermaldynamics:servo:4, Resonant Servo
thermaldynamics:filter:0, Filter
thermaldynamics:filter:1, Hardened Filter
thermaldynamics:filter:2, Reinforced Filter
thermaldynamics:filter:3, Signalum Filter
thermaldynamics:filter:4, Resonant Filter
thermaldynamics:retriever:0, Retriever
thermaldynamics:retriever:1, Hardened Retriever
thermaldynamics:retriever:2, Reinforced Retriever
thermaldynamics:retriever:3, Signalum Retriever
thermaldynamics:retriever:4, Resonant Retriever
thermaldynamics:relay:0, Redstone Relay
thermaldynamics:cover:0, Stone Cover
thermaldynamics:cover:0, Granite Cover
thermaldynamics:cover:0, Polished Granite Cover
thermaldynamics:cover:0, Diorite Cover
thermaldynamics:cover:0, Polished Diorite Cover
thermaldynamics:cover:0, Andesite Cover
thermaldynamics:cover:0, Polished Andesite Cover
thermaldynamics:cover:0, Grass Block Cover
thermaldynamics:cover:0, Dirt Cover
thermaldynamics:cover:0, Coarse Dirt Cover
thermaldynamics:cover:0, Podzol Cover
thermaldynamics:cover:0, Cobblestone Cover
thermaldynamics:cover:0, Oak Wood Planks Cover
thermaldynamics:cover:0, Spruce Wood Planks Cover
thermaldynamics:cover:0, Birch Wood Planks Cover
thermaldynamics:cover:0, Jungle Wood Planks Cover
thermaldynamics:cover:0, Acacia Wood Planks Cover
thermaldynamics:cover:0, Dark Oak Wood Planks Cover
thermaldynamics:cover:0, Bedrock Cover
thermaldynamics:cover:0, Sand Cover
thermaldynamics:cover:0, Red Sand Cover
thermaldynamics:cover:0, Gravel Cover
thermaldynamics:cover:0, Gold Ore Cover
thermaldynamics:cover:0, Iron Ore Cover
thermaldynamics:cover:0, Coal Ore Cover
thermaldynamics:cover:0, Oak Wood Cover
thermaldynamics:cover:0, Spruce Wood Cover
thermaldynamics:cover:0, Birch Wood Cover
thermaldynamics:cover:0, Jungle Wood Cover
thermaldynamics:cover:0, Oak Leaves Cover
thermaldynamics:cover:0, Spruce Leaves Cover
thermaldynamics:cover:0, Birch Leaves Cover
thermaldynamics:cover:0, Jungle Leaves Cover
thermaldynamics:cover:0, Sponge Cover
thermaldynamics:cover:0, Wet Sponge Cover
thermaldynamics:cover:0, Glass Cover
thermaldynamics:cover:0, Lapis Lazuli Ore Cover
thermaldynamics:cover:0, Lapis Lazuli Block Cover
thermaldynamics:cover:0, Sandstone Cover
thermaldynamics:cover:0, Chiseled Sandstone Cover
thermaldynamics:cover:0, Smooth Sandstone Cover
thermaldynamics:cover:0, White Wool Cover
thermaldynamics:cover:0, Orange Wool Cover
thermaldynamics:cover:0, Magenta Wool Cover
thermaldynamics:cover:0, Light Blue Wool Cover
thermaldynamics:cover:0, Yellow Wool Cover
thermaldynamics:cover:0, Lime Wool Cover
thermaldynamics:cover:0, Pink Wool Cover
thermaldynamics:cover:0, Gray Wool Cover
thermaldynamics:cover:0, Light Gray Wool Cover
thermaldynamics:cover:0, Cyan Wool Cover
thermaldynamics:cover:0, Purple Wool Cover
thermaldynamics:cover:0, Blue Wool Cover
thermaldynamics:cover:0, Brown Wool Cover
thermaldynamics:cover:0, Green Wool Cover
thermaldynamics:cover:0, Red Wool Cover
thermaldynamics:cover:0, Black Wool Cover
thermaldynamics:cover:0, Block of Gold Cover
thermaldynamics:cover:0, Block of Iron Cover
thermaldynamics:cover:0, Stone Slab Cover
thermaldynamics:cover:0, Sandstone Slab Cover
thermaldynamics:cover:0, Cobblestone Slab Cover
thermaldynamics:cover:0, Bricks Slab Cover
thermaldynamics:cover:0, Stone Bricks Slab Cover
thermaldynamics:cover:0, Nether Brick Slab Cover
thermaldynamics:cover:0, Quartz Slab Cover
thermaldynamics:cover:0, Bricks Cover
thermaldynamics:cover:0, TNT Cover
thermaldynamics:cover:0, Bookshelf Cover
thermaldynamics:cover:0, Moss Stone Cover
thermaldynamics:cover:0, Obsidian Cover
thermaldynamics:cover:0, Oak Wood Stairs Cover
thermaldynamics:cover:0, Diamond Ore Cover
thermaldynamics:cover:0, Block of Diamond Cover
thermaldynamics:cover:0, Crafting Table Cover
thermaldynamics:cover:0, Cobblestone Stairs Cover
thermaldynamics:cover:0, Redstone Ore Cover
thermaldynamics:cover:0, Ice Cover
thermaldynamics:cover:0, Snow Cover
thermaldynamics:cover:0, Cactus Cover
thermaldynamics:cover:0, Clay Cover
thermaldynamics:cover:0, Pumpkin Cover
thermaldynamics:cover:0, Netherrack Cover
thermaldynamics:cover:0, Soul Sand Cover
thermaldynamics:cover:0, Glowstone Cover
thermaldynamics:cover:0, Jack o'Lantern Cover
thermaldynamics:cover:0, White Stained Glass Cover
thermaldynamics:cover:0, Orange Stained Glass Cover
thermaldynamics:cover:0, Magenta Stained Glass Cover
thermaldynamics:cover:0, Light Blue Stained Glass Cover
thermaldynamics:cover:0, Yellow Stained Glass Cover
thermaldynamics:cover:0, Lime Stained Glass Cover
thermaldynamics:cover:0, Pink Stained Glass Cover
thermaldynamics:cover:0, Gray Stained Glass Cover
thermaldynamics:cover:0, Light Gray Stained Glass Cover
thermaldynamics:cover:0, Cyan Stained Glass Cover
thermaldynamics:cover:0, Purple Stained Glass Cover
thermaldynamics:cover:0, Blue Stained Glass Cover
thermaldynamics:cover:0, Brown Stained Glass Cover
thermaldynamics:cover:0, Green Stained Glass Cover
thermaldynamics:cover:0, Red Stained Glass Cover
thermaldynamics:cover:0, Black Stained Glass Cover
thermaldynamics:cover:0, Stone Monster Egg Cover
thermaldynamics:cover:0, Cobblestone Monster Egg Cover
thermaldynamics:cover:0, Stone Brick Monster Egg Cover
thermaldynamics:cover:0, Mossy Stone Brick Monster Egg Cover
thermaldynamics:cover:0, Cracked Stone Brick Monster Egg Cover
thermaldynamics:cover:0, Chiseled Stone Brick Monster Egg Cover
thermaldynamics:cover:0, Stone Bricks Cover
thermaldynamics:cover:0, Mossy Stone Bricks Cover
thermaldynamics:cover:0, Cracked Stone Bricks Cover
thermaldynamics:cover:0, Chiseled Stone Bricks Cover
thermaldynamics:cover:0, Iron Bars Cover
thermaldynamics:cover:0, Glass Pane Cover
thermaldynamics:cover:0, Melon Cover
thermaldynamics:cover:0, Brick Stairs Cover
thermaldynamics:cover:0, Stone Brick Stairs Cover
thermaldynamics:cover:0, Mycelium Cover
thermaldynamics:cover:0, Nether Brick Cover
thermaldynamics:cover:0, Nether Brick Stairs Cover
thermaldynamics:cover:0, End Portal Cover
thermaldynamics:cover:0, End Stone Cover
thermaldynamics:cover:0, Redstone Lamp Cover
thermaldynamics:cover:0, Oak Wood Slab Cover
thermaldynamics:cover:0, Spruce Wood Slab Cover
thermaldynamics:cover:0, Birch Wood Slab Cover
thermaldynamics:cover:0, Jungle Wood Slab Cover
thermaldynamics:cover:0, Acacia Wood Slab Cover
thermaldynamics:cover:0, Dark Oak Wood Slab Cover
thermaldynamics:cover:0, Sandstone Stairs Cover
thermaldynamics:cover:0, Emerald Ore Cover
thermaldynamics:cover:0, Tripwire Hook Cover
thermaldynamics:cover:0, Block of Emerald Cover
thermaldynamics:cover:0, Spruce Wood Stairs Cover
thermaldynamics:cover:0, Birch Wood Stairs Cover
thermaldynamics:cover:0, Jungle Wood Stairs Cover
thermaldynamics:cover:0, Block of Redstone Cover
thermaldynamics:cover:0, Nether Quartz Ore Cover
thermaldynamics:cover:0, Block of Quartz Cover
thermaldynamics:cover:0, Chiseled Quartz Block Cover
thermaldynamics:cover:0, Pillar Quartz Block Cover
thermaldynamics:cover:0, Quartz Stairs Cover
thermaldynamics:cover:0, White Terracotta Cover
thermaldynamics:cover:0, Orange Terracotta Cover
thermaldynamics:cover:0, Magenta Terracotta Cover
thermaldynamics:cover:0, Light Blue Terracotta Cover
thermaldynamics:cover:0, Yellow Terracotta Cover
thermaldynamics:cover:0, Lime Terracotta Cover
thermaldynamics:cover:0, Pink Terracotta Cover
thermaldynamics:cover:0, Gray Terracotta Cover
thermaldynamics:cover:0, Light Gray Terracotta Cover
thermaldynamics:cover:0, Cyan Terracotta Cover
thermaldynamics:cover:0, Purple Terracotta Cover
thermaldynamics:cover:0, Blue Terracotta Cover
thermaldynamics:cover:0, Brown Terracotta Cover
thermaldynamics:cover:0, Green Terracotta Cover
thermaldynamics:cover:0, Red Terracotta Cover
thermaldynamics:cover:0, Black Terracotta Cover
thermaldynamics:cover:0, White Stained Glass Pane Cover
thermaldynamics:cover:0, Orange Stained Glass Pane Cover
thermaldynamics:cover:0, Magenta Stained Glass Pane Cover
thermaldynamics:cover:0, Light Blue Stained Glass Pane Cover
thermaldynamics:cover:0, Yellow Stained Glass Pane Cover
thermaldynamics:cover:0, Lime Stained Glass Pane Cover
thermaldynamics:cover:0, Pink Stained Glass Pane Cover
thermaldynamics:cover:0, Gray Stained Glass Pane Cover
thermaldynamics:cover:0, Light Gray Stained Glass Pane Cover
thermaldynamics:cover:0, Cyan Stained Glass Pane Cover
thermaldynamics:cover:0, Purple Stained Glass Pane Cover
thermaldynamics:cover:0, Blue Stained Glass Pane Cover
thermaldynamics:cover:0, Brown Stained Glass Pane Cover
thermaldynamics:cover:0, Green Stained Glass Pane Cover
thermaldynamics:cover:0, Red Stained Glass Pane Cover
thermaldynamics:cover:0, Black Stained Glass Pane Cover
thermaldynamics:cover:0, Acacia Leaves Cover
thermaldynamics:cover:0, Dark Oak Leaves Cover
thermaldynamics:cover:0, Acacia Wood Cover
thermaldynamics:cover:0, Dark Oak Wood Cover
thermaldynamics:cover:0, Acacia Wood Stairs Cover
thermaldynamics:cover:0, Dark Oak Wood Stairs Cover
thermaldynamics:cover:0, Slime Block Cover
thermaldynamics:cover:0, Prismarine Cover
thermaldynamics:cover:0, Prismarine Bricks Cover
thermaldynamics:cover:0, Dark Prismarine Cover
thermaldynamics:cover:0, Sea Lantern Cover
thermaldynamics:cover:0, Hay Bale Cover
thermaldynamics:cover:0, Terracotta Cover
thermaldynamics:cover:0, Block of Coal Cover
thermaldynamics:cover:0, Packed Ice Cover
thermaldynamics:cover:0, Red Sandstone Cover
thermaldynamics:cover:0, Chiseled Red Sandstone Cover
thermaldynamics:cover:0, Smooth Red Sandstone Cover
thermaldynamics:cover:0, Red Sandstone Stairs Cover
thermaldynamics:cover:0, Red Sandstone Slab Cover
thermaldynamics:cover:0, Purpur Block Cover
thermaldynamics:cover:0, Purpur Pillar Cover
thermaldynamics:cover:0, Purpur Stairs Cover
thermaldynamics:cover:0, Purpur Slab Cover
thermaldynamics:cover:0, End Stone Bricks Cover
thermaldynamics:cover:0, Magma Block Cover
thermaldynamics:cover:0, Nether Wart Block Cover
thermaldynamics:cover:0, Red Nether Brick Cover
thermaldynamics:cover:0, Bone Block Cover
thermaldynamics:cover:0, Observer Cover
thermaldynamics:cover:0, White Glazed Terracotta Cover
thermaldynamics:cover:0, Orange Glazed Terracotta Cover
thermaldynamics:cover:0, Magenta Glazed Terracotta Cover
thermaldynamics:cover:0, Light Blue Glazed Terracotta Cover
thermaldynamics:cover:0, Yellow Glazed Terracotta Cover
thermaldynamics:cover:0, Lime Glazed Terracotta Cover
thermaldynamics:cover:0, Pink Glazed Terracotta Cover
thermaldynamics:cover:0, Gray Glazed Terracotta Cover
thermaldynamics:cover:0, Light Gray Glazed Terracotta Cover
thermaldynamics:cover:0, Cyan Glazed Terracotta Cover
thermaldynamics:cover:0, Purple Glazed Terracotta Cover
thermaldynamics:cover:0, Blue Glazed Terracotta Cover
thermaldynamics:cover:0, Brown Glazed Terracotta Cover
thermaldynamics:cover:0, Green Glazed Terracotta Cover
thermaldynamics:cover:0, Red Glazed Terracotta Cover
thermaldynamics:cover:0, Black Glazed Terracotta Cover
thermaldynamics:cover:0, White Concrete Cover
thermaldynamics:cover:0, Orange Concrete Cover
thermaldynamics:cover:0, Magenta Concrete Cover
thermaldynamics:cover:0, Light Blue Concrete Cover
thermaldynamics:cover:0, Yellow Concrete Cover
thermaldynamics:cover:0, Lime Concrete Cover
thermaldynamics:cover:0, Pink Concrete Cover
thermaldynamics:cover:0, Gray Concrete Cover
thermaldynamics:cover:0, Light Gray Concrete Cover
thermaldynamics:cover:0, Cyan Concrete Cover
thermaldynamics:cover:0, Purple Concrete Cover
thermaldynamics:cover:0, Blue Concrete Cover
thermaldynamics:cover:0, Brown Concrete Cover
thermaldynamics:cover:0, Green Concrete Cover
thermaldynamics:cover:0, Red Concrete Cover
thermaldynamics:cover:0, Black Concrete Cover
thermaldynamics:cover:0, White Concrete Powder Cover
thermaldynamics:cover:0, Orange Concrete Powder Cover
thermaldynamics:cover:0, Magenta Concrete Powder Cover
thermaldynamics:cover:0, Light Blue Concrete Powder Cover
thermaldynamics:cover:0, Yellow Concrete Powder Cover
thermaldynamics:cover:0, Lime Concrete Powder Cover
thermaldynamics:cover:0, Pink Concrete Powder Cover
thermaldynamics:cover:0, Gray Concrete Powder Cover
thermaldynamics:cover:0, Light Gray Concrete Powder Cover
thermaldynamics:cover:0, Cyan Concrete Powder Cover
thermaldynamics:cover:0, Purple Concrete Powder Cover
thermaldynamics:cover:0, Blue Concrete Powder Cover
thermaldynamics:cover:0, Brown Concrete Powder Cover
thermaldynamics:cover:0, Green Concrete Powder Cover
thermaldynamics:cover:0, Red Concrete Powder Cover
thermaldynamics:cover:0, Black Concrete Powder Cover
thermaldynamics:cover:0, Carbon Cover
thermaldynamics:cover:0, Carbon Cover
thermaldynamics:cover:0, Carbon Cover
thermaldynamics:cover:0, Sulfur Cover
thermaldynamics:cover:0, Sulfur Cover
thermaldynamics:cover:0, Sulfur Cover
thermaldynamics:cover:0, Dust Cover
thermaldynamics:cover:0, Dust Cover
thermaldynamics:cover:0, Dust Cover
thermaldynamics:cover:0, Compressed Crafting Table Cover
thermaldynamics:cover:0, Double Compressed Crafting Table Cover
thermaldynamics:cover:0, Neutronium Block Cover
thermaldynamics:cover:0, Infinity Block Cover
thermaldynamics:cover:0, Crystal Matrix Cover
thermaldynamics:cover:0, Eyeball Block Cover
thermaldynamics:cover:0, Small Eyeball Block Cover
thermaldynamics:cover:0, Eye Seed Cover
thermaldynamics:cover:0, Nether Moss Cover
thermaldynamics:cover:0, Nether Grass Cover
thermaldynamics:cover:0, Nether Reed Cover
thermaldynamics:cover:0, Stalagnate Cover
thermaldynamics:cover:0, Stalagnate Seed Cover
thermaldynamics:cover:0, Stalagnate Bark Cover
thermaldynamics:cover:0, Stalagnate Planks Cover
thermaldynamics:cover:0, Stalagnate Stairs Cover
thermaldynamics:cover:0, Stalagnate Slab Cover
thermaldynamics:cover:0, Stalagnate Fence Cover
thermaldynamics:cover:0, Stalagnate Gate Cover
thermaldynamics:cover:0, Stalagnate Button Cover
thermaldynamics:cover:0, Stalagnate Pressure Plate Cover
thermaldynamics:cover:0, Reeds Block Cover
thermaldynamics:cover:0, Reeds Stairs Cover
thermaldynamics:cover:0, Reeds Slab Cover
thermaldynamics:cover:0, Reeds Fence Cover
thermaldynamics:cover:0, Reeds Gate Cover
thermaldynamics:cover:0, Reeds Button Cover
thermaldynamics:cover:0, Reeds Pressure Plate Cover
thermaldynamics:cover:0, Lucis Spore Cover
thermaldynamics:cover:0, Nether Cactus Cover
thermaldynamics:cover:0, Wart Seed Cover
thermaldynamics:cover:0, Barrel Cactus Cover
thermaldynamics:cover:0, Agave Cover
thermaldynamics:cover:0, Black Bush Cover
thermaldynamics:cover:0, Ink Bush Seed Cover
thermaldynamics:cover:0, Smoker Cover
thermaldynamics:cover:0, Egg Plant Cover
thermaldynamics:cover:0, Black Apple Seed Cover
thermaldynamics:cover:0, Magma flower seed Cover
thermaldynamics:cover:0, Nether Mycelium Cover
thermaldynamics:cover:0, Orange Mushroom Cover
thermaldynamics:cover:0, Red Mold Cover
thermaldynamics:cover:0, Gray Mold Cover
thermaldynamics:cover:0, Cincinnasite Ore Cover
thermaldynamics:cover:0, Cincinnasite Block Cover
thermaldynamics:cover:0, Forged Cincinnasite Block Cover
thermaldynamics:cover:0, Cincinnasite Pillar Cover
thermaldynamics:cover:0, Cincinnasite Bricks Cover
thermaldynamics:cover:0, Cincinnasite Brick Plate Cover
thermaldynamics:cover:0, Cincinnasite Stairs Cover
thermaldynamics:cover:0, Cincinnasite Slab Cover
thermaldynamics:cover:0, Cincinnasite Button Cover
thermaldynamics:cover:0, Cincinnasite Plate Cover
thermaldynamics:cover:0, Cincinnasite Lantern Cover
thermaldynamics:cover:0, Large Cincinnasite Tile Cover
thermaldynamics:cover:0, Small Cincinnasite Tile Cover
thermaldynamics:cover:0, Cincinnasite Carved Cover
thermaldynamics:cover:0, Large Nether Brick Tile Cover
thermaldynamics:cover:0, Small Nether Brick Tile Cover
thermaldynamics:cover:0, Cincinnasite Wall Cover
thermaldynamics:cover:0, Bone Block Cover
thermaldynamics:cover:0, Bone Stairs Cover
thermaldynamics:cover:0, Bone Slab Cover
thermaldynamics:cover:0, Bone Button Cover
thermaldynamics:cover:0, Bone Pressure Plate Cover
thermaldynamics:cover:0, Cincinnasite Fire Bowl Cover
thermaldynamics:cover:0, Bone Wall Cover
thermaldynamics:cover:0, Nether Brick Wall Cover
thermaldynamics:cover:0, Small Nether Brick Tile Slab Cover
thermaldynamics:cover:0, Small Nether Brick Tile Stairs Cover
thermaldynamics:cover:0, Bone Mushroom Spores Cover
thermaldynamics:cover:0, Reeds Ladder Cover
thermaldynamics:cover:0, Cincinnasite Brick Pillar Cover
thermaldynamics:cover:0, Bone Tile Cover
thermaldynamics:cover:0, Cincinnasite Pedestal Cover
thermaldynamics:cover:0, Respawner Statue Cover
thermaldynamics:cover:0, Cincinnasite Pot Cover
thermaldynamics:cover:0, Cincinnasite Frame Cover
thermaldynamics:cover:0, Quartz Glass Cover
thermaldynamics:cover:0, Framed Quartz Glass Cover
thermaldynamics:cover:0, Quartz Stained Glass White Cover
thermaldynamics:cover:0, Quartz Stained Glass Orange Cover
thermaldynamics:cover:0, Quartz Stained Glass Magenta Cover
thermaldynamics:cover:0, Quartz Stained Glass Light Blue Cover
thermaldynamics:cover:0, Quartz Stained Glass Yellow Cover
thermaldynamics:cover:0, Quartz Stained Glass Lime Cover
thermaldynamics:cover:0, Quartz Stained Glass Pink Cover
thermaldynamics:cover:0, Quartz Stained Glass Gray Cover
thermaldynamics:cover:0, Quartz Stained Glass Silver Cover
thermaldynamics:cover:0, Quartz Stained Glass Cyan Cover
thermaldynamics:cover:0, Quartz Stained Glass Purple Cover
thermaldynamics:cover:0, Quartz Stained Glass Blue Cover
thermaldynamics:cover:0, Quartz Stained Glass Brown Cover
thermaldynamics:cover:0, Quartz Stained Glass Green Cover
thermaldynamics:cover:0, Quartz Stained Glass Red Cover
thermaldynamics:cover:0, Quartz Stained Glass Black Cover
thermaldynamics:cover:0, Cincinnasite Bars Cover
thermaldynamics:cover:0, Quartz Glass Pane Cover
thermaldynamics:cover:0, Framed Quartz Glass Pane Cover
thermaldynamics:cover:0, Bone-Reed Door Cover
thermaldynamics:cover:0, Bone-Cincinnasite Door Cover
thermaldynamics:cover:0, Framed Quartz Stained Glass White Cover
thermaldynamics:cover:0, Framed Quartz Stained Glass Orange Cover
thermaldynamics:cover:0, Framed Quartz Stained Glass Magenta Cover
thermaldynamics:cover:0, Framed Quartz Stained Glass Light Blue Cover
thermaldynamics:cover:0, Framed Quartz Stained Glass Yellow Cover
thermaldynamics:cover:0, Framed Quartz Stained Glass Lime Cover
thermaldynamics:cover:0, Framed Quartz Stained Glass Pink Cover
thermaldynamics:cover:0, Framed Quartz Stained Glass Gray Cover
thermaldynamics:cover:0, Framed Quartz Stained Glass Silver Cover
thermaldynamics:cover:0, Framed Quartz Stained Glass Cyan Cover
thermaldynamics:cover:0, Framed Quartz Stained Glass Purple Cover
thermaldynamics:cover:0, Framed Quartz Stained Glass Blue Cover
thermaldynamics:cover:0, Framed Quartz Stained Glass Brown Cover
thermaldynamics:cover:0, Framed Quartz Stained Glass Green Cover
thermaldynamics:cover:0, Framed Quartz Stained Glass Red Cover
thermaldynamics:cover:0, Framed Quartz Stained Glass Black Cover
thermaldynamics:cover:0, Copper Ore Cover
thermaldynamics:cover:0, Tin Ore Cover
thermaldynamics:cover:0, Silver Ore Cover
thermaldynamics:cover:0, Lead Ore Cover
thermaldynamics:cover:0, Aluminum Ore Cover
thermaldynamics:cover:0, Nickel Ore Cover
thermaldynamics:cover:0, Platinum Ore Cover
thermaldynamics:cover:0, Iridium Ore Cover
thermaldynamics:cover:0, Mana Infused Ore Cover
thermaldynamics:cover:0, Oil Sand Cover
thermaldynamics:cover:0, Oil Shale Cover
thermaldynamics:cover:0, Destabilized Redstone Ore Cover
thermaldynamics:cover:0, Energized Netherrack Cover
thermaldynamics:cover:0, Resonant End Stone Cover
thermaldynamics:cover:0, Oil Sand Cover
thermaldynamics:cover:0, Block of Copper Cover
thermaldynamics:cover:0, Block of Tin Cover
thermaldynamics:cover:0, Block of Silver Cover
thermaldynamics:cover:0, Block of Lead Cover
thermaldynamics:cover:0, Block of Aluminum Cover
thermaldynamics:cover:0, Block of Nickel Cover
thermaldynamics:cover:0, Block of Platinum Cover
thermaldynamics:cover:0, Block of Iridium Cover
thermaldynamics:cover:0, Block of Mana Infused Metal Cover
thermaldynamics:cover:0, Block of Steel Cover
thermaldynamics:cover:0, Block of Electrum Cover
thermaldynamics:cover:0, Block of Invar Cover
thermaldynamics:cover:0, Block of Bronze Cover
thermaldynamics:cover:0, Block of Constantan Cover
thermaldynamics:cover:0, Block of Signalum Cover
thermaldynamics:cover:0, Block of Lumium Cover
thermaldynamics:cover:0, Block of Enderium Cover
thermaldynamics:cover:0, Block of Charcoal Cover
thermaldynamics:cover:0, Block of Coal Coke Cover
thermaldynamics:cover:0, Hardened Copper Glass Cover
thermaldynamics:cover:0, Hardened Tin Glass Cover
thermaldynamics:cover:0, Hardened Silver Glass Cover
thermaldynamics:cover:0, Hardened Glass Cover
thermaldynamics:cover:0, Hardened Aluminum Glass Cover
thermaldynamics:cover:0, Hardened Nickel Glass Cover
thermaldynamics:cover:0, Hardened Platinum Glass Cover
thermaldynamics:cover:0, Hardened Iridium Glass Cover
thermaldynamics:cover:0, Hardened Mana Infused Glass Cover
thermaldynamics:cover:0, Hardened Steel Glass Cover
thermaldynamics:cover:0, Hardened Electrum Glass Cover
thermaldynamics:cover:0, Hardened Invar Glass Cover
thermaldynamics:cover:0, Hardened Bronze Glass Cover
thermaldynamics:cover:0, Hardened Constantan Glass Cover
thermaldynamics:cover:0, Hardened Signalum Glass Cover
thermaldynamics:cover:0, Hardened Lumium Glass Cover
thermaldynamics:cover:0, Hardened Enderium Glass Cover
thermaldynamics:cover:0, Black Rockwool Cover
thermaldynamics:cover:0, Red Rockwool Cover
thermaldynamics:cover:0, Green Rockwool Cover
thermaldynamics:cover:0, Brown Rockwool Cover
thermaldynamics:cover:0, Blue Rockwool Cover
thermaldynamics:cover:0, Purple Rockwool Cover
thermaldynamics:cover:0, Cyan Rockwool Cover
thermaldynamics:cover:0, Light Gray Rockwool Cover
thermaldynamics:cover:0, Gray Rockwool Cover
thermaldynamics:cover:0, Pink Rockwool Cover
thermaldynamics:cover:0, Lime Rockwool Cover
thermaldynamics:cover:0, Yellow Rockwool Cover
thermaldynamics:cover:0, Light Blue Rockwool Cover
thermaldynamics:cover:0, Magenta Rockwool Cover
thermaldynamics:cover:0, Orange Rockwool Cover
thermaldynamics:cover:0, White Rockwool Cover
thermaldynamics:cover:0, Copper Ore Cover
thermaldynamics:cover:0, Tin Ore Cover
thermaldynamics:cover:0, Lead Ore Cover
thermaldynamics:cover:0, Thorium Ore Cover
thermaldynamics:cover:0, Uranium Ore Cover
thermaldynamics:cover:0, Boron Ore Cover
thermaldynamics:cover:0, Lithium Ore Cover
thermaldynamics:cover:0, Magnesium Ore Cover
thermaldynamics:cover:0, Copper Block Cover
thermaldynamics:cover:0, Tin Block Cover
thermaldynamics:cover:0, Lead Block Cover
thermaldynamics:cover:0, Thorium Block Cover
thermaldynamics:cover:0, Uranium Block Cover
thermaldynamics:cover:0, Boron Block Cover
thermaldynamics:cover:0, Lithium Block Cover
thermaldynamics:cover:0, Magnesium Block Cover
thermaldynamics:cover:0, Graphite Block Cover
thermaldynamics:cover:0, Beryllium Block Cover
thermaldynamics:cover:0, Zirconium Block Cover
thermaldynamics:cover:0, Manganese Block Cover
thermaldynamics:cover:0, Aluminum Block Cover
thermaldynamics:cover:0, Silver Block Cover
thermaldynamics:cover:0, Manganese Oxide Block Cover
thermaldynamics:cover:0, Manganese Dioxide Block Cover
thermaldynamics:cover:0, Zirconia Block Cover
thermaldynamics:cover:0, Palladium Block Cover
thermaldynamics:cover:0, Tin Oxide Block Cover
thermaldynamics:cover:0, Nickel Oxide Block Cover
thermaldynamics:cover:0, Cobalt Oxide Block Cover
thermaldynamics:cover:0, Ruthenium Oxide Block Cover
thermaldynamics:cover:0, Iridium Oxide Block Cover
thermaldynamics:cover:0, Holmium Block Cover
thermaldynamics:cover:0, Dysprosium Block Cover
thermaldynamics:cover:0, Gadolinium Block Cover
thermaldynamics:cover:0, Molybdenum Block Cover
thermaldynamics:cover:0, Copper Oxide Block Cover
thermaldynamics:cover:0, Cobalt Block Cover
thermaldynamics:cover:0, Nickel Block Cover
thermaldynamics:cover:0, Platinum Block Cover
thermaldynamics:cover:0, Soulless Sand Cover
thermaldynamics:cover:0, Soulless Sandstone Cover
thermaldynamics:cover:0, Uranium-238 Block Cover
thermaldynamics:cover:0, Neptunium-237 Block Cover
thermaldynamics:cover:0, Plutonium-242 Block Cover
thermaldynamics:cover:0, Americium-243 Block Cover
thermaldynamics:cover:0, Curium-246 Block Cover
thermaldynamics:cover:0, Berkelium-247 Block Cover
thermaldynamics:cover:0, Californium-252 Block Cover
thermaldynamics:cover:0, Supercold Ice Cover
thermaldynamics:cover:0, Heavy Water Moderator Cover
thermaldynamics:cover:0, Sintered Steel Diaphragm Cover
thermaldynamics:cover:0, Polyethersulfone Diaphragm Cover
thermaldynamics:cover:0, Zirfon Diaphragm Cover
thermaldynamics:cover:0, Steel Sieve Assembly Cover
thermaldynamics:cover:0, Polytetrafluoroethylene Sieve Assembly Cover
thermaldynamics:cover:0, Hastelloy Sieve Assembly Cover
thermaldynamics:cover:0, Beryllium-Carbon Neutron Reflector Cover
thermaldynamics:cover:0, Lead-Steel Neutron Reflector Cover
thermaldynamics:cover:0, Glowing Mushroom Cover
thermaldynamics:cover:0, Glowing Mushroom Block Cover
thermaldynamics:cover:0, Wasteland Earth Cover
thermaldynamics:cover:0, Wasteland Portal Cover
thermaldynamics:cover:0, Tritium Lamp Cover
thermaldynamics:cover:0, Solidified Corium Cover
thermaldynamics:cover:0, Zinc Block Cover
thermaldynamics:cover:0, Zinc Ore Cover
thermaldynamics:cover:0, Block of Chamelium Cover
thermaldynamics:cover:0, End Stone Cover
thermaldynamics:cover:0, High Pressure Pipe Cover
thermaldynamics:cover:0, Tungsten Carbide Neutron Reflector Cover
thermaldynamics:cover:0, Discharge Lamp Cover
thermaldynamics:cover:0, Hydrogen Discharge Lamp Cover
thermaldynamics:cover:0, Helium Discharge Lamp Cover
thermaldynamics:cover:0, Nitrogen Discharge Lamp Cover
thermaldynamics:cover:0, Oxygen Discharge Lamp Cover
thermaldynamics:cover:0, Neon Discharge Lamp Cover
thermaldynamics:cover:0, Argon Discharge Lamp Cover
thermaldynamics:cover:0, Sodium Discharge Lamp Cover
thermaldynamics:cover:0, Mercury Discharge Lamp Cover
thermaldynamics:cover:0, Strontium-90 Block Cover
thermaldynamics:cover:0, Unlit Torch Cover
thermaldynamics:cover:0, Lit Torch Cover
tombmanygraves:death_list, Death Inventory List
trinity:fluid_witherite_water, Witherite Water
trinity:fluid_nitric_oxide, Nitric Oxide
trinity:fluid_nitrogen_dioxide, Nitrogen Dioxide
trinity:fluid_nitric_acid, Nitric Acid
trinity:fluid_barium_nitrate_solution, Barium Nitrate Solution
trinity:fluid_deuterium-tritium_mixture, Deuterium-Tritium Mixture
trinity:trinitite_shard, Trinitite Shard
trinity:gem_witherite, Witherite
trinity:gem_dust_witherite, Crushed Witherite
trinity:barium, Barium Dust
trinity:compound_barium_nitrate, Barium Nitrate
trinity:compound_barium_oxide, Barium Oxide
trinity:compound_lithium_deuteride, Lithium Deuteride
trinity:dust_au_198, Gold-198 Dust
trinity:ingot_au_198, Gold-198
trinity:source_au_198, Gold-198 Source
trinity:u233_pit, Subcritical Uranium-233 Sphere
trinity:u235_pit, Subcritical Uranium-235 Spheres
trinity:np237_pit, Subcritical Neptunium-237 Sphere
trinity:pu239_pit, Subcritical Plutonium-239 Sphere
trinity:am242_pit, Subcritical Americium-242 Sphere
trinity:cm247_pit, Subcritical Curium-247 Sphere
trinity:bk248_pit, Subcritical Berkelium-248 Sphere
trinity:cf249_pit, Subcritical Californium-249 Sphere
trinity:cf251_pit, Subcritical Californium-251 Sphere
trinity:detonator, Nuclear Detonator
trinity:neutron_initiator, Polonium-Beryllium Neutron Initiator
trinity:light_container, Lightly-shielded Nuclear Pig
trinity:medium_container, Medium-shielded Nuclear Pig
trinity:heavy_container, Heavily-shielded Nuclear Pig
trinity:compression_charge, Compression Charge
trinity:solid_baratol, Baratol
trinity:dirty_bomb, Dirty Bomb
trinity:fusion_bomb, Pure Fusion Bomb
trinity:empty_fusion_bomb, Pure Fusion Bomb (Empty)
trinity:gold_bomb, Very Dirty Bomb
trinity:core_u233, Uranium-233 Fission Bomb Core
trinity:core_u235, Uranium-235 Fission Bomb Core
trinity:core_np237, Neptunium-237 Fission Bomb Core
trinity:core_pu239, Plutonium-239 Fission Bomb Core
trinity:core_am242, Americium-242 Fission Bomb Core
trinity:core_cm247, Curium-247 Fission Bomb Core
trinity:core_bk248, Berkelium-248 Fission Bomb Core
trinity:core_cf249, Californium-249 Fission Bomb Core
trinity:core_cf251, Californium-251 Fission Bomb Core
trinity:salted_core_u233, Salted Uranium-233 Fission Bomb Core
trinity:salted_core_u235, Salted Uranium-235 Fission Bomb Core
trinity:salted_core_np237, Salted Neptunium-237 Fission Bomb Core
trinity:salted_core_pu239, Salted Plutonium-239 Fission Bomb Core
trinity:salted_core_am242, Salted Americium-242 Fission Bomb Core
trinity:salted_core_cm247, Salted Curium-247 Fission Bomb Core
trinity:salted_core_bk248, Salted Berkelium-248 Fission Bomb Core
trinity:salted_core_cf249, Salted Californium-249 Fission Bomb Core
trinity:salted_core_cf251, Salted Californium-251 Fission Bomb Core
trinity:thermonuclear_core_pu239, Thermonuclear Core
trinity:bomb_u233, Uranium-233 Fission Bomb
trinity:bomb_u235, Uranium-235 Fission Bomb
trinity:bomb_np237, Neptunium-237 Fission Bomb
trinity:bomb_pu239, Plutonium-239 Fission Bomb
trinity:bomb_am242, Americium-242 Fission Bomb
trinity:bomb_cm247, Curium-247 Fission Bomb
trinity:bomb_bk248, Berkelium-248 Fission Bomb
trinity:bomb_cf249, Californium-249 Fission Bomb
trinity:bomb_cf251, Californium-251 Fission Bomb
trinity:salted_bomb_u233, Salted Uranium-233 Fission Bomb
trinity:salted_bomb_u235, Salted Uranium-235 Fission Bomb
trinity:salted_bomb_np237, Salted Neptunium-237 Fission Bomb
trinity:salted_bomb_pu239, Salted Plutonium-239 Fission Bomb
trinity:salted_bomb_am242, Salted Americium-242 Fission Bomb
trinity:salted_bomb_cm247, Salted Curium-247 Fission Bomb
trinity:salted_bomb_bk248, Salted Berkelium-248 Fission Bomb
trinity:salted_bomb_cf249, Salted Californium-249 Fission Bomb
trinity:salted_bomb_cf251, Salted Californium-251 Fission Bomb
trinity:bomb_antimatter, Antimatter Bomb
trinity:salted_sand, Radioactive Sand
trinity:salted_sand2, Highly Radioactive Sand
trinity:radioactive_earth, Radioactive Wasteland Earth
trinity:radioactive_earth2, Highly Radioactive Wasteland Earth
trinity:trinitite, Trinitite-covered Sand
trinity:solid_trinitite, Block of Trinitite
adchimneys:bedrock:0, Bedrock Chimney
adchimneys:bedrock:1, Bedrock Vent
adchimneys:bedrock:2, Bedrock Pump
adchimneys:bone_block_side:0, Bone Chimney
adchimneys:bone_block_side:1, Bone Vent
adchimneys:bone_block_side:2, Bone Pump
adchimneys:brick:0, Brick Chimney
adchimneys:brick:1, Brick Vent
adchimneys:brick:2, Brick Pump
adchimneys:clay:0, Clay Chimney
adchimneys:clay:1, Clay Vent
adchimneys:clay:2, Clay Pump
adchimneys:coal_block:0, Coal Chimney
adchimneys:coal_block:1, Coal Vent
adchimneys:coal_block:2, Coal Pump
adchimneys:coarse_dirt:0, Coarse Dirt Chimney
adchimneys:coarse_dirt:1, Coarse Dirt Vent
adchimneys:coarse_dirt:2, Coarse Dirt Pump
adchimneys:cobblestone:0, Cobblestone Chimney
adchimneys:cobblestone:1, Cobblestone Vent
adchimneys:cobblestone:2, Cobblestone Pump
adchimneys:cobblestone_mossy:0, Mossy Cobblestone Chimney
adchimneys:cobblestone_mossy:1, Mossy Cobblestone Vent
adchimneys:cobblestone_mossy:2, Mossy Cobblestone Pump
adchimneys:concrete_black:0, Black Concrete Chimney
adchimneys:concrete_black:1, Black Concrete Vent
adchimneys:concrete_black:2, Black Concrete Pump
adchimneys:concrete_blue:0, Blue Concrete Chimney
adchimneys:concrete_blue:1, Blue Concrete Vent
adchimneys:concrete_blue:2, Blue Concrete Pump
adchimneys:concrete_brown:0, Brown Concrete Chimney
adchimneys:concrete_brown:1, Brown Concrete Vent
adchimneys:concrete_brown:2, Brown Concrete Pump
adchimneys:concrete_cyan:0, Cyan Concrete Chimney
adchimneys:concrete_cyan:1, Cyan Concrete Vent
adchimneys:concrete_cyan:2, Cyan Concrete Pump
adchimneys:concrete_gray:0, Gray Concrete Chimney
adchimneys:concrete_gray:1, Gray Concrete Vent
adchimneys:concrete_gray:2, Gray Concrete Pump
adchimneys:concrete_green:0, Green Concrete Chimney
adchimneys:concrete_green:1, Green Concrete Vent
adchimneys:concrete_green:2, Green Concrete Pump
adchimneys:concrete_light_blue:0, Light Blue Concrete Chimney
adchimneys:concrete_light_blue:1, Light Blue Concrete Vent
adchimneys:concrete_light_blue:2, Light Blue Concrete Pump
adchimneys:concrete_lime:0, Lime Concrete Chimney
adchimneys:concrete_lime:1, Lime Concrete Vent
adchimneys:concrete_lime:2, Lime Concrete Pump
adchimneys:concrete_magenta:0, Magenta Concrete Chimney
adchimneys:concrete_magenta:1, Magenta Concrete Vent
adchimneys:concrete_magenta:2, Magenta Concrete Pump
adchimneys:concrete_orange:0, Orange Concrete Chimney
adchimneys:concrete_orange:1, Orange Concrete Vent
adchimneys:concrete_orange:2, Orange Concrete Pump
adchimneys:concrete_pink:0, Pink Concrete Chimney
adchimneys:concrete_pink:1, Pink Concrete Vent
adchimneys:concrete_pink:2, Pink Concrete Pump
adchimneys:concrete_purple:0, Purple Concrete Chimney
adchimneys:concrete_purple:1, Purple Concrete Vent
adchimneys:concrete_purple:2, Purple Concrete Pump
adchimneys:concrete_red:0, Red Concrete Chimney
adchimneys:concrete_red:1, Red Concrete Vent
adchimneys:concrete_red:2, Red Concrete Pump
adchimneys:concrete_silver:0, Light Gray Concrete Chimney
adchimneys:concrete_silver:1, Light Gray Concrete Vent
adchimneys:concrete_silver:2, Light Gray Concrete Pump
adchimneys:concrete_white:0, White Concrete Chimney
adchimneys:concrete_white:1, White Concrete Vent
adchimneys:concrete_white:2, White Concrete Pump
adchimneys:concrete_yellow:0, Yellow Concrete Chimney
adchimneys:concrete_yellow:1, Yellow Concrete Vent
adchimneys:concrete_yellow:2, Yellow Concrete Pump
adchimneys:diamond_block:0, Diamond Chimney
adchimneys:diamond_block:1, Diamond Vent
adchimneys:diamond_block:2, Diamond Pump
adchimneys:dirt:0, Dirt Chimney
adchimneys:dirt:1, Dirt Vent
adchimneys:dirt:2, Dirt Pump
adchimneys:emerald_block:0, Emerald Chimney
adchimneys:emerald_block:1, Emerald Vent
adchimneys:emerald_block:2, Emerald Pump
adchimneys:end_bricks:0, Endstone Brick Chimney
adchimneys:end_bricks:1, Endstone Brick Vent
adchimneys:end_bricks:2, Endstone Brick Pump
adchimneys:end_stone:0, Endstone Chimney
adchimneys:end_stone:1, Endstone Vent
adchimneys:end_stone:2, Endstone Pump
adchimneys:glass:0, Glass Chimney
adchimneys:glass_black:0, Black Glass Chimney
adchimneys:glass_blue:0, Blue Glass Chimney
adchimneys:glass_brown:0, Brown Glass Chimney
adchimneys:glass_cyan:0, Cyan Glass Chimney
adchimneys:glass_gray:0, Gray Glass Chimney
adchimneys:glass_green:0, Green Glass Chimney
adchimneys:glass_light_blue:0, Light Blue Glass Chimney
adchimneys:glass_lime:0, Lime Glass Chimney
adchimneys:glass_magenta:0, Magenta Glass Chimney
adchimneys:glass_orange:0, Orange Glass Chimney
adchimneys:glass_pink:0, Pink Glass Chimney
adchimneys:glass_purple:0, Purple Glass Chimney
adchimneys:glass_red:0, Red Glass Chimney
adchimneys:glass_silver:0, Light Gray Glass Chimney
adchimneys:glass_white:0, White Glass Chimney
adchimneys:glass_yellow:0, Yellow Glass Chimney
adchimneys:glazed_terracotta_black:0, Black Glazed Terracotta Chimney
adchimneys:glazed_terracotta_black:1, Black Glazed Terracotta Vent
adchimneys:glazed_terracotta_black:2, Black Glazed Terracotta Pump
adchimneys:glazed_terracotta_blue:0, Blue Glazed Terracotta Chimney
adchimneys:glazed_terracotta_blue:1, Blue Glazed Terracotta Vent
adchimneys:glazed_terracotta_blue:2, Blue Glazed Terracotta Pump
adchimneys:glazed_terracotta_brown:0, Brown Glazed Terracotta Chimney
adchimneys:glazed_terracotta_brown:1, Brown Glazed Terracotta Vent
adchimneys:glazed_terracotta_brown:2, Brown Glazed Terracotta Pump
adchimneys:glazed_terracotta_cyan:0, Cyan Glazed Terracotta Chimney
adchimneys:glazed_terracotta_cyan:1, Cyan Glazed Terracotta Vent
adchimneys:glazed_terracotta_cyan:2, Cyan Glazed Terracotta Pump
adchimneys:glazed_terracotta_gray:0, Gray Glazed Terracotta Chimney
adchimneys:glazed_terracotta_gray:1, Gray Glazed Terracotta Vent
adchimneys:glazed_terracotta_gray:2, Gray Glazed Terracotta Pump
adchimneys:glazed_terracotta_green:0, Green Glazed Terracotta Chimney
adchimneys:glazed_terracotta_green:1, Green Glazed Terracotta Vent
adchimneys:glazed_terracotta_green:2, Green Glazed Terracotta Pump
adchimneys:glazed_terracotta_light_blue:0, Light Blue Glazed Terracotta Chimney
adchimneys:glazed_terracotta_light_blue:1, Light Blue Glazed Terracotta Vent
adchimneys:glazed_terracotta_light_blue:2, Light Blue Glazed Terracotta Pump
adchimneys:glazed_terracotta_lime:0, Lime Glazed Terracotta Chimney
adchimneys:glazed_terracotta_lime:1, Lime Glazed Terracotta Vent
adchimneys:glazed_terracotta_lime:2, Lime Glazed Terracotta Pump
adchimneys:glazed_terracotta_magenta:0, Magenta Glazed Terracotta Chimney
adchimneys:glazed_terracotta_magenta:1, Magenta Glazed Terracotta Vent
adchimneys:glazed_terracotta_magenta:2, Magenta Glazed Terracotta Pump
adchimneys:glazed_terracotta_orange:0, Orange Glazed Terracotta Chimney
adchimneys:glazed_terracotta_orange:1, Orange Glazed Terracotta Vent
adchimneys:glazed_terracotta_orange:2, Orange Glazed Terracotta Pump
adchimneys:glazed_terracotta_pink:0, Pink Glazed Terracotta Chimney
adchimneys:glazed_terracotta_pink:1, Pink Glazed Terracotta Vent
adchimneys:glazed_terracotta_pink:2, Pink Glazed Terracotta Pump
adchimneys:glazed_terracotta_purple:0, Purple Glazed Terracotta Chimney
adchimneys:glazed_terracotta_purple:1, Purple Glazed Terracotta Vent
adchimneys:glazed_terracotta_purple:2, Purple Glazed Terracotta Pump
adchimneys:glazed_terracotta_red:0, Red Glazed Terracotta Chimney
adchimneys:glazed_terracotta_red:1, Red Glazed Terracotta Vent
adchimneys:glazed_terracotta_red:2, Red Glazed Terracotta Pump
adchimneys:glazed_terracotta_silver:0, Light Gray Glazed Terracotta Chimney
adchimneys:glazed_terracotta_silver:1, Light Gray Glazed Terracotta Vent
adchimneys:glazed_terracotta_silver:2, Light Gray Glazed Terracotta Pump
adchimneys:glazed_terracotta_white:0, White Glazed Terracotta Chimney
adchimneys:glazed_terracotta_white:1, White Glazed Terracotta Vent
adchimneys:glazed_terracotta_white:2, White Glazed Terracotta Pump
adchimneys:glazed_terracotta_yellow:0, Yellow Glazed Terracotta Chimney
adchimneys:glazed_terracotta_yellow:1, Yellow Glazed Terracotta Vent
adchimneys:glazed_terracotta_yellow:2, Yellow Glazed Terracotta Pump
adchimneys:glowstone:0, Glowstone Chimney
adchimneys:gold_block:0, Gold Chimney
adchimneys:gold_block:1, Gold Vent
adchimneys:gold_block:2, Gold Pump
adchimneys:hardened_clay:0, Terracotta Chimney
adchimneys:hardened_clay:1, Terracotta Vent
adchimneys:hardened_clay:2, Terracotta Pump
adchimneys:hardened_clay_stained_black:0, Black Terracotta Chimney
adchimneys:hardened_clay_stained_black:1, Black Terracotta Vent
adchimneys:hardened_clay_stained_black:2, Black Terracotta Pump
adchimneys:hardened_clay_stained_blue:0, Blue Terracotta Chimney
adchimneys:hardened_clay_stained_blue:1, Blue Terracotta Vent
adchimneys:hardened_clay_stained_blue:2, Blue Terracotta Pump
adchimneys:hardened_clay_stained_brown:0, Brown Terracotta Chimney
adchimneys:hardened_clay_stained_brown:1, Brown Terracotta Vent
adchimneys:hardened_clay_stained_brown:2, Brown Terracotta Pump
adchimneys:hardened_clay_stained_cyan:0, Cyan Terracotta Chimney
adchimneys:hardened_clay_stained_cyan:1, Cyan Terracotta Vent
adchimneys:hardened_clay_stained_cyan:2, Cyan Terracotta Pump
adchimneys:hardened_clay_stained_gray:0, Gray Terracotta Chimney
adchimneys:hardened_clay_stained_gray:1, Gray Terracotta Vent
adchimneys:hardened_clay_stained_gray:2, Gray Terracotta Pump
adchimneys:hardened_clay_stained_green:0, Green Terracotta Chimney
adchimneys:hardened_clay_stained_green:1, Green Terracotta Vent
adchimneys:hardened_clay_stained_green:2, Green Terracotta Pump
adchimneys:hardened_clay_stained_light_blue:0, Light Blue Terracotta Chimney
adchimneys:hardened_clay_stained_light_blue:1, Light Blue Terracotta Vent
adchimneys:hardened_clay_stained_light_blue:2, Light Blue Terracotta Pump
adchimneys:hardened_clay_stained_lime:0, Lime Terracotta Chimney
adchimneys:hardened_clay_stained_lime:1, Lime Terracotta Vent
adchimneys:hardened_clay_stained_lime:2, Lime Terracotta Pump
adchimneys:hardened_clay_stained_magenta:0, Magenta Terracotta Chimney
adchimneys:hardened_clay_stained_magenta:1, Magenta Terracotta Vent
adchimneys:hardened_clay_stained_magenta:2, Magenta Terracotta Pump
adchimneys:hardened_clay_stained_orange:0, Orange Terracotta Chimney
adchimneys:hardened_clay_stained_orange:1, Orange Terracotta Vent
adchimneys:hardened_clay_stained_orange:2, Orange Terracotta Pump
adchimneys:hardened_clay_stained_pink:0, Pink Terracotta Chimney
adchimneys:hardened_clay_stained_pink:1, Pink Terracotta Vent
adchimneys:hardened_clay_stained_pink:2, Pink Terracotta Pump
adchimneys:hardened_clay_stained_purple:0, Purple Terracotta Chimney
adchimneys:hardened_clay_stained_purple:1, Purple Terracotta Vent
adchimneys:hardened_clay_stained_purple:2, Purple Terracotta Pump
adchimneys:hardened_clay_stained_red:0, Red Terracotta Chimney
adchimneys:hardened_clay_stained_red:1, Red Terracotta Vent
adchimneys:hardened_clay_stained_red:2, Red Terracotta Pump
adchimneys:hardened_clay_stained_silver:0, Light Gray Terracotta Chimney
adchimneys:hardened_clay_stained_silver:1, Light Gray Terracotta Vent
adchimneys:hardened_clay_stained_silver:2, Light Gray Terracotta Pump
adchimneys:hardened_clay_stained_white:0, White Terracotta Chimney
adchimneys:hardened_clay_stained_white:1, White Terracotta Vent
adchimneys:hardened_clay_stained_white:2, White Terracotta Pump
adchimneys:hardened_clay_stained_yellow:0, Yellow Terracotta Chimney
adchimneys:hardened_clay_stained_yellow:1, Yellow Terracotta Vent
adchimneys:hardened_clay_stained_yellow:2, Yellow Terracotta Pump
adchimneys:iron_block:0, Iron Chimney
adchimneys:iron_block:1, Iron Vent
adchimneys:iron_block:2, Iron Pump
adchimneys:lapis_block:0, Lapis Lazuli Chimney
adchimneys:lapis_block:1, Lapis Lazuli Vent
adchimneys:lapis_block:2, Lapis Lazuli Pump
adchimneys:magma:0, Magma Chimney
adchimneys:magma:1, Magma Vent
adchimneys:magma:2, Magma Pump
adchimneys:nether_brick:0, Nether Brick Chimney
adchimneys:nether_brick:1, Nether Brick Vent
adchimneys:nether_brick:2, Nether Brick Pump
adchimneys:nether_wart_block:0, Nether Wart Chimney
adchimneys:nether_wart_block:1, Nether Wart Vent
adchimneys:nether_wart_block:2, Nether Wart Pump
adchimneys:netherrack:0, Netherrack Chimney
adchimneys:netherrack:1, Netherrack Vent
adchimneys:netherrack:2, Netherrack Pump
adchimneys:obsidian:0, Obsidian Chimney
adchimneys:obsidian:1, Obsidian Vent
adchimneys:obsidian:2, Obsidian Pump
adchimneys:prismarine_rough:0, Prismarine Chimney
adchimneys:prismarine_rough:1, Prismarine Vent
adchimneys:prismarine_rough:2, Prismarine Pump
adchimneys:prismarine_bricks:0, Prismarine Brick Chimney
adchimneys:prismarine_bricks:1, Prismarine Brick Vent
adchimneys:prismarine_bricks:2, Prismarine Brick Pump
adchimneys:prismarine_dark:0, Dark Prismarine Chimney
adchimneys:prismarine_dark:1, Dark Prismarine Vent
adchimneys:prismarine_dark:2, Dark Prismarine Pump
adchimneys:purpur_block:0, Purpur Chimney
adchimneys:purpur_block:1, Purpur Vent
adchimneys:purpur_block:2, Purpur Pump
adchimneys:quartz_block_chiseled:0, Chiseled Quartz Chimney
adchimneys:quartz_block_chiseled:1, Chiseled Quartz Vent
adchimneys:quartz_block_chiseled:2, Chiseled Quartz Pump
adchimneys:quartz_block_lines:0, Pillar Quartz Chimney
adchimneys:quartz_block_lines:1, Pillar Quartz Vent
adchimneys:quartz_block_lines:2, Pillar Quartz Pump
adchimneys:quartz_block_side:0, Quartz Chimney
adchimneys:quartz_block_side:1, Quartz Vent
adchimneys:quartz_block_side:2, Quartz Pump
adchimneys:red_nether_brick:0, Red Nether Brick Chimney
adchimneys:red_nether_brick:1, Red Nether Brick Vent
adchimneys:red_nether_brick:2, Red Nether Brick Pump
adchimneys:red_sandstone_carved:0, Chiseled Red Sandstone Chimney
adchimneys:red_sandstone_carved:1, Chiseled Red Sandstone Vent
adchimneys:red_sandstone_carved:2, Chiseled Red Sandstone Pump
adchimneys:red_sandstone_normal:0, Red Sandstone Chimney
adchimneys:red_sandstone_normal:1, Red Sandstone Vent
adchimneys:red_sandstone_normal:2, Red Sandstone Pump
adchimneys:red_sandstone_smooth:0, Smooth Red Sandstone Chimney
adchimneys:red_sandstone_smooth:1, Smooth Red Sandstone Vent
adchimneys:red_sandstone_smooth:2, Smooth Red Sandstone Pump
adchimneys:sandstone_carved:0, Chiseled Sandstone Chimney
adchimneys:sandstone_carved:1, Chiseled Sandstone Vent
adchimneys:sandstone_carved:2, Chiseled Sandstone Pump
adchimneys:sandstone_normal:0, Sandstone Chimney
adchimneys:sandstone_normal:1, Sandstone Vent
adchimneys:sandstone_normal:2, Sandstone Pump
adchimneys:sandstone_smooth:0, Smooth Sandstone Chimney
adchimneys:sandstone_smooth:1, Smooth Sandstone Vent
adchimneys:sandstone_smooth:2, Smooth Sandstone Pump
adchimneys:sea_lantern:0, Sea Lantern Chimney
adchimneys:soul_sand:0, Soul Sand Chimney
adchimneys:soul_sand:1, Soul Sand Vent
adchimneys:soul_sand:2, Soul Sand Pump
adchimneys:stone:0, Stone Chimney
adchimneys:stone:1, Stone Vent
adchimneys:stone:2, Stone Pump
adchimneys:stone_andesite:0, Andesite Chimney
adchimneys:stone_andesite:1, Andesite Vent
adchimneys:stone_andesite:2, Andesite Pump
adchimneys:stone_andesite_smooth:0, Polished Andesite Chimney
adchimneys:stone_andesite_smooth:1, Polished Andesite Vent
adchimneys:stone_andesite_smooth:2, Polished Andesite Pump
adchimneys:stone_diorite:0, Diorite Chimney
adchimneys:stone_diorite:1, Diorite Vent
adchimneys:stone_diorite:2, Diorite Pump
adchimneys:stone_diorite_smooth:0, Polished Diorite Chimney
adchimneys:stone_diorite_smooth:1, Polished Diorite Vent
adchimneys:stone_diorite_smooth:2, Polished Diorite Pump
adchimneys:stone_granite:0, Granite Chimney
adchimneys:stone_granite:1, Granite Vent
adchimneys:stone_granite:2, Granite Pump
adchimneys:stone_granite_smooth:0, Polished Granite Chimney
adchimneys:stone_granite_smooth:1, Polished Granite Vent
adchimneys:stone_granite_smooth:2, Polished Granite Pump
adchimneys:stonebrick:0, Stone Brick Chimney
adchimneys:stonebrick:1, Stone Brick Vent
adchimneys:stonebrick:2, Stone Brick Pump
adchimneys:stonebrick_mossy:0, Mossy Stone Brick Chimney
adchimneys:stonebrick_mossy:1, Mossy Stone Brick Vent
adchimneys:stonebrick_mossy:2, Mossy Stone Brick Pump
adchimneys:stonebrick_cracked:0, Cracked Stone Brick Chimney
adchimneys:stonebrick_cracked:1, Cracked Stone Brick Vent
adchimneys:stonebrick_cracked:2, Cracked Stone Brick Pump
adchimneys:smoker, Smoker
libvulpes:blockphantom, tile.blockPhantom.name
libvulpes:hatch:0, Input Hatch
libvulpes:hatch:1, Output Hatch
libvulpes:hatch:2, Fluid Input Hatch
libvulpes:hatch:3, Fluid Output Hatch
libvulpes:placeholder, Machine
libvulpes:structuremachine, Machine Structure
libvulpes:advstructuremachine, Advanced Machine Structure
libvulpes:creativepowerbattery, Creative Power Input Plug
libvulpes:forgepowerinput, Power Input Plug
libvulpes:forgepoweroutput, Power Output Plug
libvulpes:coalgenerator, Coal Generator
libvulpes:motor, Motor
libvulpes:advancedmotor, Advanced Motor
libvulpes:enhancedmotor, Enhanced Motor
libvulpes:elitemotor, Elite Motor
libvulpes:productdust:0, material.Dilithium.name Dust
libvulpes:productdust:1, Iron Dust
libvulpes:productdust:2, Gold Dust
libvulpes:productdust:3, Silicon Dust
libvulpes:productdust:4, Copper Dust
libvulpes:productdust:5, Tin Dust
libvulpes:productdust:6, Steel Dust
libvulpes:productdust:7, Titanium Dust
libvulpes:productdust:9, Aluminum Dust
libvulpes:productdust:10, Iridium Dust
libvulpes:productingot:3, Silicon Ingot
libvulpes:productingot:4, Copper Ingot
libvulpes:productingot:5, Tin Ingot
libvulpes:productingot:6, Steel Ingot
libvulpes:productingot:7, Titanium Ingot
libvulpes:productingot:9, Aluminum Ingot
libvulpes:productingot:10, Iridium Ingot
libvulpes:productgem:0, material.Dilithium.name Crystal
libvulpes:productboule:3, Silicon Boule
libvulpes:productnugget:3, Silicon Nugget
libvulpes:productnugget:4, Copper Nugget
libvulpes:productnugget:5, Tin Nugget
libvulpes:productnugget:6, Steel Nugget
libvulpes:productnugget:7, Titanium Nugget
libvulpes:productnugget:9, Aluminum Nugget
libvulpes:productnugget:10, Iridium Nugget
libvulpes:productplate:1, Iron Plate
libvulpes:productplate:2, Gold Plate
libvulpes:productplate:3, Silicon Plate
libvulpes:productplate:4, Copper Plate
libvulpes:productplate:5, Tin Plate
libvulpes:productplate:6, Steel Plate
libvulpes:productplate:7, Titanium Plate
libvulpes:productplate:9, Aluminum Plate
libvulpes:productplate:10, Iridium Plate
libvulpes:productrod:1, Iron Rod
libvulpes:productrod:4, Copper Rod
libvulpes:productrod:6, Steel Rod
libvulpes:productrod:7, Titanium Rod
libvulpes:productrod:10, Iridium Rod
libvulpes:productfan:6, Steel Fan
libvulpes:productsheet:1, Iron Sheet
libvulpes:productsheet:4, Copper Sheet
libvulpes:productsheet:6, Steel Sheet
libvulpes:productsheet:7, Titanium Sheet
libvulpes:productsheet:9, Aluminum Sheet
libvulpes:productgear:6, Steel Gear
libvulpes:productgear:7, Titanium Gear
libvulpes:ore0:0, material.Dilithium.name Ore
libvulpes:ore0:4, Copper Ore
libvulpes:ore0:5, Tin Ore
libvulpes:ore0:8, Rutile Ore
libvulpes:ore0:9, Aluminum Ore
libvulpes:ore0:10, Iridium Ore
libvulpes:metal0:4, Copper Block
libvulpes:metal0:5, Tin Block
libvulpes:metal0:6, Steel Block
libvulpes:metal0:7, Titanium Block
libvulpes:metal0:9, Aluminum Block
libvulpes:metal0:10, Iridium Block
libvulpes:coil0:2, Gold Coil
libvulpes:coil0:4, Copper Coil
libvulpes:coil0:7, Titanium Coil
libvulpes:coil0:9, Aluminum Coil
libvulpes:coil0:10, Iridium Coil
advancedrocketry:concrete, Concrete Tile
advancedrocketry:blastbrick, HeatProof Brick
advancedrocketry:structuretower, Structure Tower
advancedrocketry:blocklens, Lens
advancedrocketry:solarpanel, Solar Panel
advancedrocketry:solararraypanel, Solar Array Panel
advancedrocketry:sawblade, Saw Blade Assembly
advancedrocketry:platepress, Small Plate Presser
advancedrocketry:forcefieldprojector, Force Field Projector
advancedrocketry:forcefield, Force Field
advancedrocketry:vacuumlaser, Vacuum-Chamber High Power Laser Emitter
advancedrocketry:blockpump, Pollutant Pump
advancedrocketry:suitworkstation, Suit Workstation
advancedrocketry:liquidtank, Pressurized Tank
advancedrocketry:solargenerator, Solar Generator
advancedrocketry:wirelesstransciever, Wireless Transceiver
advancedrocketry:arcfurnace, Electric Arc Furnace
advancedrocketry:rollingmachine, Rolling Machine
advancedrocketry:lathe, Lathe
advancedrocketry:crystallizer, Crystallizer
advancedrocketry:cuttingmachine, Cutting Machine
advancedrocketry:precisionassemblingmachine, Precision Assembler
advancedrocketry:electrolyser, Electrolyser
advancedrocketry:chemicalreactor, Chemical Reactor
advancedrocketry:precisionlaseretcher, Precision Laser Etcher
advancedrocketry:observatory, Observatory
advancedrocketry:planetanalyser, Astrobody Data Processor
advancedrocketry:centrifuge, Centrifuge
advancedrocketry:satellitebuilder, Satellite Builder
advancedrocketry:blackholegenerator, Black Hole Generator
advancedrocketry:microwavereciever, Microwave Receiver
advancedrocketry:solararray, Solar Array
advancedrocketry:warpcore, Warp Core
advancedrocketry:beacon, Beacon
advancedrocketry:biomescanner, Biome Scanner
advancedrocketry:railgun, Railgun
advancedrocketry:spaceelevatorcontroller, Space Elevator
advancedrocketry:terraformer, Atmosphere Terraformer
advancedrocketry:gravitymachine, Area Gravity Controller
advancedrocketry:spacelaser, Orbital Laser Drill
advancedrocketry:launchpad, Launch Pad
advancedrocketry:landingpad, Docking Pad
advancedrocketry:stationmarker, Station Docking Port
advancedrocketry:seat, Seat
advancedrocketry:rocketmotor, Monopropellant Rocket Engine
advancedrocketry:bipropellantrocketmotor, Bipropellant Rocket Engine
advancedrocketry:advrocketmotor, Advanced Monopropellant Rocket Engine
advancedrocketry:advbipropellantrocketmotor, Advanced Bipropellant Rocket Engine
advancedrocketry:nuclearrocketmotor, Nuclear Thermal Rocket Engine
advancedrocketry:fueltank, Monopropellant Fuel Tank
advancedrocketry:bipropellantfueltank, Bipropellant Fuel Tank
advancedrocketry:oxidizerfueltank, Oxidizer Fuel Tank
advancedrocketry:nuclearfueltank, Nuclear Thermal Working Fluid Tank
advancedrocketry:nuclearcore, Nuclear Thermal Fission Core
advancedrocketry:guidancecomputer, Guidance Computer
advancedrocketry:intake, Gas Intake
advancedrocketry:drill, Drill
advancedrocketry:landingfloat, Landing Float
advancedrocketry:rocketbuilder, Rocket Assembling Machine
advancedrocketry:stationbuilder, Space Station Assembler
advancedrocketry:deployablerocketbuilder, Unmanned Vehicle Assembler
advancedrocketry:loader:0, Data Bus
advancedrocketry:loader:1, Satellite Bay
advancedrocketry:loader:2, Rocket Unloader
advancedrocketry:loader:3, Rocket Loader
advancedrocketry:loader:4, Rocket Fluid Unloader
advancedrocketry:loader:5, Rocket Fluid Loader
advancedrocketry:loader:6, Guidance Computer Access Hatch
advancedrocketry:fuelingstation, Fueling station
advancedrocketry:monitoringstation, Rocket Monitoring Station
advancedrocketry:satellitecontrolcenter, Satellite Terminal
advancedrocketry:warpmonitor, Warp Controller
advancedrocketry:orientationcontroller, Orientation Controller
advancedrocketry:gravitycontroller, Station Gravity Controller
advancedrocketry:altitudecontroller, Altitude Controller
advancedrocketry:planetselector, Planet Selector
advancedrocketry:planetholoselector, Holographic Planet Selector
advancedrocketry:oxygenscrubber, CO2 Scrubber
advancedrocketry:oxygenvent, Oxygen Vent
advancedrocketry:oxygencharger, Gas Charge Pad
advancedrocketry:oxygendetection, Atmosphere Detector
advancedrocketry:pipesealer, Pipe Seal
advancedrocketry:airlock_door, tile.smallAirlockDoor.name
advancedrocketry:unlittorch, Extinguished Torch
advancedrocketry:thermitetorch, Thermite Torch
advancedrocketry:circlelight, Station Light
advancedrocketry:lightsource, tile.lightSource.name
advancedrocketry:moonturf, Moon Turf
advancedrocketry:moonturf_dark, Dark Moon Turf
advancedrocketry:hotturf, Oxidized Ferric Sand
advancedrocketry:basalt, Basalt
advancedrocketry:geode, Geode Block
advancedrocketry:crystal:0, Violet Crystal Block
advancedrocketry:crystal:1, Blue Crystal Block
advancedrocketry:crystal:2, Green Crystal Block
advancedrocketry:crystal:3, Red Crystal Block
advancedrocketry:crystal:4, Yellow Crystal Block
advancedrocketry:crystal:5, Orange Crystal Block
advancedrocketry:vitrifiedsand, Vitrified Sand
advancedrocketry:charcoallog, Charcoal Log
advancedrocketry:electricmushroom, Electric Mushroom
advancedrocketry:alienwood, Lightwood Wood
advancedrocketry:alienleaves, Lightwood Leaves
advancedrocketry:aliensapling, Lightwood Sapling
advancedrocketry:planks, Lightwood planks
advancedrocketry:productdust:0, Titanium Aluminide Dust
advancedrocketry:productdust:1, Titanium Iridium Alloy Dust
advancedrocketry:productingot:0, Titanium Aluminide Ingot
advancedrocketry:productingot:1, Titanium Iridium Alloy Ingot
advancedrocketry:productnugget:0, Titanium Aluminide Nugget
advancedrocketry:productnugget:1, Titanium Iridium Alloy Nugget
advancedrocketry:productplate:0, Titanium Aluminide Plate
advancedrocketry:productplate:1, Titanium Iridium Alloy Plate
advancedrocketry:productrod:0, Titanium Aluminide Rod
advancedrocketry:productrod:1, Titanium Iridium Alloy Rod
advancedrocketry:productsheet:0, Titanium Aluminide Sheet
advancedrocketry:productsheet:1, Titanium Iridium Alloy Sheet
advancedrocketry:productgear:0, Titanium Aluminide Gear
advancedrocketry:productgear:1, Titanium Iridium Alloy Gear
advancedrocketry:metal0:0, Titanium Aluminide Block
advancedrocketry:metal0:1, Titanium Iridium Alloy Block
chisel:blockaluminum:0, Block of Aluminum
chisel:blockaluminum:1, Block of Aluminum
chisel:blockaluminum:2, Block of Aluminum
chisel:blockaluminum:3, Block of Aluminum
chisel:blockaluminum:4, Block of Aluminum
chisel:blockaluminum:5, Block of Aluminum
chisel:blockaluminum:6, Block of Aluminum
chisel:andesite:0, Andesite
chisel:andesite:1, Andesite
chisel:andesite:2, Andesite
chisel:andesite:3, Andesite
chisel:andesite:4, Andesite
chisel:andesite:5, Andesite
chisel:andesite:6, Andesite
chisel:andesite:7, Andesite
chisel:andesite:8, Andesite
chisel:andesite:9, Andesite
chisel:andesite:10, Andesite
chisel:andesite:11, Andesite
chisel:andesite:12, Andesite
chisel:andesite:13, Andesite
chisel:andesite:14, Andesite
chisel:andesite:15, Andesite
chisel:andesite1:0, Andesite
chisel:andesite1:1, Andesite
chisel:andesite1:2, Andesite
chisel:andesite1:3, Andesite
chisel:andesite1:4, Andesite
chisel:andesite1:5, Andesite
chisel:andesite1:6, Andesite
chisel:andesite1:7, Andesite
chisel:andesite1:8, Andesite
chisel:andesite1:9, Andesite
chisel:andesite1:10, Andesite
chisel:andesite1:11, Andesite
chisel:andesite1:12, Andesite
chisel:andesite1:13, Andesite
chisel:andesite1:14, Andesite
chisel:andesite1:15, Andesite
chisel:andesite2:0, Andesite
chisel:antiblock:0, Antiblock
chisel:antiblock:1, Antiblock
chisel:antiblock:2, Antiblock
chisel:antiblock:3, Antiblock
chisel:antiblock:4, Antiblock
chisel:antiblock:5, Antiblock
chisel:antiblock:6, Antiblock
chisel:antiblock:7, Antiblock
chisel:antiblock:8, Antiblock
chisel:antiblock:9, Antiblock
chisel:antiblock:10, Antiblock
chisel:antiblock:11, Antiblock
chisel:antiblock:12, Antiblock
chisel:antiblock:13, Antiblock
chisel:antiblock:14, Antiblock
chisel:antiblock:15, Antiblock
chisel:basalt:0, Basalt
chisel:basalt:1, Basalt
chisel:basalt:2, Basalt
chisel:basalt:3, Basalt
chisel:basalt:4, Basalt
chisel:basalt:5, Basalt
chisel:basalt:6, Basalt
chisel:basalt:7, Basalt
chisel:basalt:8, Basalt
chisel:basalt:9, Basalt
chisel:basalt:10, Basalt
chisel:basalt:11, Basalt
chisel:basalt:12, Basalt
chisel:basalt:13, Basalt
chisel:basalt:14, Basalt
chisel:basalt:15, Basalt
chisel:basalt1:0, Basalt
chisel:basalt1:1, Basalt
chisel:basalt1:2, Basalt
chisel:basalt1:3, Basalt
chisel:basalt1:4, Basalt
chisel:basalt1:5, Basalt
chisel:basalt1:6, Basalt
chisel:basalt1:7, Basalt
chisel:basalt1:8, Basalt
chisel:basalt1:9, Basalt
chisel:basalt2:0, Basalt
chisel:basalt2:1, Basalt
chisel:basalt2:2, Basalt
chisel:basalt2:3, Basalt
chisel:basalt2:4, Basalt
chisel:basalt2:5, Basalt
chisel:basalt2:6, Basalt
chisel:basalt2:7, Basalt
chisel:bookshelf_oak:0, Oak Bookshelf
chisel:bookshelf_oak:1, Oak Bookshelf
chisel:bookshelf_oak:2, Oak Bookshelf
chisel:bookshelf_oak:3, Oak Bookshelf
chisel:bookshelf_oak:4, Oak Bookshelf
chisel:bookshelf_oak:5, Oak Bookshelf
chisel:bookshelf_oak:6, Oak Bookshelf
chisel:bookshelf_oak:7, Oak Bookshelf
chisel:bookshelf_oak:8, Oak Bookshelf
chisel:bookshelf_oak:9, Oak Bookshelf
chisel:bookshelf_spruce:0, Spruce Bookshelf
chisel:bookshelf_spruce:1, Spruce Bookshelf
chisel:bookshelf_spruce:2, Spruce Bookshelf
chisel:bookshelf_spruce:3, Spruce Bookshelf
chisel:bookshelf_spruce:4, Spruce Bookshelf
chisel:bookshelf_spruce:5, Spruce Bookshelf
chisel:bookshelf_spruce:6, Spruce Bookshelf
chisel:bookshelf_spruce:7, Spruce Bookshelf
chisel:bookshelf_spruce:8, Spruce Bookshelf
chisel:bookshelf_spruce:9, Spruce Bookshelf
chisel:bookshelf_birch:0, Birch Bookshelf
chisel:bookshelf_birch:1, Birch Bookshelf
chisel:bookshelf_birch:2, Birch Bookshelf
chisel:bookshelf_birch:3, Birch Bookshelf
chisel:bookshelf_birch:4, Birch Bookshelf
chisel:bookshelf_birch:5, Birch Bookshelf
chisel:bookshelf_birch:6, Birch Bookshelf
chisel:bookshelf_birch:7, Birch Bookshelf
chisel:bookshelf_birch:8, Birch Bookshelf
chisel:bookshelf_birch:9, Birch Bookshelf
chisel:bookshelf_jungle:0, Jungle Bookshelf
chisel:bookshelf_jungle:1, Jungle Bookshelf
chisel:bookshelf_jungle:2, Jungle Bookshelf
chisel:bookshelf_jungle:3, Jungle Bookshelf
chisel:bookshelf_jungle:4, Jungle Bookshelf
chisel:bookshelf_jungle:5, Jungle Bookshelf
chisel:bookshelf_jungle:6, Jungle Bookshelf
chisel:bookshelf_jungle:7, Jungle Bookshelf
chisel:bookshelf_jungle:8, Jungle Bookshelf
chisel:bookshelf_jungle:9, Jungle Bookshelf
chisel:bookshelf_acacia:0, Acacia Bookshelf
chisel:bookshelf_acacia:1, Acacia Bookshelf
chisel:bookshelf_acacia:2, Acacia Bookshelf
chisel:bookshelf_acacia:3, Acacia Bookshelf
chisel:bookshelf_acacia:4, Acacia Bookshelf
chisel:bookshelf_acacia:5, Acacia Bookshelf
chisel:bookshelf_acacia:6, Acacia Bookshelf
chisel:bookshelf_acacia:7, Acacia Bookshelf
chisel:bookshelf_acacia:8, Acacia Bookshelf
chisel:bookshelf_acacia:9, Acacia Bookshelf
chisel:bookshelf_darkoak:0, Dark Oak Bookshelf
chisel:bookshelf_darkoak:1, Dark Oak Bookshelf
chisel:bookshelf_darkoak:2, Dark Oak Bookshelf
chisel:bookshelf_darkoak:3, Dark Oak Bookshelf
chisel:bookshelf_darkoak:4, Dark Oak Bookshelf
chisel:bookshelf_darkoak:5, Dark Oak Bookshelf
chisel:bookshelf_darkoak:6, Dark Oak Bookshelf
chisel:bookshelf_darkoak:7, Dark Oak Bookshelf
chisel:bookshelf_darkoak:8, Dark Oak Bookshelf
chisel:bookshelf_darkoak:9, Dark Oak Bookshelf
chisel:bricks:0, Bricks
chisel:bricks:1, Bricks
chisel:bricks:2, Bricks
chisel:bricks:3, Bricks
chisel:bricks:4, Bricks
chisel:bricks:5, Bricks
chisel:bricks:6, Bricks
chisel:bricks:7, Bricks
chisel:bricks:8, Bricks
chisel:bricks:9, Bricks
chisel:bricks:10, Bricks
chisel:bricks:11, Bricks
chisel:bricks:12, Bricks
chisel:bricks:13, Bricks
chisel:bricks:14, Bricks
chisel:bricks:15, Bricks
chisel:bricks1:0, Bricks
chisel:bricks1:1, Bricks
chisel:bricks1:2, Bricks
chisel:bricks1:3, Bricks
chisel:bricks1:4, Bricks
chisel:bricks1:5, Bricks
chisel:bricks1:6, Bricks
chisel:bricks1:7, Bricks
chisel:bricks1:8, Bricks
chisel:bricks1:9, Bricks
chisel:bricks2:0, Bricks
chisel:bricks2:1, Bricks
chisel:bricks2:2, Bricks
chisel:bricks2:3, Bricks
chisel:bricks2:4, Bricks
chisel:bricks2:5, Bricks
chisel:blockbronze:0, Block of Bronze
chisel:blockbronze:1, Block of Bronze
chisel:blockbronze:2, Block of Bronze
chisel:blockbronze:3, Block of Bronze
chisel:blockbronze:4, Block of Bronze
chisel:blockbronze:5, Block of Bronze
chisel:blockbronze:6, Block of Bronze
chisel:brownstone:0, Brownstone
chisel:brownstone:1, Brownstone
chisel:brownstone:2, Brownstone
chisel:brownstone:3, Brownstone
chisel:brownstone:4, Brownstone
chisel:brownstone:5, Brownstone
chisel:brownstone:6, Brownstone
chisel:brownstone:7, Brownstone
chisel:brownstone:8, Brownstone
chisel:brownstone:9, Brownstone
chisel:certus:0, Block of Certus Quartz
chisel:certus:1, Block of Certus Quartz
chisel:certus:2, Block of Certus Quartz
chisel:certus:3, Block of Certus Quartz
chisel:certus:4, Block of Certus Quartz
chisel:certus:5, Block of Certus Quartz
chisel:certus:6, Block of Certus Quartz
chisel:certus:7, Block of Certus Quartz
chisel:certus:8, Block of Certus Quartz
chisel:certus:9, Block of Certus Quartz
chisel:certus:10, Block of Certus Quartz
chisel:certus:11, Block of Certus Quartz
chisel:certus:12, Block of Certus Quartz
chisel:certus:13, Block of Certus Quartz
chisel:certus:14, Block of Certus Quartz
chisel:certus:15, Block of Certus Quartz
chisel:certus1:0, Block of Certus Quartz
chisel:certus1:1, Block of Certus Quartz
chisel:certus1:2, Block of Certus Quartz
chisel:certus1:3, Block of Certus Quartz
chisel:certus1:4, Block of Certus Quartz
chisel:certus1:5, Block of Certus Quartz
chisel:certus1:6, Block of Certus Quartz
chisel:certus1:7, Block of Certus Quartz
chisel:certus1:8, Block of Certus Quartz
chisel:certus1:9, Block of Certus Quartz
chisel:certus1:10, Block of Certus Quartz
chisel:certus1:11, Block of Certus Quartz
chisel:certus1:12, Block of Certus Quartz
chisel:certus1:13, Block of Certus Quartz
chisel:certus1:14, Block of Certus Quartz
chisel:certus1:15, Block of Certus Quartz
chisel:certus2:0, Block of Certus Quartz
chisel:certus2:1, Block of Certus Quartz
chisel:carpet_black:0, Black Carpet
chisel:carpet_black:1, Black Carpet
chisel:carpet_red:0, Red Carpet
chisel:carpet_red:1, Red Carpet
chisel:carpet_green:0, Green Carpet
chisel:carpet_green:1, Green Carpet
chisel:carpet_brown:0, Brown Carpet
chisel:carpet_brown:1, Brown Carpet
chisel:carpet_blue:0, Blue Carpet
chisel:carpet_blue:1, Blue Carpet
chisel:carpet_purple:0, Purple Carpet
chisel:carpet_purple:1, Purple Carpet
chisel:carpet_cyan:0, Cyan Carpet
chisel:carpet_cyan:1, Cyan Carpet
chisel:carpet_lightgray:0, Light Gray Carpet
chisel:carpet_lightgray:1, Light Gray Carpet
chisel:carpet_gray:0, Gray Carpet
chisel:carpet_gray:1, Gray Carpet
chisel:carpet_pink:0, Pink Carpet
chisel:carpet_pink:1, Pink Carpet
chisel:carpet_lime:0, Lime Carpet
chisel:carpet_lime:1, Lime Carpet
chisel:carpet_yellow:0, Yellow Carpet
chisel:carpet_yellow:1, Yellow Carpet
chisel:carpet_lightblue:0, Light Blue Carpet
chisel:carpet_lightblue:1, Light Blue Carpet
chisel:carpet_magenta:0, Magenta Carpet
chisel:carpet_magenta:1, Magenta Carpet
chisel:carpet_orange:0, Orange Carpet
chisel:carpet_orange:1, Orange Carpet
chisel:carpet_white:0, White Carpet
chisel:carpet_white:1, White Carpet
chisel:block_charcoal:0, Block of Charcoal
chisel:block_charcoal:1, Block of Charcoal
chisel:block_charcoal:2, Block of Charcoal
chisel:block_charcoal:3, Block of Charcoal
chisel:block_charcoal:4, Block of Charcoal
chisel:block_charcoal:5, Block of Charcoal
chisel:block_charcoal:6, Block of Charcoal
chisel:block_charcoal:7, Block of Charcoal
chisel:block_charcoal:8, Block of Charcoal
chisel:block_charcoal:9, Block of Charcoal
chisel:block_charcoal:10, Block of Charcoal
chisel:block_charcoal:11, Block of Charcoal
chisel:block_charcoal:12, Block of Charcoal
chisel:block_charcoal:13, Block of Charcoal
chisel:block_charcoal:14, Block of Charcoal
chisel:block_charcoal:15, Block of Charcoal
chisel:block_charcoal1:0, Block of Charcoal
chisel:block_charcoal1:1, Block of Charcoal
chisel:block_charcoal1:2, Block of Charcoal
chisel:block_charcoal1:3, Block of Charcoal
chisel:block_charcoal1:4, Block of Charcoal
chisel:block_charcoal1:5, Block of Charcoal
chisel:block_charcoal1:6, Block of Charcoal
chisel:block_charcoal1:7, Block of Charcoal
chisel:block_charcoal1:8, Block of Charcoal
chisel:block_charcoal1:9, Block of Charcoal
chisel:block_charcoal1:10, Block of Charcoal
chisel:block_charcoal1:11, Block of Charcoal
chisel:block_charcoal1:12, Block of Charcoal
chisel:block_charcoal1:13, Block of Charcoal
chisel:block_charcoal1:14, Block of Charcoal
chisel:block_charcoal1:15, Block of Charcoal
chisel:block_charcoal2:0, Block of Charcoal
chisel:block_charcoal2:1, Block of Charcoal
chisel:cloud:0, Cloud
chisel:cloud:1, Cloud
chisel:cloud:2, Cloud
chisel:cloud:3, Cloud
chisel:cloud:4, Cloud
chisel:blockcobalt:0, Block of Cobalt
chisel:blockcobalt:1, Block of Cobalt
chisel:blockcobalt:2, Block of Cobalt
chisel:blockcobalt:3, Block of Cobalt
chisel:blockcobalt:4, Block of Cobalt
chisel:blockcobalt:5, Block of Cobalt
chisel:blockcobalt:6, Block of Cobalt
chisel:cobblestone:0, Cobblestone
chisel:cobblestone:1, Cobblestone
chisel:cobblestone:2, Cobblestone
chisel:cobblestone:3, Cobblestone
chisel:cobblestone:4, Cobblestone
chisel:cobblestone:5, Cobblestone
chisel:cobblestone:6, Cobblestone
chisel:cobblestone:7, Cobblestone
chisel:cobblestone:8, Cobblestone
chisel:cobblestone:9, Cobblestone
chisel:cobblestone:10, Cobblestone
chisel:cobblestone:11, Cobblestone
chisel:cobblestone:12, Cobblestone
chisel:cobblestone:13, Cobblestone
chisel:cobblestone:14, Cobblestone
chisel:cobblestone:15, Cobblestone
chisel:cobblestone1:0, Cobblestone
chisel:cobblestone1:1, Cobblestone
chisel:cobblestone1:2, Cobblestone
chisel:cobblestone1:3, Cobblestone
chisel:cobblestone1:4, Cobblestone
chisel:cobblestone1:5, Cobblestone
chisel:cobblestone1:6, Cobblestone
chisel:cobblestone1:7, Cobblestone
chisel:cobblestone1:8, Cobblestone
chisel:cobblestone1:9, Cobblestone
chisel:cobblestone2:0, Cobblestone
chisel:cobblestone2:1, Cobblestone
chisel:cobblestone2:2, Cobblestone
chisel:cobblestone2:3, Cobblestone
chisel:cobblestone2:4, Cobblestone
chisel:cobblestone2:5, Cobblestone
chisel:cobblestone2:6, Cobblestone
chisel:cobblestone2:7, Cobblestone
chisel:cobblestone2:8, Cobblestone
chisel:cobblestone2:9, Cobblestone
chisel:block_coal:0, Block of Coal
chisel:block_coal:1, Block of Coal
chisel:block_coal:2, Block of Coal
chisel:block_coal:3, Block of Coal
chisel:block_coal:4, Block of Coal
chisel:block_coal:5, Block of Coal
chisel:block_coal:6, Block of Coal
chisel:block_coal:7, Block of Coal
chisel:block_coal:8, Block of Coal
chisel:block_coal:9, Block of Coal
chisel:block_coal:10, Block of Coal
chisel:block_coal:11, Block of Coal
chisel:block_coal:12, Block of Coal
chisel:block_coal:13, Block of Coal
chisel:block_coal:14, Block of Coal
chisel:block_coal:15, Block of Coal
chisel:block_coal1:0, Block of Coal
chisel:block_coal1:1, Block of Coal
chisel:block_coal1:2, Block of Coal
chisel:block_coal1:3, Block of Coal
chisel:block_coal1:4, Block of Coal
chisel:block_coal1:5, Block of Coal
chisel:block_coal1:6, Block of Coal
chisel:block_coal1:7, Block of Coal
chisel:block_coal1:8, Block of Coal
chisel:block_coal1:9, Block of Coal
chisel:block_coal1:10, Block of Coal
chisel:block_coal1:11, Block of Coal
chisel:block_coal1:12, Block of Coal
chisel:block_coal1:13, Block of Coal
chisel:block_coal1:14, Block of Coal
chisel:block_coal1:15, Block of Coal
chisel:block_coal2:0, Block of Coal
chisel:block_coal2:1, Block of Coal
chisel:block_coal_coke:0, Block of Coal Coke
chisel:block_coal_coke:1, Block of Coal Coke
chisel:block_coal_coke:2, Block of Coal Coke
chisel:block_coal_coke:3, Block of Coal Coke
chisel:block_coal_coke:4, Block of Coal Coke
chisel:block_coal_coke:5, Block of Coal Coke
chisel:block_coal_coke:6, Block of Coal Coke
chisel:block_coal_coke:7, Block of Coal Coke
chisel:block_coal_coke:8, Block of Coal Coke
chisel:block_coal_coke:9, Block of Coal Coke
chisel:block_coal_coke:10, Block of Coal Coke
chisel:block_coal_coke:11, Block of Coal Coke
chisel:block_coal_coke:12, Block of Coal Coke
chisel:block_coal_coke:13, Block of Coal Coke
chisel:block_coal_coke:14, Block of Coal Coke
chisel:block_coal_coke:15, Block of Coal Coke
chisel:block_coal_coke1:0, Block of Coal Coke
chisel:block_coal_coke1:1, Block of Coal Coke
chisel:block_coal_coke1:2, Block of Coal Coke
chisel:block_coal_coke1:3, Block of Coal Coke
chisel:block_coal_coke1:4, Block of Coal Coke
chisel:block_coal_coke1:5, Block of Coal Coke
chisel:block_coal_coke1:6, Block of Coal Coke
chisel:block_coal_coke1:7, Block of Coal Coke
chisel:block_coal_coke1:8, Block of Coal Coke
chisel:block_coal_coke1:9, Block of Coal Coke
chisel:block_coal_coke1:10, Block of Coal Coke
chisel:block_coal_coke1:11, Block of Coal Coke
chisel:block_coal_coke1:12, Block of Coal Coke
chisel:block_coal_coke1:13, Block of Coal Coke
chisel:block_coal_coke1:14, Block of Coal Coke
chisel:block_coal_coke1:15, Block of Coal Coke
chisel:block_coal_coke2:0, Block of Coal Coke
chisel:block_coal_coke2:1, Block of Coal Coke
chisel:cobblestonemossy:0, Moss Stone
chisel:cobblestonemossy:1, Moss Stone
chisel:cobblestonemossy:2, Moss Stone
chisel:cobblestonemossy:3, Moss Stone
chisel:cobblestonemossy:4, Moss Stone
chisel:cobblestonemossy:5, Moss Stone
chisel:cobblestonemossy:6, Moss Stone
chisel:cobblestonemossy:7, Moss Stone
chisel:cobblestonemossy:8, Moss Stone
chisel:cobblestonemossy:9, Moss Stone
chisel:cobblestonemossy:10, Moss Stone
chisel:cobblestonemossy:11, Moss Stone
chisel:cobblestonemossy:12, Moss Stone
chisel:cobblestonemossy:13, Moss Stone
chisel:cobblestonemossy:14, Moss Stone
chisel:cobblestonemossy:15, Moss Stone
chisel:cobblestonemossy1:0, Moss Stone
chisel:cobblestonemossy1:1, Moss Stone
chisel:cobblestonemossy1:2, Moss Stone
chisel:cobblestonemossy1:3, Moss Stone
chisel:cobblestonemossy1:4, Moss Stone
chisel:cobblestonemossy1:5, Moss Stone
chisel:cobblestonemossy1:6, Moss Stone
chisel:cobblestonemossy1:7, Moss Stone
chisel:cobblestonemossy1:8, Moss Stone
chisel:cobblestonemossy1:9, Moss Stone
chisel:cobblestonemossy1:10, Moss Stone
chisel:cobblestonemossy1:11, Moss Stone
chisel:cobblestonemossy1:12, Moss Stone
chisel:cobblestonemossy1:13, Moss Stone
chisel:cobblestonemossy1:14, Moss Stone
chisel:cobblestonemossy1:15, Moss Stone
chisel:cobblestonemossy2:0, Moss Stone
chisel:concrete_black:0, Black Concrete
chisel:concrete_black:1, Black Concrete
chisel:concrete_black:2, Black Concrete
chisel:concrete_black:3, Black Concrete
chisel:concrete_black:4, Black Concrete
chisel:concrete_black:5, Black Concrete
chisel:concrete_black:6, Black Concrete
chisel:concrete_black:7, Black Concrete
chisel:concrete_black:8, Black Concrete
chisel:concrete_black:9, Black Concrete
chisel:concrete_black:10, Black Concrete
chisel:concrete_black:11, Black Concrete
chisel:concrete_black:12, Black Concrete
chisel:concrete_black:13, Black Concrete
chisel:concrete_black:14, Black Concrete
chisel:concrete_black:15, Black Concrete
chisel:concrete_black1:0, Black Concrete
chisel:concrete_black1:1, Black Concrete
chisel:concrete_black1:2, Black Concrete
chisel:concrete_black1:3, Black Concrete
chisel:concrete_black1:4, Black Concrete
chisel:concrete_black1:5, Black Concrete
chisel:concrete_black1:6, Black Concrete
chisel:concrete_black1:7, Black Concrete
chisel:concrete_black1:8, Black Concrete
chisel:concrete_black1:9, Black Concrete
chisel:concrete_black1:10, Black Concrete
chisel:concrete_black1:11, Black Concrete
chisel:concrete_black1:12, Black Concrete
chisel:concrete_black1:13, Black Concrete
chisel:concrete_black1:14, Black Concrete
chisel:concrete_black1:15, Black Concrete
chisel:concrete_black2:0, Black Concrete
chisel:concrete_red:0, Red Concrete
chisel:concrete_red:1, Red Concrete
chisel:concrete_red:2, Red Concrete
chisel:concrete_red:3, Red Concrete
chisel:concrete_red:4, Red Concrete
chisel:concrete_red:5, Red Concrete
chisel:concrete_red:6, Red Concrete
chisel:concrete_red:7, Red Concrete
chisel:concrete_red:8, Red Concrete
chisel:concrete_red:9, Red Concrete
chisel:concrete_red:10, Red Concrete
chisel:concrete_red:11, Red Concrete
chisel:concrete_red:12, Red Concrete
chisel:concrete_red:13, Red Concrete
chisel:concrete_red:14, Red Concrete
chisel:concrete_red:15, Red Concrete
chisel:concrete_red1:0, Red Concrete
chisel:concrete_red1:1, Red Concrete
chisel:concrete_red1:2, Red Concrete
chisel:concrete_red1:3, Red Concrete
chisel:concrete_red1:4, Red Concrete
chisel:concrete_red1:5, Red Concrete
chisel:concrete_red1:6, Red Concrete
chisel:concrete_red1:7, Red Concrete
chisel:concrete_red1:8, Red Concrete
chisel:concrete_red1:9, Red Concrete
chisel:concrete_red1:10, Red Concrete
chisel:concrete_red1:11, Red Concrete
chisel:concrete_red1:12, Red Concrete
chisel:concrete_red1:13, Red Concrete
chisel:concrete_red1:14, Red Concrete
chisel:concrete_red1:15, Red Concrete
chisel:concrete_red2:0, Red Concrete
chisel:concrete_green:0, Green Concrete
chisel:concrete_green:1, Green Concrete
chisel:concrete_green:2, Green Concrete
chisel:concrete_green:3, Green Concrete
chisel:concrete_green:4, Green Concrete
chisel:concrete_green:5, Green Concrete
chisel:concrete_green:6, Green Concrete
chisel:concrete_green:7, Green Concrete
chisel:concrete_green:8, Green Concrete
chisel:concrete_green:9, Green Concrete
chisel:concrete_green:10, Green Concrete
chisel:concrete_green:11, Green Concrete
chisel:concrete_green:12, Green Concrete
chisel:concrete_green:13, Green Concrete
chisel:concrete_green:14, Green Concrete
chisel:concrete_green:15, Green Concrete
chisel:concrete_green1:0, Green Concrete
chisel:concrete_green1:1, Green Concrete
chisel:concrete_green1:2, Green Concrete
chisel:concrete_green1:3, Green Concrete
chisel:concrete_green1:4, Green Concrete
chisel:concrete_green1:5, Green Concrete
chisel:concrete_green1:6, Green Concrete
chisel:concrete_green1:7, Green Concrete
chisel:concrete_green1:8, Green Concrete
chisel:concrete_green1:9, Green Concrete
chisel:concrete_green1:10, Green Concrete
chisel:concrete_green1:11, Green Concrete
chisel:concrete_green1:12, Green Concrete
chisel:concrete_green1:13, Green Concrete
chisel:concrete_green1:14, Green Concrete
chisel:concrete_green1:15, Green Concrete
chisel:concrete_green2:0, Green Concrete
chisel:concrete_brown:0, Brown Concrete
chisel:concrete_brown:1, Brown Concrete
chisel:concrete_brown:2, Brown Concrete
chisel:concrete_brown:3, Brown Concrete
chisel:concrete_brown:4, Brown Concrete
chisel:concrete_brown:5, Brown Concrete
chisel:concrete_brown:6, Brown Concrete
chisel:concrete_brown:7, Brown Concrete
chisel:concrete_brown:8, Brown Concrete
chisel:concrete_brown:9, Brown Concrete
chisel:concrete_brown:10, Brown Concrete
chisel:concrete_brown:11, Brown Concrete
chisel:concrete_brown:12, Brown Concrete
chisel:concrete_brown:13, Brown Concrete
chisel:concrete_brown:14, Brown Concrete
chisel:concrete_brown:15, Brown Concrete
chisel:concrete_brown1:0, Brown Concrete
chisel:concrete_brown1:1, Brown Concrete
chisel:concrete_brown1:2, Brown Concrete
chisel:concrete_brown1:3, Brown Concrete
chisel:concrete_brown1:4, Brown Concrete
chisel:concrete_brown1:5, Brown Concrete
chisel:concrete_brown1:6, Brown Concrete
chisel:concrete_brown1:7, Brown Concrete
chisel:concrete_brown1:8, Brown Concrete
chisel:concrete_brown1:9, Brown Concrete
chisel:concrete_brown1:10, Brown Concrete
chisel:concrete_brown1:11, Brown Concrete
chisel:concrete_brown1:12, Brown Concrete
chisel:concrete_brown1:13, Brown Concrete
chisel:concrete_brown1:14, Brown Concrete
chisel:concrete_brown1:15, Brown Concrete
chisel:concrete_brown2:0, Brown Concrete
chisel:concrete_blue:0, Blue Concrete
chisel:concrete_blue:1, Blue Concrete
chisel:concrete_blue:2, Blue Concrete
chisel:concrete_blue:3, Blue Concrete
chisel:concrete_blue:4, Blue Concrete
chisel:concrete_blue:5, Blue Concrete
chisel:concrete_blue:6, Blue Concrete
chisel:concrete_blue:7, Blue Concrete
chisel:concrete_blue:8, Blue Concrete
chisel:concrete_blue:9, Blue Concrete
chisel:concrete_blue:10, Blue Concrete
chisel:concrete_blue:11, Blue Concrete
chisel:concrete_blue:12, Blue Concrete
chisel:concrete_blue:13, Blue Concrete
chisel:concrete_blue:14, Blue Concrete
chisel:concrete_blue:15, Blue Concrete
chisel:concrete_blue1:0, Blue Concrete
chisel:concrete_blue1:1, Blue Concrete
chisel:concrete_blue1:2, Blue Concrete
chisel:concrete_blue1:3, Blue Concrete
chisel:concrete_blue1:4, Blue Concrete
chisel:concrete_blue1:5, Blue Concrete
chisel:concrete_blue1:6, Blue Concrete
chisel:concrete_blue1:7, Blue Concrete
chisel:concrete_blue1:8, Blue Concrete
chisel:concrete_blue1:9, Blue Concrete
chisel:concrete_blue1:10, Blue Concrete
chisel:concrete_blue1:11, Blue Concrete
chisel:concrete_blue1:12, Blue Concrete
chisel:concrete_blue1:13, Blue Concrete
chisel:concrete_blue1:14, Blue Concrete
chisel:concrete_blue1:15, Blue Concrete
chisel:concrete_blue2:0, Blue Concrete
chisel:concrete_purple:0, Purple Concrete
chisel:concrete_purple:1, Purple Concrete
chisel:concrete_purple:2, Purple Concrete
chisel:concrete_purple:3, Purple Concrete
chisel:concrete_purple:4, Purple Concrete
chisel:concrete_purple:5, Purple Concrete
chisel:concrete_purple:6, Purple Concrete
chisel:concrete_purple:7, Purple Concrete
chisel:concrete_purple:8, Purple Concrete
chisel:concrete_purple:9, Purple Concrete
chisel:concrete_purple:10, Purple Concrete
chisel:concrete_purple:11, Purple Concrete
chisel:concrete_purple:12, Purple Concrete
chisel:concrete_purple:13, Purple Concrete
chisel:concrete_purple:14, Purple Concrete
chisel:concrete_purple:15, Purple Concrete
chisel:concrete_purple1:0, Purple Concrete
chisel:concrete_purple1:1, Purple Concrete
chisel:concrete_purple1:2, Purple Concrete
chisel:concrete_purple1:3, Purple Concrete
chisel:concrete_purple1:4, Purple Concrete
chisel:concrete_purple1:5, Purple Concrete
chisel:concrete_purple1:6, Purple Concrete
chisel:concrete_purple1:7, Purple Concrete
chisel:concrete_purple1:8, Purple Concrete
chisel:concrete_purple1:9, Purple Concrete
chisel:concrete_purple1:10, Purple Concrete
chisel:concrete_purple1:11, Purple Concrete
chisel:concrete_purple1:12, Purple Concrete
chisel:concrete_purple1:13, Purple Concrete
chisel:concrete_purple1:14, Purple Concrete
chisel:concrete_purple1:15, Purple Concrete
chisel:concrete_purple2:0, Purple Concrete
chisel:concrete_cyan:0, Cyan Concrete
chisel:concrete_cyan:1, Cyan Concrete
chisel:concrete_cyan:2, Cyan Concrete
chisel:concrete_cyan:3, Cyan Concrete
chisel:concrete_cyan:4, Cyan Concrete
chisel:concrete_cyan:5, Cyan Concrete
chisel:concrete_cyan:6, Cyan Concrete
chisel:concrete_cyan:7, Cyan Concrete
chisel:concrete_cyan:8, Cyan Concrete
chisel:concrete_cyan:9, Cyan Concrete
chisel:concrete_cyan:10, Cyan Concrete
chisel:concrete_cyan:11, Cyan Concrete
chisel:concrete_cyan:12, Cyan Concrete
chisel:concrete_cyan:13, Cyan Concrete
chisel:concrete_cyan:14, Cyan Concrete
chisel:concrete_cyan:15, Cyan Concrete
chisel:concrete_cyan1:0, Cyan Concrete
chisel:concrete_cyan1:1, Cyan Concrete
chisel:concrete_cyan1:2, Cyan Concrete
chisel:concrete_cyan1:3, Cyan Concrete
chisel:concrete_cyan1:4, Cyan Concrete
chisel:concrete_cyan1:5, Cyan Concrete
chisel:concrete_cyan1:6, Cyan Concrete
chisel:concrete_cyan1:7, Cyan Concrete
chisel:concrete_cyan1:8, Cyan Concrete
chisel:concrete_cyan1:9, Cyan Concrete
chisel:concrete_cyan1:10, Cyan Concrete
chisel:concrete_cyan1:11, Cyan Concrete
chisel:concrete_cyan1:12, Cyan Concrete
chisel:concrete_cyan1:13, Cyan Concrete
chisel:concrete_cyan1:14, Cyan Concrete
chisel:concrete_cyan1:15, Cyan Concrete
chisel:concrete_cyan2:0, Cyan Concrete
chisel:concrete_lightgray:0, Light Gray Concrete
chisel:concrete_lightgray:1, Light Gray Concrete
chisel:concrete_lightgray:2, Light Gray Concrete
chisel:concrete_lightgray:3, Light Gray Concrete
chisel:concrete_lightgray:4, Light Gray Concrete
chisel:concrete_lightgray:5, Light Gray Concrete
chisel:concrete_lightgray:6, Light Gray Concrete
chisel:concrete_lightgray:7, Light Gray Concrete
chisel:concrete_lightgray:8, Light Gray Concrete
chisel:concrete_lightgray:9, Light Gray Concrete
chisel:concrete_lightgray:10, Light Gray Concrete
chisel:concrete_lightgray:11, Light Gray Concrete
chisel:concrete_lightgray:12, Light Gray Concrete
chisel:concrete_lightgray:13, Light Gray Concrete
chisel:concrete_lightgray:14, Light Gray Concrete
chisel:concrete_lightgray:15, Light Gray Concrete
chisel:concrete_lightgray1:0, Light Gray Concrete
chisel:concrete_lightgray1:1, Light Gray Concrete
chisel:concrete_lightgray1:2, Light Gray Concrete
chisel:concrete_lightgray1:3, Light Gray Concrete
chisel:concrete_lightgray1:4, Light Gray Concrete
chisel:concrete_lightgray1:5, Light Gray Concrete
chisel:concrete_lightgray1:6, Light Gray Concrete
chisel:concrete_lightgray1:7, Light Gray Concrete
chisel:concrete_lightgray1:8, Light Gray Concrete
chisel:concrete_lightgray1:9, Light Gray Concrete
chisel:concrete_lightgray1:10, Light Gray Concrete
chisel:concrete_lightgray1:11, Light Gray Concrete
chisel:concrete_lightgray1:12, Light Gray Concrete
chisel:concrete_lightgray1:13, Light Gray Concrete
chisel:concrete_lightgray1:14, Light Gray Concrete
chisel:concrete_lightgray1:15, Light Gray Concrete
chisel:concrete_lightgray2:0, Light Gray Concrete
chisel:concrete_gray:0, Gray Concrete
chisel:concrete_gray:1, Gray Concrete
chisel:concrete_gray:2, Gray Concrete
chisel:concrete_gray:3, Gray Concrete
chisel:concrete_gray:4, Gray Concrete
chisel:concrete_gray:5, Gray Concrete
chisel:concrete_gray:6, Gray Concrete
chisel:concrete_gray:7, Gray Concrete
chisel:concrete_gray:8, Gray Concrete
chisel:concrete_gray:9, Gray Concrete
chisel:concrete_gray:10, Gray Concrete
chisel:concrete_gray:11, Gray Concrete
chisel:concrete_gray:12, Gray Concrete
chisel:concrete_gray:13, Gray Concrete
chisel:concrete_gray:14, Gray Concrete
chisel:concrete_gray:15, Gray Concrete
chisel:concrete_gray1:0, Gray Concrete
chisel:concrete_gray1:1, Gray Concrete
chisel:concrete_gray1:2, Gray Concrete
chisel:concrete_gray1:3, Gray Concrete
chisel:concrete_gray1:4, Gray Concrete
chisel:concrete_gray1:5, Gray Concrete
chisel:concrete_gray1:6, Gray Concrete
chisel:concrete_gray1:7, Gray Concrete
chisel:concrete_gray1:8, Gray Concrete
chisel:concrete_gray1:9, Gray Concrete
chisel:concrete_gray1:10, Gray Concrete
chisel:concrete_gray1:11, Gray Concrete
chisel:concrete_gray1:12, Gray Concrete
chisel:concrete_gray1:13, Gray Concrete
chisel:concrete_gray1:14, Gray Concrete
chisel:concrete_gray1:15, Gray Concrete
chisel:concrete_gray2:0, Gray Concrete
chisel:concrete_pink:0, Pink Concrete
chisel:concrete_pink:1, Pink Concrete
chisel:concrete_pink:2, Pink Concrete
chisel:concrete_pink:3, Pink Concrete
chisel:concrete_pink:4, Pink Concrete
chisel:concrete_pink:5, Pink Concrete
chisel:concrete_pink:6, Pink Concrete
chisel:concrete_pink:7, Pink Concrete
chisel:concrete_pink:8, Pink Concrete
chisel:concrete_pink:9, Pink Concrete
chisel:concrete_pink:10, Pink Concrete
chisel:concrete_pink:11, Pink Concrete
chisel:concrete_pink:12, Pink Concrete
chisel:concrete_pink:13, Pink Concrete
chisel:concrete_pink:14, Pink Concrete
chisel:concrete_pink:15, Pink Concrete
chisel:concrete_pink1:0, Pink Concrete
chisel:concrete_pink1:1, Pink Concrete
chisel:concrete_pink1:2, Pink Concrete
chisel:concrete_pink1:3, Pink Concrete
chisel:concrete_pink1:4, Pink Concrete
chisel:concrete_pink1:5, Pink Concrete
chisel:concrete_pink1:6, Pink Concrete
chisel:concrete_pink1:7, Pink Concrete
chisel:concrete_pink1:8, Pink Concrete
chisel:concrete_pink1:9, Pink Concrete
chisel:concrete_pink1:10, Pink Concrete
chisel:concrete_pink1:11, Pink Concrete
chisel:concrete_pink1:12, Pink Concrete
chisel:concrete_pink1:13, Pink Concrete
chisel:concrete_pink1:14, Pink Concrete
chisel:concrete_pink1:15, Pink Concrete
chisel:concrete_pink2:0, Pink Concrete
chisel:concrete_lime:0, Lime Concrete
chisel:concrete_lime:1, Lime Concrete
chisel:concrete_lime:2, Lime Concrete
chisel:concrete_lime:3, Lime Concrete
chisel:concrete_lime:4, Lime Concrete
chisel:concrete_lime:5, Lime Concrete
chisel:concrete_lime:6, Lime Concrete
chisel:concrete_lime:7, Lime Concrete
chisel:concrete_lime:8, Lime Concrete
chisel:concrete_lime:9, Lime Concrete
chisel:concrete_lime:10, Lime Concrete
chisel:concrete_lime:11, Lime Concrete
chisel:concrete_lime:12, Lime Concrete
chisel:concrete_lime:13, Lime Concrete
chisel:concrete_lime:14, Lime Concrete
chisel:concrete_lime:15, Lime Concrete
chisel:concrete_lime1:0, Lime Concrete
chisel:concrete_lime1:1, Lime Concrete
chisel:concrete_lime1:2, Lime Concrete
chisel:concrete_lime1:3, Lime Concrete
chisel:concrete_lime1:4, Lime Concrete
chisel:concrete_lime1:5, Lime Concrete
chisel:concrete_lime1:6, Lime Concrete
chisel:concrete_lime1:7, Lime Concrete
chisel:concrete_lime1:8, Lime Concrete
chisel:concrete_lime1:9, Lime Concrete
chisel:concrete_lime1:10, Lime Concrete
chisel:concrete_lime1:11, Lime Concrete
chisel:concrete_lime1:12, Lime Concrete
chisel:concrete_lime1:13, Lime Concrete
chisel:concrete_lime1:14, Lime Concrete
chisel:concrete_lime1:15, Lime Concrete
chisel:concrete_lime2:0, Lime Concrete
chisel:concrete_yellow:0, Yellow Concrete
chisel:concrete_yellow:1, Yellow Concrete
chisel:concrete_yellow:2, Yellow Concrete
chisel:concrete_yellow:3, Yellow Concrete
chisel:concrete_yellow:4, Yellow Concrete
chisel:concrete_yellow:5, Yellow Concrete
chisel:concrete_yellow:6, Yellow Concrete
chisel:concrete_yellow:7, Yellow Concrete
chisel:concrete_yellow:8, Yellow Concrete
chisel:concrete_yellow:9, Yellow Concrete
chisel:concrete_yellow:10, Yellow Concrete
chisel:concrete_yellow:11, Yellow Concrete
chisel:concrete_yellow:12, Yellow Concrete
chisel:concrete_yellow:13, Yellow Concrete
chisel:concrete_yellow:14, Yellow Concrete
chisel:concrete_yellow:15, Yellow Concrete
chisel:concrete_yellow1:0, Yellow Concrete
chisel:concrete_yellow1:1, Yellow Concrete
chisel:concrete_yellow1:2, Yellow Concrete
chisel:concrete_yellow1:3, Yellow Concrete
chisel:concrete_yellow1:4, Yellow Concrete
chisel:concrete_yellow1:5, Yellow Concrete
chisel:concrete_yellow1:6, Yellow Concrete
chisel:concrete_yellow1:7, Yellow Concrete
chisel:concrete_yellow1:8, Yellow Concrete
chisel:concrete_yellow1:9, Yellow Concrete
chisel:concrete_yellow1:10, Yellow Concrete
chisel:concrete_yellow1:11, Yellow Concrete
chisel:concrete_yellow1:12, Yellow Concrete
chisel:concrete_yellow1:13, Yellow Concrete
chisel:concrete_yellow1:14, Yellow Concrete
chisel:concrete_yellow1:15, Yellow Concrete
chisel:concrete_yellow2:0, Yellow Concrete
chisel:concrete_lightblue:0, Light Blue Concrete
chisel:concrete_lightblue:1, Light Blue Concrete
chisel:concrete_lightblue:2, Light Blue Concrete
chisel:concrete_lightblue:3, Light Blue Concrete
chisel:concrete_lightblue:4, Light Blue Concrete
chisel:concrete_lightblue:5, Light Blue Concrete
chisel:concrete_lightblue:6, Light Blue Concrete
chisel:concrete_lightblue:7, Light Blue Concrete
chisel:concrete_lightblue:8, Light Blue Concrete
chisel:concrete_lightblue:9, Light Blue Concrete
chisel:concrete_lightblue:10, Light Blue Concrete
chisel:concrete_lightblue:11, Light Blue Concrete
chisel:concrete_lightblue:12, Light Blue Concrete
chisel:concrete_lightblue:13, Light Blue Concrete
chisel:concrete_lightblue:14, Light Blue Concrete
chisel:concrete_lightblue:15, Light Blue Concrete
chisel:concrete_lightblue1:0, Light Blue Concrete
chisel:concrete_lightblue1:1, Light Blue Concrete
chisel:concrete_lightblue1:2, Light Blue Concrete
chisel:concrete_lightblue1:3, Light Blue Concrete
chisel:concrete_lightblue1:4, Light Blue Concrete
chisel:concrete_lightblue1:5, Light Blue Concrete
chisel:concrete_lightblue1:6, Light Blue Concrete
chisel:concrete_lightblue1:7, Light Blue Concrete
chisel:concrete_lightblue1:8, Light Blue Concrete
chisel:concrete_lightblue1:9, Light Blue Concrete
chisel:concrete_lightblue1:10, Light Blue Concrete
chisel:concrete_lightblue1:11, Light Blue Concrete
chisel:concrete_lightblue1:12, Light Blue Concrete
chisel:concrete_lightblue1:13, Light Blue Concrete
chisel:concrete_lightblue1:14, Light Blue Concrete
chisel:concrete_lightblue1:15, Light Blue Concrete
chisel:concrete_lightblue2:0, Light Blue Concrete
chisel:concrete_magenta:0, Magenta Concrete
chisel:concrete_magenta:1, Magenta Concrete
chisel:concrete_magenta:2, Magenta Concrete
chisel:concrete_magenta:3, Magenta Concrete
chisel:concrete_magenta:4, Magenta Concrete
chisel:concrete_magenta:5, Magenta Concrete
chisel:concrete_magenta:6, Magenta Concrete
chisel:concrete_magenta:7, Magenta Concrete
chisel:concrete_magenta:8, Magenta Concrete
chisel:concrete_magenta:9, Magenta Concrete
chisel:concrete_magenta:10, Magenta Concrete
chisel:concrete_magenta:11, Magenta Concrete
chisel:concrete_magenta:12, Magenta Concrete
chisel:concrete_magenta:13, Magenta Concrete
chisel:concrete_magenta:14, Magenta Concrete
chisel:concrete_magenta:15, Magenta Concrete
chisel:concrete_magenta1:0, Magenta Concrete
chisel:concrete_magenta1:1, Magenta Concrete
chisel:concrete_magenta1:2, Magenta Concrete
chisel:concrete_magenta1:3, Magenta Concrete
chisel:concrete_magenta1:4, Magenta Concrete
chisel:concrete_magenta1:5, Magenta Concrete
chisel:concrete_magenta1:6, Magenta Concrete
chisel:concrete_magenta1:7, Magenta Concrete
chisel:concrete_magenta1:8, Magenta Concrete
chisel:concrete_magenta1:9, Magenta Concrete
chisel:concrete_magenta1:10, Magenta Concrete
chisel:concrete_magenta1:11, Magenta Concrete
chisel:concrete_magenta1:12, Magenta Concrete
chisel:concrete_magenta1:13, Magenta Concrete
chisel:concrete_magenta1:14, Magenta Concrete
chisel:concrete_magenta1:15, Magenta Concrete
chisel:concrete_magenta2:0, Magenta Concrete
chisel:concrete_orange:0, Orange Concrete
chisel:concrete_orange:1, Orange Concrete
chisel:concrete_orange:2, Orange Concrete
chisel:concrete_orange:3, Orange Concrete
chisel:concrete_orange:4, Orange Concrete
chisel:concrete_orange:5, Orange Concrete
chisel:concrete_orange:6, Orange Concrete
chisel:concrete_orange:7, Orange Concrete
chisel:concrete_orange:8, Orange Concrete
chisel:concrete_orange:9, Orange Concrete
chisel:concrete_orange:10, Orange Concrete
chisel:concrete_orange:11, Orange Concrete
chisel:concrete_orange:12, Orange Concrete
chisel:concrete_orange:13, Orange Concrete
chisel:concrete_orange:14, Orange Concrete
chisel:concrete_orange:15, Orange Concrete
chisel:concrete_orange1:0, Orange Concrete
chisel:concrete_orange1:1, Orange Concrete
chisel:concrete_orange1:2, Orange Concrete
chisel:concrete_orange1:3, Orange Concrete
chisel:concrete_orange1:4, Orange Concrete
chisel:concrete_orange1:5, Orange Concrete
chisel:concrete_orange1:6, Orange Concrete
chisel:concrete_orange1:7, Orange Concrete
chisel:concrete_orange1:8, Orange Concrete
chisel:concrete_orange1:9, Orange Concrete
chisel:concrete_orange1:10, Orange Concrete
chisel:concrete_orange1:11, Orange Concrete
chisel:concrete_orange1:12, Orange Concrete
chisel:concrete_orange1:13, Orange Concrete
chisel:concrete_orange1:14, Orange Concrete
chisel:concrete_orange1:15, Orange Concrete
chisel:concrete_orange2:0, Orange Concrete
chisel:concrete_white:0, White Concrete
chisel:concrete_white:1, White Concrete
chisel:concrete_white:2, White Concrete
chisel:concrete_white:3, White Concrete
chisel:concrete_white:4, White Concrete
chisel:concrete_white:5, White Concrete
chisel:concrete_white:6, White Concrete
chisel:concrete_white:7, White Concrete
chisel:concrete_white:8, White Concrete
chisel:concrete_white:9, White Concrete
chisel:concrete_white:10, White Concrete
chisel:concrete_white:11, White Concrete
chisel:concrete_white:12, White Concrete
chisel:concrete_white:13, White Concrete
chisel:concrete_white:14, White Concrete
chisel:concrete_white:15, White Concrete
chisel:concrete_white1:0, White Concrete
chisel:concrete_white1:1, White Concrete
chisel:concrete_white1:2, White Concrete
chisel:concrete_white1:3, White Concrete
chisel:concrete_white1:4, White Concrete
chisel:concrete_white1:5, White Concrete
chisel:concrete_white1:6, White Concrete
chisel:concrete_white1:7, White Concrete
chisel:concrete_white1:8, White Concrete
chisel:concrete_white1:9, White Concrete
chisel:concrete_white1:10, White Concrete
chisel:concrete_white1:11, White Concrete
chisel:concrete_white1:12, White Concrete
chisel:concrete_white1:13, White Concrete
chisel:concrete_white1:14, White Concrete
chisel:concrete_white1:15, White Concrete
chisel:concrete_white2:0, White Concrete
chisel:blockcopper:0, Block of Copper
chisel:blockcopper:1, Block of Copper
chisel:blockcopper:2, Block of Copper
chisel:blockcopper:3, Block of Copper
chisel:blockcopper:4, Block of Copper
chisel:blockcopper:5, Block of Copper
chisel:blockcopper:6, Block of Copper
chisel:diamond:0, Block of Diamond
chisel:diamond:1, Block of Diamond
chisel:diamond:2, Block of Diamond
chisel:diamond:3, Block of Diamond
chisel:diamond:4, Block of Diamond
chisel:diamond:5, Block of Diamond
chisel:diamond:6, Block of Diamond
chisel:diamond:7, Block of Diamond
chisel:diamond:8, Block of Diamond
chisel:diamond:9, Block of Diamond
chisel:diamond:10, Block of Diamond
chisel:diamond:11, Block of Diamond
chisel:diorite:0, Diorite
chisel:diorite:1, Diorite
chisel:diorite:2, Diorite
chisel:diorite:3, Diorite
chisel:diorite:4, Diorite
chisel:diorite:5, Diorite
chisel:diorite:6, Diorite
chisel:diorite:7, Diorite
chisel:diorite:8, Diorite
chisel:diorite:9, Diorite
chisel:diorite:10, Diorite
chisel:diorite:11, Diorite
chisel:diorite:12, Diorite
chisel:diorite:13, Diorite
chisel:diorite:14, Diorite
chisel:diorite:15, Diorite
chisel:diorite1:0, Diorite
chisel:diorite1:1, Diorite
chisel:diorite1:2, Diorite
chisel:diorite1:3, Diorite
chisel:diorite1:4, Diorite
chisel:diorite1:5, Diorite
chisel:diorite1:6, Diorite
chisel:diorite1:7, Diorite
chisel:diorite1:8, Diorite
chisel:diorite1:9, Diorite
chisel:diorite1:10, Diorite
chisel:diorite1:11, Diorite
chisel:diorite1:12, Diorite
chisel:diorite1:13, Diorite
chisel:diorite1:14, Diorite
chisel:diorite1:15, Diorite
chisel:diorite2:0, Diorite
chisel:dirt:0, Dirt
chisel:dirt:1, Dirt
chisel:dirt:2, Dirt
chisel:dirt:3, Dirt
chisel:dirt:4, Dirt
chisel:dirt:5, Dirt
chisel:dirt:6, Dirt
chisel:dirt:7, Dirt
chisel:dirt:8, Dirt
chisel:dirt:9, Dirt
chisel:dirt:10, Dirt
chisel:dirt:11, Dirt
chisel:dirt:12, Dirt
chisel:dirt:13, Dirt
chisel:dirt:14, Dirt
chisel:dirt:15, Dirt
chisel:blockelectrum:0, Block of Electrum
chisel:blockelectrum:1, Block of Electrum
chisel:blockelectrum:2, Block of Electrum
chisel:blockelectrum:3, Block of Electrum
chisel:blockelectrum:4, Block of Electrum
chisel:blockelectrum:5, Block of Electrum
chisel:blockelectrum:6, Block of Electrum
chisel:emerald:0, Block of Emerald
chisel:emerald:1, Block of Emerald
chisel:emerald:2, Block of Emerald
chisel:emerald:3, Block of Emerald
chisel:emerald:4, Block of Emerald
chisel:emerald:5, Block of Emerald
chisel:emerald:6, Block of Emerald
chisel:emerald:7, Block of Emerald
chisel:emerald:8, Block of Emerald
chisel:emerald:9, Block of Emerald
chisel:emerald:10, Block of Emerald
chisel:emerald:11, Block of Emerald
chisel:emerald:12, Block of Emerald
chisel:emerald:13, Block of Emerald
chisel:purpur:0, Purpur Block
chisel:purpur:1, Purpur Block
chisel:purpur:2, Purpur Block
chisel:purpur:3, Purpur Block
chisel:purpur:4, Purpur Block
chisel:purpur:5, Purpur Block
chisel:purpur:6, Purpur Block
chisel:purpur:7, Purpur Block
chisel:purpur:8, Purpur Block
chisel:purpur:9, Purpur Block
chisel:purpur:10, Purpur Block
chisel:purpur:11, Purpur Block
chisel:purpur:12, Purpur Block
chisel:purpur:13, Purpur Block
chisel:purpur:14, Purpur Block
chisel:purpur:15, Purpur Block
chisel:purpur1:0, Purpur Block
chisel:purpur1:1, Purpur Block
chisel:purpur1:2, Purpur Block
chisel:purpur1:3, Purpur Block
chisel:purpur1:4, Purpur Block
chisel:purpur1:5, Purpur Block
chisel:purpur1:6, Purpur Block
chisel:purpur1:7, Purpur Block
chisel:purpur1:8, Purpur Block
chisel:purpur1:9, Purpur Block
chisel:purpur2:0, Purpur Block
chisel:purpur2:1, Purpur Block
chisel:purpur2:2, Purpur Block
chisel:purpur2:3, Purpur Block
chisel:purpur2:4, Purpur Block
chisel:endstone:0, Endstone
chisel:endstone:1, Endstone
chisel:endstone:2, Endstone
chisel:endstone:3, Endstone
chisel:endstone:4, Endstone
chisel:endstone:5, Endstone
chisel:endstone:6, Endstone
chisel:endstone:7, Endstone
chisel:endstone:8, Endstone
chisel:endstone:9, Endstone
chisel:endstone:10, Endstone
chisel:endstone:11, Endstone
chisel:endstone:12, Endstone
chisel:endstone:13, Endstone
chisel:endstone:14, Endstone
chisel:endstone:15, Endstone
chisel:endstone1:0, Endstone
chisel:endstone1:1, Endstone
chisel:endstone1:2, Endstone
chisel:endstone1:3, Endstone
chisel:endstone1:4, Endstone
chisel:endstone1:5, Endstone
chisel:endstone1:6, Endstone
chisel:endstone1:7, Endstone
chisel:endstone1:8, Endstone
chisel:endstone1:9, Endstone
chisel:endstone2:0, Endstone
chisel:endstone2:1, Endstone
chisel:endstone2:2, Endstone
chisel:endstone2:3, Endstone
chisel:endstone2:4, Endstone
chisel:endstone2:5, Endstone
chisel:endstone2:6, Endstone
chisel:factory:0, Factory Block
chisel:factory:1, Factory Block
chisel:factory:2, Factory Block
chisel:factory:3, Factory Block
chisel:factory:4, Factory Block
chisel:factory:5, Factory Block
chisel:factory:6, Factory Block
chisel:factory:7, Factory Block
chisel:factory:8, Factory Block
chisel:factory:9, Factory Block
chisel:factory:10, Factory Block
chisel:factory:11, Factory Block
chisel:factory:12, Factory Block
chisel:factory:13, Factory Block
chisel:factory:14, Factory Block
chisel:factory:15, Factory Block
chisel:factory1:0, Factory Block
chisel:factory1:1, Factory Block
chisel:factory1:2, Factory Block
chisel:factory1:3, Factory Block
chisel:factory1:4, Factory Block
chisel:futura:0, Futura Block
chisel:futura:1, Futura Block
chisel:futura:2, Futura Block
chisel:futura:3, Futura Block
chisel:futura:4, Futura Block
chisel:futura:5, Futura Block
chisel:glass:0, Glass
chisel:glass:1, Glass
chisel:glass:2, Glass
chisel:glass:3, Glass
chisel:glass:4, Glass
chisel:glass:5, Glass
chisel:glass:6, Glass
chisel:glass:7, Glass
chisel:glass:8, Glass
chisel:glass:9, Glass
chisel:glass:10, Glass
chisel:glass:11, Glass
chisel:glass:12, Glass
chisel:glass:13, Glass
chisel:glass:14, Glass
chisel:glass:15, Glass
chisel:glass1:0, Glass
chisel:glass1:1, Glass
chisel:glasspane:0, Glass Pane
chisel:glasspane:1, Glass Pane
chisel:glasspane:2, Glass Pane
chisel:glasspane:3, Glass Pane
chisel:glasspane:4, Glass Pane
chisel:glasspane:5, Glass Pane
chisel:glasspane:6, Glass Pane
chisel:glasspane:7, Glass Pane
chisel:glasspane:8, Glass Pane
chisel:glasspane:9, Glass Pane
chisel:glasspane:10, Glass Pane
chisel:glasspane:11, Glass Pane
chisel:glasspane:12, Glass Pane
chisel:glasspane:13, Glass Pane
chisel:glasspane:14, Glass Pane
chisel:glasspane:15, Glass Pane
chisel:glasspane1:0, Glass Pane
chisel:glasspane1:1, Glass Pane
chisel:glassdyedblack:0, Black Stained Glass
chisel:glassdyedblack:1, Black Stained Glass
chisel:glassdyedblack:2, Black Stained Glass
chisel:glassdyedblack:3, Black Stained Glass
chisel:glassdyedblack:4, Black Stained Glass
chisel:glassdyedblack:5, Black Stained Glass
chisel:glasspanedyedblack:0, Black Stained Glass Pane
chisel:glasspanedyedblack:1, Black Stained Glass Pane
chisel:glasspanedyedblack:2, Black Stained Glass Pane
chisel:glasspanedyedblack:3, Black Stained Glass Pane
chisel:glasspanedyedblack:4, Black Stained Glass Pane
chisel:glasspanedyedblack:5, Black Stained Glass Pane
chisel:glassdyedred:0, Red Stained Glass
chisel:glassdyedred:1, Red Stained Glass
chisel:glassdyedred:2, Red Stained Glass
chisel:glassdyedred:3, Red Stained Glass
chisel:glassdyedred:4, Red Stained Glass
chisel:glassdyedred:5, Red Stained Glass
chisel:glasspanedyedred:0, Red Stained Glass Pane
chisel:glasspanedyedred:1, Red Stained Glass Pane
chisel:glasspanedyedred:2, Red Stained Glass Pane
chisel:glasspanedyedred:3, Red Stained Glass Pane
chisel:glasspanedyedred:4, Red Stained Glass Pane
chisel:glasspanedyedred:5, Red Stained Glass Pane
chisel:glassdyedgreen:0, Green Stained Glass
chisel:glassdyedgreen:1, Green Stained Glass
chisel:glassdyedgreen:2, Green Stained Glass
chisel:glassdyedgreen:3, Green Stained Glass
chisel:glassdyedgreen:4, Green Stained Glass
chisel:glassdyedgreen:5, Green Stained Glass
chisel:glasspanedyedgreen:0, Green Stained Glass Pane
chisel:glasspanedyedgreen:1, Green Stained Glass Pane
chisel:glasspanedyedgreen:2, Green Stained Glass Pane
chisel:glasspanedyedgreen:3, Green Stained Glass Pane
chisel:glasspanedyedgreen:4, Green Stained Glass Pane
chisel:glasspanedyedgreen:5, Green Stained Glass Pane
chisel:glassdyedbrown:0, Brown Stained Glass
chisel:glassdyedbrown:1, Brown Stained Glass
chisel:glassdyedbrown:2, Brown Stained Glass
chisel:glassdyedbrown:3, Brown Stained Glass
chisel:glassdyedbrown:4, Brown Stained Glass
chisel:glassdyedbrown:5, Brown Stained Glass
chisel:glasspanedyedbrown:0, Brown Stained Glass Pane
chisel:glasspanedyedbrown:1, Brown Stained Glass Pane
chisel:glasspanedyedbrown:2, Brown Stained Glass Pane
chisel:glasspanedyedbrown:3, Brown Stained Glass Pane
chisel:glasspanedyedbrown:4, Brown Stained Glass Pane
chisel:glasspanedyedbrown:5, Brown Stained Glass Pane
chisel:glassdyedblue:0, Blue Stained Glass
chisel:glassdyedblue:1, Blue Stained Glass
chisel:glassdyedblue:2, Blue Stained Glass
chisel:glassdyedblue:3, Blue Stained Glass
chisel:glassdyedblue:4, Blue Stained Glass
chisel:glassdyedblue:5, Blue Stained Glass
chisel:glasspanedyedblue:0, Blue Stained Glass Pane
chisel:glasspanedyedblue:1, Blue Stained Glass Pane
chisel:glasspanedyedblue:2, Blue Stained Glass Pane
chisel:glasspanedyedblue:3, Blue Stained Glass Pane
chisel:glasspanedyedblue:4, Blue Stained Glass Pane
chisel:glasspanedyedblue:5, Blue Stained Glass Pane
chisel:glassdyedpurple:0, Purple Stained Glass
chisel:glassdyedpurple:1, Purple Stained Glass
chisel:glassdyedpurple:2, Purple Stained Glass
chisel:glassdyedpurple:3, Purple Stained Glass
chisel:glassdyedpurple:4, Purple Stained Glass
chisel:glassdyedpurple:5, Purple Stained Glass
chisel:glasspanedyedpurple:0, Purple Stained Glass Pane
chisel:glasspanedyedpurple:1, Purple Stained Glass Pane
chisel:glasspanedyedpurple:2, Purple Stained Glass Pane
chisel:glasspanedyedpurple:3, Purple Stained Glass Pane
chisel:glasspanedyedpurple:4, Purple Stained Glass Pane
chisel:glasspanedyedpurple:5, Purple Stained Glass Pane
chisel:glassdyedcyan:0, Cyan Stained Glass
chisel:glassdyedcyan:1, Cyan Stained Glass
chisel:glassdyedcyan:2, Cyan Stained Glass
chisel:glassdyedcyan:3, Cyan Stained Glass
chisel:glassdyedcyan:4, Cyan Stained Glass
chisel:glassdyedcyan:5, Cyan Stained Glass
chisel:glasspanedyedcyan:0, Cyan Stained Glass Pane
chisel:glasspanedyedcyan:1, Cyan Stained Glass Pane
chisel:glasspanedyedcyan:2, Cyan Stained Glass Pane
chisel:glasspanedyedcyan:3, Cyan Stained Glass Pane
chisel:glasspanedyedcyan:4, Cyan Stained Glass Pane
chisel:glasspanedyedcyan:5, Cyan Stained Glass Pane
chisel:glassdyedlightgray:0, Light Gray Stained Glass
chisel:glassdyedlightgray:1, Light Gray Stained Glass
chisel:glassdyedlightgray:2, Light Gray Stained Glass
chisel:glassdyedlightgray:3, Light Gray Stained Glass
chisel:glassdyedlightgray:4, Light Gray Stained Glass
chisel:glassdyedlightgray:5, Light Gray Stained Glass
chisel:glasspanedyedlightgray:0, Light Gray Stained Glass Pane
chisel:glasspanedyedlightgray:1, Light Gray Stained Glass Pane
chisel:glasspanedyedlightgray:2, Light Gray Stained Glass Pane
chisel:glasspanedyedlightgray:3, Light Gray Stained Glass Pane
chisel:glasspanedyedlightgray:4, Light Gray Stained Glass Pane
chisel:glasspanedyedlightgray:5, Light Gray Stained Glass Pane
chisel:glassdyedgray:0, Gray Stained Glass
chisel:glassdyedgray:1, Gray Stained Glass
chisel:glassdyedgray:2, Gray Stained Glass
chisel:glassdyedgray:3, Gray Stained Glass
chisel:glassdyedgray:4, Gray Stained Glass
chisel:glassdyedgray:5, Gray Stained Glass
chisel:glasspanedyedgray:0, Gray Stained Glass Pane
chisel:glasspanedyedgray:1, Gray Stained Glass Pane
chisel:glasspanedyedgray:2, Gray Stained Glass Pane
chisel:glasspanedyedgray:3, Gray Stained Glass Pane
chisel:glasspanedyedgray:4, Gray Stained Glass Pane
chisel:glasspanedyedgray:5, Gray Stained Glass Pane
chisel:glassdyedpink:0, Pink Stained Glass
chisel:glassdyedpink:1, Pink Stained Glass
chisel:glassdyedpink:2, Pink Stained Glass
chisel:glassdyedpink:3, Pink Stained Glass
chisel:glassdyedpink:4, Pink Stained Glass
chisel:glassdyedpink:5, Pink Stained Glass
chisel:glasspanedyedpink:0, Pink Stained Glass Pane
chisel:glasspanedyedpink:1, Pink Stained Glass Pane
chisel:glasspanedyedpink:2, Pink Stained Glass Pane
chisel:glasspanedyedpink:3, Pink Stained Glass Pane
chisel:glasspanedyedpink:4, Pink Stained Glass Pane
chisel:glasspanedyedpink:5, Pink Stained Glass Pane
chisel:glassdyedlime:0, Lime Stained Glass
chisel:glassdyedlime:1, Lime Stained Glass
chisel:glassdyedlime:2, Lime Stained Glass
chisel:glassdyedlime:3, Lime Stained Glass
chisel:glassdyedlime:4, Lime Stained Glass
chisel:glassdyedlime:5, Lime Stained Glass
chisel:glasspanedyedlime:0, Lime Stained Glass Pane
chisel:glasspanedyedlime:1, Lime Stained Glass Pane
chisel:glasspanedyedlime:2, Lime Stained Glass Pane
chisel:glasspanedyedlime:3, Lime Stained Glass Pane
chisel:glasspanedyedlime:4, Lime Stained Glass Pane
chisel:glasspanedyedlime:5, Lime Stained Glass Pane
chisel:glassdyedyellow:0, Yellow Stained Glass
chisel:glassdyedyellow:1, Yellow Stained Glass
chisel:glassdyedyellow:2, Yellow Stained Glass
chisel:glassdyedyellow:3, Yellow Stained Glass
chisel:glassdyedyellow:4, Yellow Stained Glass
chisel:glassdyedyellow:5, Yellow Stained Glass
chisel:glasspanedyedyellow:0, Yellow Stained Glass Pane
chisel:glasspanedyedyellow:1, Yellow Stained Glass Pane
chisel:glasspanedyedyellow:2, Yellow Stained Glass Pane
chisel:glasspanedyedyellow:3, Yellow Stained Glass Pane
chisel:glasspanedyedyellow:4, Yellow Stained Glass Pane
chisel:glasspanedyedyellow:5, Yellow Stained Glass Pane
chisel:glassdyedlightblue:0, Light Blue Stained Glass
chisel:glassdyedlightblue:1, Light Blue Stained Glass
chisel:glassdyedlightblue:2, Light Blue Stained Glass
chisel:glassdyedlightblue:3, Light Blue Stained Glass
chisel:glassdyedlightblue:4, Light Blue Stained Glass
chisel:glassdyedlightblue:5, Light Blue Stained Glass
chisel:glasspanedyedlightblue:0, Light Blue Stained Glass Pane
chisel:glasspanedyedlightblue:1, Light Blue Stained Glass Pane
chisel:glasspanedyedlightblue:2, Light Blue Stained Glass Pane
chisel:glasspanedyedlightblue:3, Light Blue Stained Glass Pane
chisel:glasspanedyedlightblue:4, Light Blue Stained Glass Pane
chisel:glasspanedyedlightblue:5, Light Blue Stained Glass Pane
chisel:glassdyedmagenta:0, Magenta Stained Glass
chisel:glassdyedmagenta:1, Magenta Stained Glass
chisel:glassdyedmagenta:2, Magenta Stained Glass
chisel:glassdyedmagenta:3, Magenta Stained Glass
chisel:glassdyedmagenta:4, Magenta Stained Glass
chisel:glassdyedmagenta:5, Magenta Stained Glass
chisel:glasspanedyedmagenta:0, Magenta Stained Glass Pane
chisel:glasspanedyedmagenta:1, Magenta Stained Glass Pane
chisel:glasspanedyedmagenta:2, Magenta Stained Glass Pane
chisel:glasspanedyedmagenta:3, Magenta Stained Glass Pane
chisel:glasspanedyedmagenta:4, Magenta Stained Glass Pane
chisel:glasspanedyedmagenta:5, Magenta Stained Glass Pane
chisel:glassdyedorange:0, Orange Stained Glass
chisel:glassdyedorange:1, Orange Stained Glass
chisel:glassdyedorange:2, Orange Stained Glass
chisel:glassdyedorange:3, Orange Stained Glass
chisel:glassdyedorange:4, Orange Stained Glass
chisel:glassdyedorange:5, Orange Stained Glass
chisel:glasspanedyedorange:0, Orange Stained Glass Pane
chisel:glasspanedyedorange:1, Orange Stained Glass Pane
chisel:glasspanedyedorange:2, Orange Stained Glass Pane
chisel:glasspanedyedorange:3, Orange Stained Glass Pane
chisel:glasspanedyedorange:4, Orange Stained Glass Pane
chisel:glasspanedyedorange:5, Orange Stained Glass Pane
chisel:glassdyedwhite:0, White Stained Glass
chisel:glassdyedwhite:1, White Stained Glass
chisel:glassdyedwhite:2, White Stained Glass
chisel:glassdyedwhite:3, White Stained Glass
chisel:glassdyedwhite:4, White Stained Glass
chisel:glassdyedwhite:5, White Stained Glass
chisel:glasspanedyedwhite:0, White Stained Glass Pane
chisel:glasspanedyedwhite:1, White Stained Glass Pane
chisel:glasspanedyedwhite:2, White Stained Glass Pane
chisel:glasspanedyedwhite:3, White Stained Glass Pane
chisel:glasspanedyedwhite:4, White Stained Glass Pane
chisel:glasspanedyedwhite:5, White Stained Glass Pane
chisel:glowstone:0, Glowstone
chisel:glowstone:1, Glowstone
chisel:glowstone:2, Glowstone
chisel:glowstone:3, Glowstone
chisel:glowstone:4, Glowstone
chisel:glowstone:5, Glowstone
chisel:glowstone:6, Glowstone
chisel:glowstone:7, Glowstone
chisel:glowstone:8, Glowstone
chisel:glowstone:9, Glowstone
chisel:glowstone:10, Glowstone
chisel:glowstone:11, Glowstone
chisel:glowstone:12, Glowstone
chisel:glowstone:13, Glowstone
chisel:glowstone:14, Glowstone
chisel:glowstone:15, Glowstone
chisel:glowstone1:0, Glowstone
chisel:glowstone1:1, Glowstone
chisel:glowstone1:2, Glowstone
chisel:glowstone1:3, Glowstone
chisel:glowstone1:4, Glowstone
chisel:glowstone1:5, Glowstone
chisel:glowstone1:6, Glowstone
chisel:glowstone1:7, Glowstone
chisel:glowstone1:8, Glowstone
chisel:glowstone1:9, Glowstone
chisel:glowstone1:10, Glowstone
chisel:glowstone1:11, Glowstone
chisel:glowstone1:12, Glowstone
chisel:glowstone1:13, Glowstone
chisel:glowstone1:14, Glowstone
chisel:glowstone1:15, Glowstone
chisel:glowstone2:0, Glowstone
chisel:blockgold:0, Block of Gold
chisel:blockgold:1, Block of Gold
chisel:blockgold:2, Block of Gold
chisel:blockgold:3, Block of Gold
chisel:blockgold:4, Block of Gold
chisel:blockgold:5, Block of Gold
chisel:blockgold:6, Block of Gold
chisel:gold:0, Block of Gold
chisel:gold:1, Block of Gold
chisel:gold:2, Block of Gold
chisel:gold:3, Block of Gold
chisel:gold:4, Block of Gold
chisel:gold:5, Block of Gold
chisel:gold:6, Block of Gold
chisel:gold:7, Block of Gold
chisel:gold:8, Block of Gold
chisel:gold:9, Block of Gold
chisel:gold:10, Block of Gold
chisel:gold:11, Block of Gold
chisel:gold:12, Block of Gold
chisel:gold:13, Block of Gold
chisel:granite:0, Granite
chisel:granite:1, Granite
chisel:granite:2, Granite
chisel:granite:3, Granite
chisel:granite:4, Granite
chisel:granite:5, Granite
chisel:granite:6, Granite
chisel:granite:7, Granite
chisel:granite:8, Granite
chisel:granite:9, Granite
chisel:granite:10, Granite
chisel:granite:11, Granite
chisel:granite:12, Granite
chisel:granite:13, Granite
chisel:granite:14, Granite
chisel:granite:15, Granite
chisel:granite1:0, Granite
chisel:granite1:1, Granite
chisel:granite1:2, Granite
chisel:granite1:3, Granite
chisel:granite1:4, Granite
chisel:granite1:5, Granite
chisel:granite1:6, Granite
chisel:granite1:7, Granite
chisel:granite1:8, Granite
chisel:granite1:9, Granite
chisel:granite1:10, Granite
chisel:granite1:11, Granite
chisel:granite1:12, Granite
chisel:granite1:13, Granite
chisel:granite1:14, Granite
chisel:granite1:15, Granite
chisel:granite2:0, Granite
chisel:hardenedclay:0, Terracotta
chisel:hardenedclay:1, Terracotta
chisel:hardenedclay:2, Terracotta
chisel:hardenedclay:3, Terracotta
chisel:hardenedclay:4, Terracotta
chisel:hardenedclay:5, Terracotta
chisel:hardenedclay:6, Terracotta
chisel:hardenedclay:7, Terracotta
chisel:hardenedclay:8, Terracotta
chisel:hardenedclay:9, Terracotta
chisel:hardenedclay:10, Terracotta
chisel:hardenedclay:11, Terracotta
chisel:hardenedclay:12, Terracotta
chisel:hardenedclay:13, Terracotta
chisel:hardenedclay:14, Terracotta
chisel:hardenedclay:15, Terracotta
chisel:hardenedclay1:0, Terracotta
chisel:hardenedclay1:1, Terracotta
chisel:hardenedclay1:2, Terracotta
chisel:hardenedclay1:3, Terracotta
chisel:hardenedclay1:4, Terracotta
chisel:hardenedclay1:5, Terracotta
chisel:hardenedclay1:6, Terracotta
chisel:hardenedclay1:7, Terracotta
chisel:hardenedclay1:8, Terracotta
chisel:hardenedclay1:9, Terracotta
chisel:hardenedclay2:0, Terracotta
chisel:hardenedclay2:1, Terracotta
chisel:hardenedclay2:2, Terracotta
chisel:hardenedclay2:3, Terracotta
chisel:hardenedclay2:4, Terracotta
chisel:hardenedclay2:5, Terracotta
chisel:hardenedclay2:6, Terracotta
chisel:ice:0, Ice
chisel:ice:1, Ice
chisel:ice:2, Ice
chisel:ice:3, Ice
chisel:ice:4, Ice
chisel:ice:5, Ice
chisel:ice:6, Ice
chisel:ice:7, Ice
chisel:ice:8, Ice
chisel:ice:9, Ice
chisel:ice:10, Ice
chisel:ice:11, Ice
chisel:ice:12, Ice
chisel:ice:13, Ice
chisel:ice:14, Ice
chisel:ice:15, Ice
chisel:ice1:0, Ice
chisel:ice1:1, Ice
chisel:ice1:2, Ice
chisel:ice1:3, Ice
chisel:ice1:4, Ice
chisel:ice1:5, Ice
chisel:ice1:6, Ice
chisel:ice1:7, Ice
chisel:ice1:8, Ice
chisel:ice1:9, Ice
chisel:ice1:10, Ice
chisel:ice1:11, Ice
chisel:ice1:12, Ice
chisel:ice1:13, Ice
chisel:ice1:14, Ice
chisel:ice1:15, Ice
chisel:ice2:0, Ice
chisel:icepillar:0, Ice Pillar
chisel:icepillar:1, Ice Pillar
chisel:icepillar:2, Ice Pillar
chisel:icepillar:3, Ice Pillar
chisel:icepillar:4, Ice Pillar
chisel:icepillar:5, Ice Pillar
chisel:icepillar:6, Ice Pillar
chisel:blockinvar:0, Block of Invar
chisel:blockinvar:1, Block of Invar
chisel:blockinvar:2, Block of Invar
chisel:blockinvar:3, Block of Invar
chisel:blockinvar:4, Block of Invar
chisel:blockinvar:5, Block of Invar
chisel:blockinvar:6, Block of Invar
chisel:blockiron:0, Block of Iron
chisel:blockiron:1, Block of Iron
chisel:blockiron:2, Block of Iron
chisel:blockiron:3, Block of Iron
chisel:blockiron:4, Block of Iron
chisel:blockiron:5, Block of Iron
chisel:blockiron:6, Block of Iron
chisel:iron:0, Block of Iron
chisel:iron:1, Block of Iron
chisel:iron:2, Block of Iron
chisel:iron:3, Block of Iron
chisel:iron:4, Block of Iron
chisel:iron:5, Block of Iron
chisel:iron:6, Block of Iron
chisel:iron:7, Block of Iron
chisel:iron:8, Block of Iron
chisel:iron:9, Block of Iron
chisel:iron:10, Block of Iron
chisel:iron:11, Block of Iron
chisel:iron:12, Block of Iron
chisel:iron:13, Block of Iron
chisel:iron:14, Block of Iron
chisel:ironpane:0, Iron Bars
chisel:ironpane:1, Iron Bars
chisel:ironpane:2, Iron Bars
chisel:ironpane:3, Iron Bars
chisel:ironpane:4, Iron Bars
chisel:ironpane:5, Iron Bars
chisel:ironpane:6, Iron Bars
chisel:ironpane:7, Iron Bars
chisel:ironpane:8, Iron Bars
chisel:ironpane:9, Iron Bars
chisel:ironpane:10, Iron Bars
chisel:ironpane:11, Iron Bars
chisel:ironpane:12, Iron Bars
chisel:laboratory:0, Laboratory Block
chisel:laboratory:1, Laboratory Block
chisel:laboratory:2, Laboratory Block
chisel:laboratory:3, Laboratory Block
chisel:laboratory:4, Laboratory Block
chisel:laboratory:5, Laboratory Block
chisel:laboratory:6, Laboratory Block
chisel:laboratory:7, Laboratory Block
chisel:laboratory:8, Laboratory Block
chisel:laboratory:9, Laboratory Block
chisel:laboratory:10, Laboratory Block
chisel:laboratory:11, Laboratory Block
chisel:laboratory:12, Laboratory Block
chisel:laboratory:13, Laboratory Block
chisel:laboratory:14, Laboratory Block
chisel:laboratory:15, Laboratory Block
chisel:lapis:0, Lapis Lazuli Block
chisel:lapis:1, Lapis Lazuli Block
chisel:lapis:2, Lapis Lazuli Block
chisel:lapis:3, Lapis Lazuli Block
chisel:lapis:4, Lapis Lazuli Block
chisel:lapis:5, Lapis Lazuli Block
chisel:lapis:6, Lapis Lazuli Block
chisel:lapis:7, Lapis Lazuli Block
chisel:lapis:8, Lapis Lazuli Block
chisel:lavastone:0, Lavastone
chisel:lavastone:1, Lavastone
chisel:lavastone:2, Lavastone
chisel:lavastone:3, Lavastone
chisel:lavastone:4, Lavastone
chisel:lavastone:5, Lavastone
chisel:lavastone:6, Lavastone
chisel:lavastone:7, Lavastone
chisel:lavastone:8, Lavastone
chisel:lavastone:9, Lavastone
chisel:lavastone:10, Lavastone
chisel:lavastone:11, Lavastone
chisel:lavastone:12, Lavastone
chisel:lavastone:13, Lavastone
chisel:lavastone:14, Lavastone
chisel:lavastone:15, Lavastone
chisel:lavastone1:0, Lavastone
chisel:lavastone1:1, Lavastone
chisel:lavastone1:2, Lavastone
chisel:lavastone1:3, Lavastone
chisel:lavastone1:4, Lavastone
chisel:lavastone1:5, Lavastone
chisel:lavastone1:6, Lavastone
chisel:lavastone1:7, Lavastone
chisel:lavastone1:8, Lavastone
chisel:lavastone1:9, Lavastone
chisel:lavastone1:10, Lavastone
chisel:lavastone1:11, Lavastone
chisel:lavastone1:12, Lavastone
chisel:lavastone1:13, Lavastone
chisel:lavastone1:14, Lavastone
chisel:lavastone1:15, Lavastone
chisel:lavastone2:0, Lavastone
chisel:blocklead:0, Block of Lead
chisel:blocklead:1, Block of Lead
chisel:blocklead:2, Block of Lead
chisel:blocklead:3, Block of Lead
chisel:blocklead:4, Block of Lead
chisel:blocklead:5, Block of Lead
chisel:blocklead:6, Block of Lead
chisel:limestone:0, Limestone
chisel:limestone:1, Limestone
chisel:limestone:2, Limestone
chisel:limestone:3, Limestone
chisel:limestone:4, Limestone
chisel:limestone:5, Limestone
chisel:limestone:6, Limestone
chisel:limestone:7, Limestone
chisel:limestone:8, Limestone
chisel:limestone:9, Limestone
chisel:limestone:10, Limestone
chisel:limestone:11, Limestone
chisel:limestone:12, Limestone
chisel:limestone:13, Limestone
chisel:limestone:14, Limestone
chisel:limestone:15, Limestone
chisel:limestone1:0, Limestone
chisel:limestone1:1, Limestone
chisel:limestone1:2, Limestone
chisel:limestone1:3, Limestone
chisel:limestone1:4, Limestone
chisel:limestone1:5, Limestone
chisel:limestone1:6, Limestone
chisel:limestone1:7, Limestone
chisel:limestone1:8, Limestone
chisel:limestone1:9, Limestone
chisel:limestone2:0, Limestone
chisel:limestone2:1, Limestone
chisel:limestone2:2, Limestone
chisel:limestone2:3, Limestone
chisel:limestone2:4, Limestone
chisel:limestone2:5, Limestone
chisel:limestone2:6, Limestone
chisel:limestone2:7, Limestone
chisel:marble:0, Marble
chisel:marble:1, Marble
chisel:marble:2, Marble
chisel:marble:3, Marble
chisel:marble:4, Marble
chisel:marble:5, Marble
chisel:marble:6, Marble
chisel:marble:7, Marble
chisel:marble:8, Marble
chisel:marble:9, Marble
chisel:marble:10, Marble
chisel:marble:11, Marble
chisel:marble:12, Marble
chisel:marble:13, Marble
chisel:marble:14, Marble
chisel:marble:15, Marble
chisel:marble1:0, Marble
chisel:marble1:1, Marble
chisel:marble1:2, Marble
chisel:marble1:3, Marble
chisel:marble1:4, Marble
chisel:marble1:5, Marble
chisel:marble1:6, Marble
chisel:marble1:7, Marble
chisel:marble1:8, Marble
chisel:marble1:9, Marble
chisel:marble2:0, Marble
chisel:marble2:1, Marble
chisel:marble2:2, Marble
chisel:marble2:3, Marble
chisel:marble2:4, Marble
chisel:marble2:5, Marble
chisel:marble2:6, Marble
chisel:marble2:7, Marble
chisel:marblepillar:0, Marble Pillar
chisel:marblepillar:1, Marble Pillar
chisel:marblepillar:2, Marble Pillar
chisel:marblepillar:3, Marble Pillar
chisel:marblepillar:4, Marble Pillar
chisel:marblepillar:5, Marble Pillar
chisel:marblepillar:6, Marble Pillar
chisel:marblepillar:7, Marble Pillar
chisel:marblepillar:8, Marble Pillar
chisel:marblepillar:9, Marble Pillar
chisel:marblepillar:10, Marble Pillar
chisel:marblepillar:11, Marble Pillar
chisel:marblepillar:12, Marble Pillar
chisel:marblepillar:13, Marble Pillar
chisel:marblepillar:14, Marble Pillar
chisel:marblepillar:15, Marble Pillar
chisel:netherbrick:0, Nether Brick
chisel:netherbrick:1, Nether Brick
chisel:netherbrick:2, Nether Brick
chisel:netherbrick:3, Nether Brick
chisel:netherbrick:4, Nether Brick
chisel:netherbrick:5, Nether Brick
chisel:netherbrick:6, Nether Brick
chisel:netherbrick:7, Nether Brick
chisel:netherbrick:8, Nether Brick
chisel:netherbrick:9, Nether Brick
chisel:netherbrick:10, Nether Brick
chisel:netherbrick:11, Nether Brick
chisel:netherbrick:12, Nether Brick
chisel:netherbrick:13, Nether Brick
chisel:netherbrick:14, Nether Brick
chisel:netherbrick:15, Nether Brick
chisel:netherrack:0, Netherrack
chisel:netherrack:1, Netherrack
chisel:netherrack:2, Netherrack
chisel:netherrack:3, Netherrack
chisel:netherrack:4, Netherrack
chisel:netherrack:5, Netherrack
chisel:netherrack:6, Netherrack
chisel:netherrack:7, Netherrack
chisel:netherrack:8, Netherrack
chisel:netherrack:9, Netherrack
chisel:netherrack:10, Netherrack
chisel:netherrack:11, Netherrack
chisel:netherrack:12, Netherrack
chisel:netherrack:13, Netherrack
chisel:blocknickel:0, Block of Nickel
chisel:blocknickel:1, Block of Nickel
chisel:blocknickel:2, Block of Nickel
chisel:blocknickel:3, Block of Nickel
chisel:blocknickel:4, Block of Nickel
chisel:blocknickel:5, Block of Nickel
chisel:blocknickel:6, Block of Nickel
chisel:obsidian:0, Obsidian
chisel:obsidian:1, Obsidian
chisel:obsidian:2, Obsidian
chisel:obsidian:3, Obsidian
chisel:obsidian:4, Obsidian
chisel:obsidian:5, Obsidian
chisel:obsidian:6, Obsidian
chisel:obsidian:7, Obsidian
chisel:obsidian:8, Obsidian
chisel:obsidian:9, Obsidian
chisel:obsidian:10, Obsidian
chisel:obsidian:11, Obsidian
chisel:obsidian:12, Obsidian
chisel:obsidian:13, Obsidian
chisel:obsidian:14, Obsidian
chisel:paper:0, Paper Wall
chisel:paper:1, Paper Wall
chisel:paper:2, Paper Wall
chisel:paper:3, Paper Wall
chisel:paper:4, Paper Wall
chisel:paper:5, Paper Wall
chisel:paper:6, Paper Wall
chisel:paper:7, Paper Wall
chisel:paper:8, Paper Wall
chisel:planks-oak:0, Oak Wood Planks
chisel:planks-oak:1, Oak Wood Planks
chisel:planks-oak:2, Oak Wood Planks
chisel:planks-oak:3, Oak Wood Planks
chisel:planks-oak:4, Oak Wood Planks
chisel:planks-oak:5, Oak Wood Planks
chisel:planks-oak:6, Oak Wood Planks
chisel:planks-oak:7, Oak Wood Planks
chisel:planks-oak:8, Oak Wood Planks
chisel:planks-oak:9, Oak Wood Planks
chisel:planks-oak:10, Oak Wood Planks
chisel:planks-oak:11, Oak Wood Planks
chisel:planks-oak:12, Oak Wood Planks
chisel:planks-oak:13, Oak Wood Planks
chisel:planks-oak:14, Oak Wood Planks
chisel:planks-spruce:0, Spruce Wood Planks
chisel:planks-spruce:1, Spruce Wood Planks
chisel:planks-spruce:2, Spruce Wood Planks
chisel:planks-spruce:3, Spruce Wood Planks
chisel:planks-spruce:4, Spruce Wood Planks
chisel:planks-spruce:5, Spruce Wood Planks
chisel:planks-spruce:6, Spruce Wood Planks
chisel:planks-spruce:7, Spruce Wood Planks
chisel:planks-spruce:8, Spruce Wood Planks
chisel:planks-spruce:9, Spruce Wood Planks
chisel:planks-spruce:10, Spruce Wood Planks
chisel:planks-spruce:11, Spruce Wood Planks
chisel:planks-spruce:12, Spruce Wood Planks
chisel:planks-spruce:13, Spruce Wood Planks
chisel:planks-spruce:14, Spruce Wood Planks
chisel:planks-birch:0, Birch Wood Planks
chisel:planks-birch:1, Birch Wood Planks
chisel:planks-birch:2, Birch Wood Planks
chisel:planks-birch:3, Birch Wood Planks
chisel:planks-birch:4, Birch Wood Planks
chisel:planks-birch:5, Birch Wood Planks
chisel:planks-birch:6, Birch Wood Planks
chisel:planks-birch:7, Birch Wood Planks
chisel:planks-birch:8, Birch Wood Planks
chisel:planks-birch:9, Birch Wood Planks
chisel:planks-birch:10, Birch Wood Planks
chisel:planks-birch:11, Birch Wood Planks
chisel:planks-birch:12, Birch Wood Planks
chisel:planks-birch:13, Birch Wood Planks
chisel:planks-birch:14, Birch Wood Planks
chisel:planks-jungle:0, Jungle Wood Planks
chisel:planks-jungle:1, Jungle Wood Planks
chisel:planks-jungle:2, Jungle Wood Planks
chisel:planks-jungle:3, Jungle Wood Planks
chisel:planks-jungle:4, Jungle Wood Planks
chisel:planks-jungle:5, Jungle Wood Planks
chisel:planks-jungle:6, Jungle Wood Planks
chisel:planks-jungle:7, Jungle Wood Planks
chisel:planks-jungle:8, Jungle Wood Planks
chisel:planks-jungle:9, Jungle Wood Planks
chisel:planks-jungle:10, Jungle Wood Planks
chisel:planks-jungle:11, Jungle Wood Planks
chisel:planks-jungle:12, Jungle Wood Planks
chisel:planks-jungle:13, Jungle Wood Planks
chisel:planks-jungle:14, Jungle Wood Planks
chisel:planks-acacia:0, Acacia Wood Planks
chisel:planks-acacia:1, Acacia Wood Planks
chisel:planks-acacia:2, Acacia Wood Planks
chisel:planks-acacia:3, Acacia Wood Planks
chisel:planks-acacia:4, Acacia Wood Planks
chisel:planks-acacia:5, Acacia Wood Planks
chisel:planks-acacia:6, Acacia Wood Planks
chisel:planks-acacia:7, Acacia Wood Planks
chisel:planks-acacia:8, Acacia Wood Planks
chisel:planks-acacia:9, Acacia Wood Planks
chisel:planks-acacia:10, Acacia Wood Planks
chisel:planks-acacia:11, Acacia Wood Planks
chisel:planks-acacia:12, Acacia Wood Planks
chisel:planks-acacia:13, Acacia Wood Planks
chisel:planks-acacia:14, Acacia Wood Planks
chisel:planks-dark-oak:0, Dark Oak Wood Planks
chisel:planks-dark-oak:1, Dark Oak Wood Planks
chisel:planks-dark-oak:2, Dark Oak Wood Planks
chisel:planks-dark-oak:3, Dark Oak Wood Planks
chisel:planks-dark-oak:4, Dark Oak Wood Planks
chisel:planks-dark-oak:5, Dark Oak Wood Planks
chisel:planks-dark-oak:6, Dark Oak Wood Planks
chisel:planks-dark-oak:7, Dark Oak Wood Planks
chisel:planks-dark-oak:8, Dark Oak Wood Planks
chisel:planks-dark-oak:9, Dark Oak Wood Planks
chisel:planks-dark-oak:10, Dark Oak Wood Planks
chisel:planks-dark-oak:11, Dark Oak Wood Planks
chisel:planks-dark-oak:12, Dark Oak Wood Planks
chisel:planks-dark-oak:13, Dark Oak Wood Planks
chisel:planks-dark-oak:14, Dark Oak Wood Planks
chisel:blockplatinum:0, Block of Platinum
chisel:blockplatinum:1, Block of Platinum
chisel:blockplatinum:2, Block of Platinum
chisel:blockplatinum:3, Block of Platinum
chisel:blockplatinum:4, Block of Platinum
chisel:blockplatinum:5, Block of Platinum
chisel:blockplatinum:6, Block of Platinum
chisel:prismarine:0, Prismarine
chisel:prismarine:1, Prismarine
chisel:prismarine:2, Prismarine
chisel:prismarine:3, Prismarine
chisel:prismarine:4, Prismarine
chisel:prismarine:5, Prismarine
chisel:prismarine:6, Prismarine
chisel:prismarine:7, Prismarine
chisel:prismarine:8, Prismarine
chisel:prismarine:9, Prismarine
chisel:prismarine:10, Prismarine
chisel:prismarine:11, Prismarine
chisel:prismarine:12, Prismarine
chisel:prismarine:13, Prismarine
chisel:prismarine:14, Prismarine
chisel:prismarine:15, Prismarine
chisel:prismarine1:0, Prismarine
chisel:prismarine1:1, Prismarine
chisel:prismarine1:2, Prismarine
chisel:prismarine1:3, Prismarine
chisel:prismarine1:4, Prismarine
chisel:prismarine1:5, Prismarine
chisel:prismarine1:6, Prismarine
chisel:prismarine1:7, Prismarine
chisel:prismarine1:8, Prismarine
chisel:prismarine1:9, Prismarine
chisel:prismarine2:0, Prismarine
chisel:prismarine2:1, Prismarine
chisel:prismarine2:2, Prismarine
chisel:prismarine2:3, Prismarine
chisel:prismarine2:4, Prismarine
chisel:prismarine2:5, Prismarine
chisel:quartz:0, Block of Quartz
chisel:quartz:1, Block of Quartz
chisel:quartz:2, Block of Quartz
chisel:quartz:3, Block of Quartz
chisel:quartz:4, Block of Quartz
chisel:quartz:5, Block of Quartz
chisel:quartz:6, Block of Quartz
chisel:quartz:7, Block of Quartz
chisel:quartz:8, Block of Quartz
chisel:quartz:9, Block of Quartz
chisel:quartz:10, Block of Quartz
chisel:quartz:11, Block of Quartz
chisel:quartz:12, Block of Quartz
chisel:quartz:13, Block of Quartz
chisel:quartz:14, Block of Quartz
chisel:quartz:15, Block of Quartz
chisel:quartz1:0, Block of Quartz
chisel:quartz1:1, Block of Quartz
chisel:quartz1:2, Block of Quartz
chisel:quartz1:3, Block of Quartz
chisel:quartz1:4, Block of Quartz
chisel:quartz1:5, Block of Quartz
chisel:quartz1:6, Block of Quartz
chisel:quartz1:7, Block of Quartz
chisel:quartz1:8, Block of Quartz
chisel:quartz1:9, Block of Quartz
chisel:quartz1:10, Block of Quartz
chisel:quartz1:11, Block of Quartz
chisel:quartz1:12, Block of Quartz
chisel:quartz1:13, Block of Quartz
chisel:quartz1:14, Block of Quartz
chisel:quartz1:15, Block of Quartz
chisel:redstone:0, Block of Redstone
chisel:redstone:1, Block of Redstone
chisel:redstone:2, Block of Redstone
chisel:redstone:3, Block of Redstone
chisel:redstone:4, Block of Redstone
chisel:redstone:5, Block of Redstone
chisel:redstone:6, Block of Redstone
chisel:redstone:7, Block of Redstone
chisel:redstone:8, Block of Redstone
chisel:redstone:9, Block of Redstone
chisel:redstone:10, Block of Redstone
chisel:redstone:11, Block of Redstone
chisel:redstone:12, Block of Redstone
chisel:redstone:13, Block of Redstone
chisel:redstone:14, Block of Redstone
chisel:redstone:15, Block of Redstone
chisel:redstone1:0, Block of Redstone
chisel:redstone1:1, Block of Redstone
chisel:redstone1:2, Block of Redstone
chisel:redstone1:3, Block of Redstone
chisel:redstone1:4, Block of Redstone
chisel:redstone1:5, Block of Redstone
chisel:redstone1:6, Block of Redstone
chisel:redstone1:7, Block of Redstone
chisel:redstone1:8, Block of Redstone
chisel:redstone1:9, Block of Redstone
chisel:redstone1:10, Block of Redstone
chisel:redstone1:11, Block of Redstone
chisel:sandstoneyellow:0, Sandstone
chisel:sandstoneyellow:1, Sandstone
chisel:sandstoneyellow:2, Sandstone
chisel:sandstoneyellow:3, Sandstone
chisel:sandstoneyellow:4, Sandstone
chisel:sandstoneyellow:5, Sandstone
chisel:sandstoneyellow:6, Sandstone
chisel:sandstoneyellow:7, Sandstone
chisel:sandstoneyellow:8, Sandstone
chisel:sandstoneyellow:9, Sandstone
chisel:sandstoneyellow:10, Sandstone
chisel:sandstoneyellow:11, Sandstone
chisel:sandstoneyellow:12, Sandstone
chisel:sandstoneyellow:13, Sandstone
chisel:sandstoneyellow:14, Sandstone
chisel:sandstoneyellow:15, Sandstone
chisel:sandstoneyellow1:0, Sandstone
chisel:sandstoneyellow1:1, Sandstone
chisel:sandstoneyellow1:2, Sandstone
chisel:sandstoneyellow1:3, Sandstone
chisel:sandstoneyellow1:4, Sandstone
chisel:sandstoneyellow1:5, Sandstone
chisel:sandstoneyellow1:6, Sandstone
chisel:sandstoneyellow1:7, Sandstone
chisel:sandstoneyellow1:8, Sandstone
chisel:sandstoneyellow1:9, Sandstone
chisel:sandstoneyellow2:0, Sandstone
chisel:sandstoneyellow2:1, Sandstone
chisel:sandstoneyellow2:2, Sandstone
chisel:sandstoneyellow2:3, Sandstone
chisel:sandstoneyellow2:4, Sandstone
chisel:sandstoneyellow2:5, Sandstone
chisel:sandstoneyellow2:6, Sandstone
chisel:sandstoneyellow2:7, Sandstone
chisel:sandstonered:0, Red Sandstone
chisel:sandstonered:1, Red Sandstone
chisel:sandstonered:2, Red Sandstone
chisel:sandstonered:3, Red Sandstone
chisel:sandstonered:4, Red Sandstone
chisel:sandstonered:5, Red Sandstone
chisel:sandstonered:6, Red Sandstone
chisel:sandstonered:7, Red Sandstone
chisel:sandstonered:8, Red Sandstone
chisel:sandstonered:9, Red Sandstone
chisel:sandstonered:10, Red Sandstone
chisel:sandstonered:11, Red Sandstone
chisel:sandstonered:12, Red Sandstone
chisel:sandstonered:13, Red Sandstone
chisel:sandstonered:14, Red Sandstone
chisel:sandstonered:15, Red Sandstone
chisel:sandstonered1:0, Red Sandstone
chisel:sandstonered1:1, Red Sandstone
chisel:sandstonered1:2, Red Sandstone
chisel:sandstonered1:3, Red Sandstone
chisel:sandstonered1:4, Red Sandstone
chisel:sandstonered1:5, Red Sandstone
chisel:sandstonered1:6, Red Sandstone
chisel:sandstonered1:7, Red Sandstone
chisel:sandstonered1:8, Red Sandstone
chisel:sandstonered1:9, Red Sandstone
chisel:sandstonered2:0, Red Sandstone
chisel:sandstonered2:1, Red Sandstone
chisel:sandstonered2:2, Red Sandstone
chisel:sandstonered2:3, Red Sandstone
chisel:sandstonered2:4, Red Sandstone
chisel:sandstonered2:5, Red Sandstone
chisel:sandstonered2:6, Red Sandstone
chisel:sandstonered2:7, Red Sandstone
chisel:sandstone-scribbles:0, Sandstone Scribbles
chisel:sandstone-scribbles:1, Sandstone Scribbles
chisel:sandstone-scribbles:2, Sandstone Scribbles
chisel:sandstone-scribbles:3, Sandstone Scribbles
chisel:sandstone-scribbles:4, Sandstone Scribbles
chisel:sandstone-scribbles:5, Sandstone Scribbles
chisel:sandstone-scribbles:6, Sandstone Scribbles
chisel:sandstone-scribbles:7, Sandstone Scribbles
chisel:sandstone-scribbles:8, Sandstone Scribbles
chisel:sandstone-scribbles:9, Sandstone Scribbles
chisel:sandstone-scribbles:10, Sandstone Scribbles
chisel:sandstone-scribbles:11, Sandstone Scribbles
chisel:sandstone-scribbles:12, Sandstone Scribbles
chisel:sandstone-scribbles:13, Sandstone Scribbles
chisel:sandstone-scribbles:14, Sandstone Scribbles
chisel:sandstone-scribbles:15, Sandstone Scribbles
chisel:sandstonered-scribbles:0, Red Sandstone Scribbles
chisel:sandstonered-scribbles:1, Red Sandstone Scribbles
chisel:sandstonered-scribbles:2, Red Sandstone Scribbles
chisel:sandstonered-scribbles:3, Red Sandstone Scribbles
chisel:sandstonered-scribbles:4, Red Sandstone Scribbles
chisel:sandstonered-scribbles:5, Red Sandstone Scribbles
chisel:sandstonered-scribbles:6, Red Sandstone Scribbles
chisel:sandstonered-scribbles:7, Red Sandstone Scribbles
chisel:sandstonered-scribbles:8, Red Sandstone Scribbles
chisel:sandstonered-scribbles:9, Red Sandstone Scribbles
chisel:sandstonered-scribbles:10, Red Sandstone Scribbles
chisel:sandstonered-scribbles:11, Red Sandstone Scribbles
chisel:sandstonered-scribbles:12, Red Sandstone Scribbles
chisel:sandstonered-scribbles:13, Red Sandstone Scribbles
chisel:sandstonered-scribbles:14, Red Sandstone Scribbles
chisel:sandstonered-scribbles:15, Red Sandstone Scribbles
chisel:blocksilver:0, Block of Silver
chisel:blocksilver:1, Block of Silver
chisel:blocksilver:2, Block of Silver
chisel:blocksilver:3, Block of Silver
chisel:blocksilver:4, Block of Silver
chisel:blocksilver:5, Block of Silver
chisel:blocksilver:6, Block of Silver
chisel:blocksteel:0, Block of Steel
chisel:blocksteel:1, Block of Steel
chisel:blocksteel:2, Block of Steel
chisel:blocksteel:3, Block of Steel
chisel:blocksteel:4, Block of Steel
chisel:blocksteel:5, Block of Steel
chisel:blocksteel:6, Block of Steel
chisel:stonebrick:0, Chiseled Stone
chisel:stonebrick:1, Chiseled Stone
chisel:stonebrick:2, Chiseled Stone
chisel:stonebrick:3, Chiseled Stone
chisel:stonebrick:4, Chiseled Stone
chisel:stonebrick:5, Chiseled Stone
chisel:stonebrick:6, Chiseled Stone
chisel:stonebrick:7, Chiseled Stone
chisel:stonebrick:8, Chiseled Stone
chisel:stonebrick:9, Chiseled Stone
chisel:stonebrick:10, Chiseled Stone
chisel:stonebrick:11, Chiseled Stone
chisel:stonebrick:12, Chiseled Stone
chisel:stonebrick:13, Chiseled Stone
chisel:stonebrick:14, Chiseled Stone
chisel:stonebrick:15, Chiseled Stone
chisel:stonebrick1:0, Chiseled Stone
chisel:stonebrick1:1, Chiseled Stone
chisel:stonebrick1:2, Chiseled Stone
chisel:stonebrick1:3, Chiseled Stone
chisel:stonebrick1:4, Chiseled Stone
chisel:stonebrick1:5, Chiseled Stone
chisel:stonebrick1:6, Chiseled Stone
chisel:stonebrick1:7, Chiseled Stone
chisel:stonebrick1:8, Chiseled Stone
chisel:stonebrick1:9, Chiseled Stone
chisel:stonebrick2:0, Chiseled Stone
chisel:stonebrick2:1, Chiseled Stone
chisel:stonebrick2:2, Chiseled Stone
chisel:stonebrick2:3, Chiseled Stone
chisel:stonebrick2:4, Chiseled Stone
chisel:stonebrick2:5, Chiseled Stone
chisel:stonebrick2:6, Chiseled Stone
chisel:stonebrick2:7, Chiseled Stone
chisel:stonebrick2:8, Chiseled Stone
chisel:stonebrick2:9, Chiseled Stone
chisel:technical:0, Factory Block
chisel:technical:1, Factory Block
chisel:technical:2, Factory Block
chisel:technical:3, Factory Block
chisel:technical:4, Factory Block
chisel:technical:5, Factory Block
chisel:technical:6, Factory Block
chisel:technical:7, Factory Block
chisel:technical:8, Factory Block
chisel:technical:9, Factory Block
chisel:technical:10, Factory Block
chisel:technical:11, Factory Block
chisel:technical:12, Factory Block
chisel:technical:13, Factory Block
chisel:technical:14, Factory Block
chisel:technical:15, Factory Block
chisel:technical1:0, Factory Block
chisel:technical1:1, Factory Block
chisel:technical1:2, Factory Block
chisel:technical1:3, Factory Block
chisel:technical1:4, Factory Block
chisel:technicalnew:0, Factory Block
chisel:technicalnew:1, Factory Block
chisel:technicalnew:2, Factory Block
chisel:technicalnew:3, Factory Block
chisel:technicalnew:4, Factory Block
chisel:technicalnew:5, Factory Block
chisel:technicalnew:6, Factory Block
chisel:technicalnew:7, Factory Block
chisel:technicalnew:8, Factory Block
chisel:temple:0, Temple Block
chisel:temple:1, Temple Block
chisel:temple:2, Temple Block
chisel:temple:3, Temple Block
chisel:temple:4, Temple Block
chisel:temple:5, Temple Block
chisel:temple:6, Temple Block
chisel:temple:7, Temple Block
chisel:temple:8, Temple Block
chisel:temple:9, Temple Block
chisel:temple:10, Temple Block
chisel:temple:11, Temple Block
chisel:temple:12, Temple Block
chisel:temple:13, Temple Block
chisel:temple:14, Temple Block
chisel:temple:15, Temple Block
chisel:templemossy:0, Mossy Temple Block
chisel:templemossy:1, Mossy Temple Block
chisel:templemossy:2, Mossy Temple Block
chisel:templemossy:3, Mossy Temple Block
chisel:templemossy:4, Mossy Temple Block
chisel:templemossy:5, Mossy Temple Block
chisel:templemossy:6, Mossy Temple Block
chisel:templemossy:7, Mossy Temple Block
chisel:templemossy:8, Mossy Temple Block
chisel:templemossy:9, Mossy Temple Block
chisel:templemossy:10, Mossy Temple Block
chisel:templemossy:11, Mossy Temple Block
chisel:templemossy:12, Mossy Temple Block
chisel:templemossy:13, Mossy Temple Block
chisel:templemossy:14, Mossy Temple Block
chisel:templemossy:15, Mossy Temple Block
chisel:blocktin:0, Block of Tin
chisel:blocktin:1, Block of Tin
chisel:blocktin:2, Block of Tin
chisel:blocktin:3, Block of Tin
chisel:blocktin:4, Block of Tin
chisel:blocktin:5, Block of Tin
chisel:blocktin:6, Block of Tin
chisel:tyrian:0, Tyrian
chisel:tyrian:1, Tyrian
chisel:tyrian:2, Tyrian
chisel:tyrian:3, Tyrian
chisel:tyrian:4, Tyrian
chisel:tyrian:5, Tyrian
chisel:tyrian:6, Tyrian
chisel:tyrian:7, Tyrian
chisel:tyrian:8, Tyrian
chisel:tyrian:9, Tyrian
chisel:tyrian:10, Tyrian
chisel:tyrian:11, Tyrian
chisel:tyrian:12, Tyrian
chisel:tyrian:13, Tyrian
chisel:tyrian:14, Tyrian
chisel:tyrian:15, Tyrian
chisel:blockuranium:0, Block of Uranium
chisel:blockuranium:1, Block of Uranium
chisel:blockuranium:2, Block of Uranium
chisel:blockuranium:3, Block of Uranium
chisel:blockuranium:4, Block of Uranium
chisel:blockuranium:5, Block of Uranium
chisel:blockuranium:6, Block of Uranium
chisel:valentines:0, Valentines' Block
chisel:valentines:1, Valentines' Block
chisel:valentines:2, Valentines' Block
chisel:valentines:3, Valentines' Block
chisel:valentines:4, Valentines' Block
chisel:valentines:5, Valentines' Block
chisel:valentines:6, Valentines' Block
chisel:valentines:7, Valentines' Block
chisel:valentines:8, Valentines' Block
chisel:valentines:9, Valentines' Block
chisel:voidstone:0, Voidstone
chisel:voidstone:1, Voidstone
chisel:voidstone:2, Voidstone
chisel:voidstone:3, Voidstone
chisel:voidstone:4, Voidstone
chisel:voidstone:5, Voidstone
chisel:voidstone:6, Voidstone
chisel:voidstone:7, Voidstone
chisel:energizedvoidstone:0, Primal Voidstone
chisel:energizedvoidstone:1, Primal Voidstone
chisel:energizedvoidstone:2, Primal Voidstone
chisel:energizedvoidstone:3, Primal Voidstone
chisel:energizedvoidstone:4, Primal Voidstone
chisel:energizedvoidstone:5, Primal Voidstone
chisel:energizedvoidstone:6, Primal Voidstone
chisel:energizedvoidstone:7, Primal Voidstone
chisel:voidstonerunic:0, Runed Voidstone
chisel:voidstonerunic:1, Runed Voidstone
chisel:voidstonerunic:2, Runed Voidstone
chisel:voidstonerunic:3, Runed Voidstone
chisel:voidstonerunic:4, Runed Voidstone
chisel:voidstonerunic:5, Runed Voidstone
chisel:voidstonerunic:6, Runed Voidstone
chisel:voidstonerunic:7, Runed Voidstone
chisel:voidstonerunic:8, Runed Voidstone
chisel:voidstonerunic:9, Runed Voidstone
chisel:voidstonerunic:10, Runed Voidstone
chisel:voidstonerunic:11, Runed Voidstone
chisel:voidstonerunic:12, Runed Voidstone
chisel:voidstonerunic:13, Runed Voidstone
chisel:voidstonerunic:14, Runed Voidstone
chisel:waterstone:0, Waterstone
chisel:waterstone:1, Waterstone
chisel:waterstone:2, Waterstone
chisel:waterstone:3, Waterstone
chisel:waterstone:4, Waterstone
chisel:waterstone:5, Waterstone
chisel:waterstone:6, Waterstone
chisel:waterstone:7, Waterstone
chisel:waterstone:8, Waterstone
chisel:waterstone:9, Waterstone
chisel:waterstone:10, Waterstone
chisel:waterstone:11, Waterstone
chisel:waterstone:12, Waterstone
chisel:waterstone:13, Waterstone
chisel:waterstone:14, Waterstone
chisel:waterstone:15, Waterstone
chisel:waterstone1:0, Waterstone
chisel:waterstone1:1, Waterstone
chisel:waterstone1:2, Waterstone
chisel:waterstone1:3, Waterstone
chisel:waterstone1:4, Waterstone
chisel:waterstone1:5, Waterstone
chisel:waterstone1:6, Waterstone
chisel:waterstone1:7, Waterstone
chisel:waterstone1:8, Waterstone
chisel:waterstone1:9, Waterstone
chisel:waterstone1:10, Waterstone
chisel:waterstone1:11, Waterstone
chisel:waterstone1:12, Waterstone
chisel:waterstone1:13, Waterstone
chisel:waterstone1:14, Waterstone
chisel:waterstone1:15, Waterstone
chisel:waterstone2:0, Waterstone
chisel:wool_black:0, Black Wool
chisel:wool_black:1, Black Wool
chisel:wool_red:0, Red Wool
chisel:wool_red:1, Red Wool
chisel:wool_green:0, Green Wool
chisel:wool_green:1, Green Wool
chisel:wool_brown:0, Brown Wool
chisel:wool_brown:1, Brown Wool
chisel:wool_blue:0, Blue Wool
chisel:wool_blue:1, Blue Wool
chisel:wool_purple:0, Purple Wool
chisel:wool_purple:1, Purple Wool
chisel:wool_cyan:0, Cyan Wool
chisel:wool_cyan:1, Cyan Wool
chisel:wool_lightgray:0, Light Gray Wool
chisel:wool_lightgray:1, Light Gray Wool
chisel:wool_gray:0, Gray Wool
chisel:wool_gray:1, Gray Wool
chisel:wool_pink:0, Pink Wool
chisel:wool_pink:1, Pink Wool
chisel:wool_lime:0, Lime Wool
chisel:wool_lime:1, Lime Wool
chisel:wool_yellow:0, Yellow Wool
chisel:wool_yellow:1, Yellow Wool
chisel:wool_lightblue:0, Light Blue Wool
chisel:wool_lightblue:1, Light Blue Wool
chisel:wool_magenta:0, Magenta Wool
chisel:wool_magenta:1, Magenta Wool
chisel:wool_orange:0, Orange Wool
chisel:wool_orange:1, Orange Wool
chisel:wool_white:0, Wool
chisel:wool_white:1, Wool
libvulpes:linker, Linker
libvulpes:battery:0, item.battery.0.name
libvulpes:battery:1, item.battery.1.name
libvulpes:holoprojector, Holo-Projector
advancedrocketry:wafer:0, Silicon Wafer
advancedrocketry:itemcircuitplate:0, Basic Circuit Plate
advancedrocketry:itemcircuitplate:1, Advanced Circuit Plate
advancedrocketry:ic:0, Basic Circuit
advancedrocketry:ic:1, Tracking Circuit
advancedrocketry:ic:2, Advanced Circuit
advancedrocketry:ic:3, Control Circuit Board
advancedrocketry:ic:4, Item IO Circuit Board
advancedrocketry:ic:5, Liquid IO Circuit Board
advancedrocketry:satelliteidchip, Satellite Id Chip
advancedrocketry:planetidchip, Planet Id Chip
advancedrocketry:asteroidchip, Asteroid Chip
advancedrocketry:elevatorchip, Space Elevator Chip
advancedrocketry:spacestationchip:0, Space Station Id Chip
advancedrocketry:dataunit:0, Data Storage Unit
advancedrocketry:satellite, Satellite
advancedrocketry:satellitepowersource:0, Basic Solar Panel
advancedrocketry:satellitepowersource:1, Large Solar Panel
advancedrocketry:satelliteprimaryfunction:0, Optical Sensor
advancedrocketry:satelliteprimaryfunction:1, Composition Sensor
advancedrocketry:satelliteprimaryfunction:2, Mass Detector
advancedrocketry:satelliteprimaryfunction:3, Microwave Transmitter
advancedrocketry:satelliteprimaryfunction:4, Ore Mapper
advancedrocketry:satelliteprimaryfunction:5, Biome Changer
advancedrocketry:spacehelmet, Space Suit Helmet
advancedrocketry:spacechestplate, Space Suit Chest-Piece
advancedrocketry:spaceleggings, Space Suit Leggings
advancedrocketry:spaceboots, Space Suit Boots
advancedrocketry:pressuretank:0, Low Pressure Tank
advancedrocketry:pressuretank:1, Pressure Tank
advancedrocketry:pressuretank:2, High Pressure Tank
advancedrocketry:pressuretank:3, Super High Pressure Tank
advancedrocketry:itemupgrade:0, Hover Upgrade
advancedrocketry:itemupgrade:1, Flight Speed Control Upgrade
advancedrocketry:itemupgrade:2, Bionic Leg Upgrade
advancedrocketry:itemupgrade:3, Padded Landing Boots
advancedrocketry:itemupgrade:4, Anti-Fog Visor
advancedrocketry:itemupgrade:5, Earthbright Visor
advancedrocketry:beaconfinder, Beacon Finder
advancedrocketry:jetpack, Suit Jetpack
advancedrocketry:atmanalyser, Atmosphere Analyzer
advancedrocketry:sealdetector, Seal Detector
advancedrocketry:orescanner, Ore Scanner
advancedrocketry:biomechanger, Biome Changer Remote
advancedrocketry:jackhammer, Jackhammer
advancedrocketry:basiclasergun, Basic Laser Gun
advancedrocketry:misc:0, User Interface
advancedrocketry:misc:1, Carbon Brick
advancedrocketry:sawbladeiron:0, Iron Saw Blade
advancedrocketry:iquartzcrucible, Quartz Crucible
advancedrocketry:lens:0, Basic Lens
advancedrocketry:thermite, Thermite
advancedrocketry:carbonscrubbercartridge, Carbon Collection Cartridge
advancedrocketry:smallairlockdoor, Small Airlock Door
advancedrocketry:hovercraft, Hovercraft
advancedrocketry:spacestation:0, Space Station Container
forge:bucketfilled, %s Bucket
appliedenergistics2:quartz_ore, Certus Quartz Ore
appliedenergistics2:charged_quartz_ore, Charged Certus Quartz Ore
appliedenergistics2:matrix_frame, Matrix Frame
appliedenergistics2:quartz_block, Certus Quartz Block
appliedenergistics2:quartz_pillar, Certus Quartz Pillar
appliedenergistics2:chiseled_quartz_block, Chiseled Certus Quartz Block
appliedenergistics2:quartz_glass, Quartz Glass
appliedenergistics2:quartz_vibrant_glass, Vibrant Quartz Glass
appliedenergistics2:quartz_fixture, Charged Quartz Fixture
appliedenergistics2:fluix_block, Fluix Block
appliedenergistics2:sky_stone_block, Sky Stone
appliedenergistics2:smooth_sky_stone_block, Sky Stone Block
appliedenergistics2:sky_stone_brick, Sky Stone Brick
appliedenergistics2:sky_stone_small_brick, Sky Stone Small Brick
appliedenergistics2:sky_stone_chest, Sky Stone Chest
appliedenergistics2:smooth_sky_stone_chest, Sky Stone Block Chest
appliedenergistics2:sky_compass, Meteorite Compass
appliedenergistics2:grindstone, Quartz Grindstone
appliedenergistics2:crank, Wooden Crank
appliedenergistics2:inscriber, Inscriber
appliedenergistics2:wireless_access_point, ME Wireless Access Point
appliedenergistics2:charger, Charger
appliedenergistics2:tiny_tnt, Tiny TNT
appliedenergistics2:security_station, ME Security Terminal
appliedenergistics2:quantum_ring, ME Quantum Ring
appliedenergistics2:quantum_link, ME Quantum Link Chamber
appliedenergistics2:spatial_pylon, Spatial Pylon
appliedenergistics2:spatial_io_port, Spatial IO Port
appliedenergistics2:controller, ME Controller
appliedenergistics2:drive, ME Drive
appliedenergistics2:chest, ME Chest
appliedenergistics2:interface, ME Interface
appliedenergistics2:fluid_interface, ME Fluid Interface
appliedenergistics2:cell_workbench, Cell Workbench
appliedenergistics2:io_port, ME IO Port
appliedenergistics2:condenser, Matter Condenser
appliedenergistics2:energy_acceptor, Energy Acceptor
appliedenergistics2:vibration_chamber, Vibration Chamber
appliedenergistics2:quartz_growth_accelerator, Crystal Growth Accelerator
appliedenergistics2:energy_cell, Energy Cell
appliedenergistics2:dense_energy_cell, Dense Energy Cell
appliedenergistics2:creative_energy_cell, Creative Energy Cell
appliedenergistics2:crafting_unit, Crafting Unit
appliedenergistics2:crafting_accelerator, Crafting Co-Processing Unit
appliedenergistics2:crafting_storage_1k, §61k§r Crafting Storage
appliedenergistics2:crafting_storage_4k, §e4k§r Crafting Storage
appliedenergistics2:crafting_storage_16k, §a16k§r Crafting Storage
appliedenergistics2:crafting_storage_64k, §b64k§r Crafting Storage
appliedenergistics2:crafting_monitor, Crafting Monitor
appliedenergistics2:molecular_assembler, Molecular Assembler
appliedenergistics2:light_detector, Light Detecting Fixture
appliedenergistics2:paint, tile.appliedenergistics2.paint.name
appliedenergistics2:sky_stone_stairs, Sky Stone Stairs
appliedenergistics2:smooth_sky_stone_stairs, Sky Stone Block Stairs
appliedenergistics2:sky_stone_brick_stairs, Sky Stone Brick Stairs
appliedenergistics2:sky_stone_small_brick_stairs, Sky Stone Small Brick Stairs
appliedenergistics2:fluix_stairs, Fluix Stairs
appliedenergistics2:quartz_stairs, Certus Quartz Stairs
appliedenergistics2:chiseled_quartz_stairs, Chiseled Certus Quartz Stairs
appliedenergistics2:quartz_pillar_stairs, Certus Quartz Pillar Stairs
appliedenergistics2:cable_bus, AE2 Cable and/or Bus
appliedenergistics2:sky_stone_slab:0, Sky Stone Slab
appliedenergistics2:smooth_sky_stone_slab:0, Sky Stone Block Slab
appliedenergistics2:sky_stone_brick_slab:0, Sky Stone Brick Slab
appliedenergistics2:sky_stone_small_brick_slab:0, Sky Stone Small Brick Slab
appliedenergistics2:fluix_slab:0, Fluix Slab
appliedenergistics2:quartz_slab:0, Certus Quartz Slab
appliedenergistics2:chiseled_quartz_slab:0, Chiseled Certus Quartz Slab
appliedenergistics2:quartz_pillar_slab:0, Certus Quartz Pillar Slab
appliedenergistics2:certus_quartz_axe, Certus Quartz Axe
appliedenergistics2:certus_quartz_hoe, Certus Quartz Hoe
appliedenergistics2:certus_quartz_spade, Certus Quartz Shovel
appliedenergistics2:certus_quartz_pickaxe, Certus Quartz Pickaxe
appliedenergistics2:certus_quartz_sword, Certus Quartz Sword
appliedenergistics2:certus_quartz_wrench, Certus Quartz Wrench
appliedenergistics2:certus_quartz_cutting_knife, Certus Quartz Cutting Knife
appliedenergistics2:nether_quartz_axe, Nether Quartz Axe
appliedenergistics2:nether_quartz_hoe, Nether Quartz Hoe
appliedenergistics2:nether_quartz_spade, Nether Quartz Shovel
appliedenergistics2:nether_quartz_pickaxe, Nether Quartz Pickaxe
appliedenergistics2:nether_quartz_sword, Nether Quartz Sword
appliedenergistics2:nether_quartz_wrench, Nether Quartz Wrench
appliedenergistics2:nether_quartz_cutting_knife, Nether Quartz Cutting Knife
appliedenergistics2:entropy_manipulator, Entropy Manipulator
appliedenergistics2:wireless_terminal, Wireless Terminal
appliedenergistics2:wireless_crafting_terminal, Wireless Crafting Terminal
appliedenergistics2:wireless_pattern_terminal, Wireless Pattern Terminal
appliedenergistics2:wireless_fluid_terminal, Wireless Fluid Terminal
appliedenergistics2:wireless_interface_terminal, Wireless Interface Terminal
appliedenergistics2:charged_staff, Charged Staff
appliedenergistics2:matter_cannon, Matter Cannon
appliedenergistics2:portable_cell, Portable Cell
appliedenergistics2:color_applicator, Color Applicator
appliedenergistics2:biometric_card, Biometric Card
appliedenergistics2:memory_card, Memory Card
appliedenergistics2:network_tool, Network Tool
appliedenergistics2:creative_storage_cell, Creative ME Storage Cell
appliedenergistics2:view_cell, View Cell
appliedenergistics2:storage_cell_1k, §61k§r ME Storage Cell
appliedenergistics2:storage_cell_4k, §e4k§r ME Storage Cell
appliedenergistics2:storage_cell_16k, §a16k§r ME Storage Cell
appliedenergistics2:storage_cell_64k, §b64k§r ME Storage Cell
appliedenergistics2:fluid_storage_cell_1k, §61k§r ME Fluid Storage Cell
appliedenergistics2:fluid_storage_cell_4k, §e4k§r ME Fluid Storage Cell
appliedenergistics2:fluid_storage_cell_16k, §a16k§r ME Fluid Storage Cell
appliedenergistics2:fluid_storage_cell_64k, §b64k§r ME Fluid Storage Cell
appliedenergistics2:spatial_storage_cell_2_cubed, §62³§r Spatial Storage Cell
appliedenergistics2:spatial_storage_cell_16_cubed, §916³§r Spatial Storage Cell
appliedenergistics2:spatial_storage_cell_128_cubed, §d128³§r  Spatial Storage Cell
appliedenergistics2:facade:0, Cable Facade - Stone
appliedenergistics2:facade:0, Cable Facade - Granite
appliedenergistics2:facade:0, Cable Facade - Polished Granite
appliedenergistics2:facade:0, Cable Facade - Diorite
appliedenergistics2:facade:0, Cable Facade - Polished Diorite
appliedenergistics2:facade:0, Cable Facade - Andesite
appliedenergistics2:facade:0, Cable Facade - Polished Andesite
appliedenergistics2:facade:0, Cable Facade - Grass Block
appliedenergistics2:facade:0, Cable Facade - Dirt
appliedenergistics2:facade:0, Cable Facade - Coarse Dirt
appliedenergistics2:facade:0, Cable Facade - Podzol
appliedenergistics2:facade:0, Cable Facade - Cobblestone
appliedenergistics2:facade:0, Cable Facade - Oak Wood Planks
appliedenergistics2:facade:0, Cable Facade - Spruce Wood Planks
appliedenergistics2:facade:0, Cable Facade - Birch Wood Planks
appliedenergistics2:facade:0, Cable Facade - Jungle Wood Planks
appliedenergistics2:facade:0, Cable Facade - Acacia Wood Planks
appliedenergistics2:facade:0, Cable Facade - Dark Oak Wood Planks
appliedenergistics2:facade:0, Cable Facade - Bedrock
appliedenergistics2:facade:0, Cable Facade - Sand
appliedenergistics2:facade:0, Cable Facade - Red Sand
appliedenergistics2:facade:0, Cable Facade - Gravel
appliedenergistics2:facade:0, Cable Facade - Gold Ore
appliedenergistics2:facade:0, Cable Facade - Iron Ore
appliedenergistics2:facade:0, Cable Facade - Coal Ore
appliedenergistics2:facade:0, Cable Facade - Oak Wood
appliedenergistics2:facade:0, Cable Facade - Spruce Wood
appliedenergistics2:facade:0, Cable Facade - Birch Wood
appliedenergistics2:facade:0, Cable Facade - Jungle Wood
appliedenergistics2:facade:0, Cable Facade - Oak Leaves
appliedenergistics2:facade:0, Cable Facade - Spruce Leaves
appliedenergistics2:facade:0, Cable Facade - Birch Leaves
appliedenergistics2:facade:0, Cable Facade - Jungle Leaves
appliedenergistics2:facade:0, Cable Facade - Sponge
appliedenergistics2:facade:0, Cable Facade - Wet Sponge
appliedenergistics2:facade:0, Cable Facade - Glass
appliedenergistics2:facade:0, Cable Facade - Lapis Lazuli Ore
appliedenergistics2:facade:0, Cable Facade - Lapis Lazuli Block
appliedenergistics2:facade:0, Cable Facade - Sandstone
appliedenergistics2:facade:0, Cable Facade - Chiseled Sandstone
appliedenergistics2:facade:0, Cable Facade - Smooth Sandstone
appliedenergistics2:facade:0, Cable Facade - White Wool
appliedenergistics2:facade:0, Cable Facade - Orange Wool
appliedenergistics2:facade:0, Cable Facade - Magenta Wool
appliedenergistics2:facade:0, Cable Facade - Light Blue Wool
appliedenergistics2:facade:0, Cable Facade - Yellow Wool
appliedenergistics2:facade:0, Cable Facade - Lime Wool
appliedenergistics2:facade:0, Cable Facade - Pink Wool
appliedenergistics2:facade:0, Cable Facade - Gray Wool
appliedenergistics2:facade:0, Cable Facade - Light Gray Wool
appliedenergistics2:facade:0, Cable Facade - Cyan Wool
appliedenergistics2:facade:0, Cable Facade - Purple Wool
appliedenergistics2:facade:0, Cable Facade - Blue Wool
appliedenergistics2:facade:0, Cable Facade - Brown Wool
appliedenergistics2:facade:0, Cable Facade - Green Wool
appliedenergistics2:facade:0, Cable Facade - Red Wool
appliedenergistics2:facade:0, Cable Facade - Black Wool
appliedenergistics2:facade:0, Cable Facade - Block of Gold
appliedenergistics2:facade:0, Cable Facade - Block of Iron
appliedenergistics2:facade:0, Cable Facade - Bricks
appliedenergistics2:facade:0, Cable Facade - TNT
appliedenergistics2:facade:0, Cable Facade - Bookshelf
appliedenergistics2:facade:0, Cable Facade - Moss Stone
appliedenergistics2:facade:0, Cable Facade - Obsidian
appliedenergistics2:facade:0, Cable Facade - Diamond Ore
appliedenergistics2:facade:0, Cable Facade - Block of Diamond
appliedenergistics2:facade:0, Cable Facade - Crafting Table
appliedenergistics2:facade:0, Cable Facade - Redstone Ore
appliedenergistics2:facade:0, Cable Facade - Ice
appliedenergistics2:facade:0, Cable Facade - Snow
appliedenergistics2:facade:0, Cable Facade - Clay
appliedenergistics2:facade:0, Cable Facade - Pumpkin
appliedenergistics2:facade:0, Cable Facade - Netherrack
appliedenergistics2:facade:0, Cable Facade - Soul Sand
appliedenergistics2:facade:0, Cable Facade - Glowstone
appliedenergistics2:facade:0, Cable Facade - Jack o'Lantern
appliedenergistics2:facade:0, Cable Facade - White Stained Glass
appliedenergistics2:facade:0, Cable Facade - Orange Stained Glass
appliedenergistics2:facade:0, Cable Facade - Magenta Stained Glass
appliedenergistics2:facade:0, Cable Facade - Light Blue Stained Glass
appliedenergistics2:facade:0, Cable Facade - Yellow Stained Glass
appliedenergistics2:facade:0, Cable Facade - Lime Stained Glass
appliedenergistics2:facade:0, Cable Facade - Pink Stained Glass
appliedenergistics2:facade:0, Cable Facade - Gray Stained Glass
appliedenergistics2:facade:0, Cable Facade - Light Gray Stained Glass
appliedenergistics2:facade:0, Cable Facade - Cyan Stained Glass
appliedenergistics2:facade:0, Cable Facade - Purple Stained Glass
appliedenergistics2:facade:0, Cable Facade - Blue Stained Glass
appliedenergistics2:facade:0, Cable Facade - Brown Stained Glass
appliedenergistics2:facade:0, Cable Facade - Green Stained Glass
appliedenergistics2:facade:0, Cable Facade - Red Stained Glass
appliedenergistics2:facade:0, Cable Facade - Black Stained Glass
appliedenergistics2:facade:0, Cable Facade - Stone Monster Egg
appliedenergistics2:facade:0, Cable Facade - Cobblestone Monster Egg
appliedenergistics2:facade:0, Cable Facade - Stone Brick Monster Egg
appliedenergistics2:facade:0, Cable Facade - Mossy Stone Brick Monster Egg
appliedenergistics2:facade:0, Cable Facade - Cracked Stone Brick Monster Egg
appliedenergistics2:facade:0, Cable Facade - Chiseled Stone Brick Monster Egg
appliedenergistics2:facade:0, Cable Facade - Stone Bricks
appliedenergistics2:facade:0, Cable Facade - Mossy Stone Bricks
appliedenergistics2:facade:0, Cable Facade - Cracked Stone Bricks
appliedenergistics2:facade:0, Cable Facade - Chiseled Stone Bricks
appliedenergistics2:facade:0, Cable Facade - Mushroom
appliedenergistics2:facade:0, Cable Facade - Mushroom
appliedenergistics2:facade:0, Cable Facade - Melon
appliedenergistics2:facade:0, Cable Facade - Mycelium
appliedenergistics2:facade:0, Cable Facade - Nether Brick
appliedenergistics2:facade:0, Cable Facade - End Stone
appliedenergistics2:facade:0, Cable Facade - Redstone Lamp
appliedenergistics2:facade:0, Cable Facade - Emerald Ore
appliedenergistics2:facade:0, Cable Facade - Block of Emerald
appliedenergistics2:facade:0, Cable Facade - Block of Redstone
appliedenergistics2:facade:0, Cable Facade - Nether Quartz Ore
appliedenergistics2:facade:0, Cable Facade - Block of Quartz
appliedenergistics2:facade:0, Cable Facade - Chiseled Quartz Block
appliedenergistics2:facade:0, Cable Facade - Pillar Quartz Block
appliedenergistics2:facade:0, Cable Facade - White Terracotta
appliedenergistics2:facade:0, Cable Facade - Orange Terracotta
appliedenergistics2:facade:0, Cable Facade - Magenta Terracotta
appliedenergistics2:facade:0, Cable Facade - Light Blue Terracotta
appliedenergistics2:facade:0, Cable Facade - Yellow Terracotta
appliedenergistics2:facade:0, Cable Facade - Lime Terracotta
appliedenergistics2:facade:0, Cable Facade - Pink Terracotta
appliedenergistics2:facade:0, Cable Facade - Gray Terracotta
appliedenergistics2:facade:0, Cable Facade - Light Gray Terracotta
appliedenergistics2:facade:0, Cable Facade - Cyan Terracotta
appliedenergistics2:facade:0, Cable Facade - Purple Terracotta
appliedenergistics2:facade:0, Cable Facade - Blue Terracotta
appliedenergistics2:facade:0, Cable Facade - Brown Terracotta
appliedenergistics2:facade:0, Cable Facade - Green Terracotta
appliedenergistics2:facade:0, Cable Facade - Red Terracotta
appliedenergistics2:facade:0, Cable Facade - Black Terracotta
appliedenergistics2:facade:0, Cable Facade - Acacia Leaves
appliedenergistics2:facade:0, Cable Facade - Dark Oak Leaves
appliedenergistics2:facade:0, Cable Facade - Acacia Wood
appliedenergistics2:facade:0, Cable Facade - Dark Oak Wood
appliedenergistics2:facade:0, Cable Facade - Slime Block
appliedenergistics2:facade:0, Cable Facade - Prismarine
appliedenergistics2:facade:0, Cable Facade - Prismarine Bricks
appliedenergistics2:facade:0, Cable Facade - Dark Prismarine
appliedenergistics2:facade:0, Cable Facade - Sea Lantern
appliedenergistics2:facade:0, Cable Facade - Hay Bale
appliedenergistics2:facade:0, Cable Facade - Terracotta
appliedenergistics2:facade:0, Cable Facade - Block of Coal
appliedenergistics2:facade:0, Cable Facade - Packed Ice
appliedenergistics2:facade:0, Cable Facade - Red Sandstone
appliedenergistics2:facade:0, Cable Facade - Chiseled Red Sandstone
appliedenergistics2:facade:0, Cable Facade - Smooth Red Sandstone
appliedenergistics2:facade:0, Cable Facade - Purpur Block
appliedenergistics2:facade:0, Cable Facade - Purpur Pillar
appliedenergistics2:facade:0, Cable Facade - End Stone Bricks
appliedenergistics2:facade:0, Cable Facade - Magma Block
appliedenergistics2:facade:0, Cable Facade - Nether Wart Block
appliedenergistics2:facade:0, Cable Facade - Red Nether Brick
appliedenergistics2:facade:0, Cable Facade - Bone Block
appliedenergistics2:facade:0, Cable Facade - Observer
appliedenergistics2:facade:0, Cable Facade - White Glazed Terracotta
appliedenergistics2:facade:0, Cable Facade - Orange Glazed Terracotta
appliedenergistics2:facade:0, Cable Facade - Magenta Glazed Terracotta
appliedenergistics2:facade:0, Cable Facade - Light Blue Glazed Terracotta
appliedenergistics2:facade:0, Cable Facade - Yellow Glazed Terracotta
appliedenergistics2:facade:0, Cable Facade - Lime Glazed Terracotta
appliedenergistics2:facade:0, Cable Facade - Pink Glazed Terracotta
appliedenergistics2:facade:0, Cable Facade - Gray Glazed Terracotta
appliedenergistics2:facade:0, Cable Facade - Light Gray Glazed Terracotta
appliedenergistics2:facade:0, Cable Facade - Cyan Glazed Terracotta
appliedenergistics2:facade:0, Cable Facade - Purple Glazed Terracotta
appliedenergistics2:facade:0, Cable Facade - Blue Glazed Terracotta
appliedenergistics2:facade:0, Cable Facade - Brown Glazed Terracotta
appliedenergistics2:facade:0, Cable Facade - Green Glazed Terracotta
appliedenergistics2:facade:0, Cable Facade - Red Glazed Terracotta
appliedenergistics2:facade:0, Cable Facade - Black Glazed Terracotta
appliedenergistics2:facade:0, Cable Facade - White Concrete
appliedenergistics2:facade:0, Cable Facade - Orange Concrete
appliedenergistics2:facade:0, Cable Facade - Magenta Concrete
appliedenergistics2:facade:0, Cable Facade - Light Blue Concrete
appliedenergistics2:facade:0, Cable Facade - Yellow Concrete
appliedenergistics2:facade:0, Cable Facade - Lime Concrete
appliedenergistics2:facade:0, Cable Facade - Pink Concrete
appliedenergistics2:facade:0, Cable Facade - Gray Concrete
appliedenergistics2:facade:0, Cable Facade - Light Gray Concrete
appliedenergistics2:facade:0, Cable Facade - Cyan Concrete
appliedenergistics2:facade:0, Cable Facade - Purple Concrete
appliedenergistics2:facade:0, Cable Facade - Blue Concrete
appliedenergistics2:facade:0, Cable Facade - Brown Concrete
appliedenergistics2:facade:0, Cable Facade - Green Concrete
appliedenergistics2:facade:0, Cable Facade - Red Concrete
appliedenergistics2:facade:0, Cable Facade - Black Concrete
appliedenergistics2:facade:0, Cable Facade - White Concrete Powder
appliedenergistics2:facade:0, Cable Facade - Orange Concrete Powder
appliedenergistics2:facade:0, Cable Facade - Magenta Concrete Powder
appliedenergistics2:facade:0, Cable Facade - Light Blue Concrete Powder
appliedenergistics2:facade:0, Cable Facade - Yellow Concrete Powder
appliedenergistics2:facade:0, Cable Facade - Lime Concrete Powder
appliedenergistics2:facade:0, Cable Facade - Pink Concrete Powder
appliedenergistics2:facade:0, Cable Facade - Gray Concrete Powder
appliedenergistics2:facade:0, Cable Facade - Light Gray Concrete Powder
appliedenergistics2:facade:0, Cable Facade - Cyan Concrete Powder
appliedenergistics2:facade:0, Cable Facade - Purple Concrete Powder
appliedenergistics2:facade:0, Cable Facade - Blue Concrete Powder
appliedenergistics2:facade:0, Cable Facade - Brown Concrete Powder
appliedenergistics2:facade:0, Cable Facade - Green Concrete Powder
appliedenergistics2:facade:0, Cable Facade - Red Concrete Powder
appliedenergistics2:facade:0, Cable Facade - Black Concrete Powder
appliedenergistics2:facade:0, Cable Facade - Compressed Crafting Table
appliedenergistics2:facade:0, Cable Facade - Double Compressed Crafting Table
appliedenergistics2:facade:0, Cable Facade - Neutronium Block
appliedenergistics2:facade:0, Cable Facade - Infinity Block
appliedenergistics2:facade:0, Cable Facade - Crystal Matrix
appliedenergistics2:facade:0, Cable Facade - Eyeball Block
appliedenergistics2:facade:0, Cable Facade - Nether Moss
appliedenergistics2:facade:0, Cable Facade - Stalagnate Bark
appliedenergistics2:facade:0, Cable Facade - Stalagnate Planks
appliedenergistics2:facade:0, Cable Facade - Reeds Block
appliedenergistics2:facade:0, Cable Facade - Nether Mycelium
appliedenergistics2:facade:0, Cable Facade - Cincinnasite Ore
appliedenergistics2:facade:0, Cable Facade - Cincinnasite Block
appliedenergistics2:facade:0, Cable Facade - Forged Cincinnasite Block
appliedenergistics2:facade:0, Cable Facade - Cincinnasite Pillar
appliedenergistics2:facade:0, Cable Facade - Cincinnasite Bricks
appliedenergistics2:facade:0, Cable Facade - Cincinnasite Brick Plate
appliedenergistics2:facade:0, Cable Facade - Cincinnasite Lantern
appliedenergistics2:facade:0, Cable Facade - Large Cincinnasite Tile
appliedenergistics2:facade:0, Cable Facade - Small Cincinnasite Tile
appliedenergistics2:facade:0, Cable Facade - Cincinnasite Carved
appliedenergistics2:facade:0, Cable Facade - Large Nether Brick Tile
appliedenergistics2:facade:0, Cable Facade - Small Nether Brick Tile
appliedenergistics2:facade:0, Cable Facade - Bone Block
appliedenergistics2:facade:0, Cable Facade - Cincinnasite Brick Pillar
appliedenergistics2:facade:0, Cable Facade - Bone Tile
appliedenergistics2:facade:0, Cable Facade - Copper Ore
appliedenergistics2:facade:0, Cable Facade - Tin Ore
appliedenergistics2:facade:0, Cable Facade - Silver Ore
appliedenergistics2:facade:0, Cable Facade - Lead Ore
appliedenergistics2:facade:0, Cable Facade - Aluminum Ore
appliedenergistics2:facade:0, Cable Facade - Nickel Ore
appliedenergistics2:facade:0, Cable Facade - Platinum Ore
appliedenergistics2:facade:0, Cable Facade - Iridium Ore
appliedenergistics2:facade:0, Cable Facade - Mana Infused Ore
appliedenergistics2:facade:0, Cable Facade - Oil Sand
appliedenergistics2:facade:0, Cable Facade - Oil Shale
appliedenergistics2:facade:0, Cable Facade - Destabilized Redstone Ore
appliedenergistics2:facade:0, Cable Facade - Energized Netherrack
appliedenergistics2:facade:0, Cable Facade - Resonant End Stone
appliedenergistics2:facade:0, Cable Facade - Oil Sand
appliedenergistics2:facade:0, Cable Facade - Block of Copper
appliedenergistics2:facade:0, Cable Facade - Block of Tin
appliedenergistics2:facade:0, Cable Facade - Block of Silver
appliedenergistics2:facade:0, Cable Facade - Block of Lead
appliedenergistics2:facade:0, Cable Facade - Block of Aluminum
appliedenergistics2:facade:0, Cable Facade - Block of Nickel
appliedenergistics2:facade:0, Cable Facade - Block of Platinum
appliedenergistics2:facade:0, Cable Facade - Block of Iridium
appliedenergistics2:facade:0, Cable Facade - Block of Mana Infused Metal
appliedenergistics2:facade:0, Cable Facade - Block of Steel
appliedenergistics2:facade:0, Cable Facade - Block of Electrum
appliedenergistics2:facade:0, Cable Facade - Block of Invar
appliedenergistics2:facade:0, Cable Facade - Block of Bronze
appliedenergistics2:facade:0, Cable Facade - Block of Constantan
appliedenergistics2:facade:0, Cable Facade - Block of Signalum
appliedenergistics2:facade:0, Cable Facade - Block of Lumium
appliedenergistics2:facade:0, Cable Facade - Block of Enderium
appliedenergistics2:facade:0, Cable Facade - Block of Charcoal
appliedenergistics2:facade:0, Cable Facade - Block of Coal Coke
appliedenergistics2:facade:0, Cable Facade - Black Rockwool
appliedenergistics2:facade:0, Cable Facade - Red Rockwool
appliedenergistics2:facade:0, Cable Facade - Green Rockwool
appliedenergistics2:facade:0, Cable Facade - Brown Rockwool
appliedenergistics2:facade:0, Cable Facade - Blue Rockwool
appliedenergistics2:facade:0, Cable Facade - Purple Rockwool
appliedenergistics2:facade:0, Cable Facade - Cyan Rockwool
appliedenergistics2:facade:0, Cable Facade - Light Gray Rockwool
appliedenergistics2:facade:0, Cable Facade - Gray Rockwool
appliedenergistics2:facade:0, Cable Facade - Pink Rockwool
appliedenergistics2:facade:0, Cable Facade - Lime Rockwool
appliedenergistics2:facade:0, Cable Facade - Yellow Rockwool
appliedenergistics2:facade:0, Cable Facade - Light Blue Rockwool
appliedenergistics2:facade:0, Cable Facade - Magenta Rockwool
appliedenergistics2:facade:0, Cable Facade - Orange Rockwool
appliedenergistics2:facade:0, Cable Facade - White Rockwool
appliedenergistics2:facade:0, Cable Facade - Copper Ore
appliedenergistics2:facade:0, Cable Facade - Tin Ore
appliedenergistics2:facade:0, Cable Facade - Lead Ore
appliedenergistics2:facade:0, Cable Facade - Thorium Ore
appliedenergistics2:facade:0, Cable Facade - Uranium Ore
appliedenergistics2:facade:0, Cable Facade - Boron Ore
appliedenergistics2:facade:0, Cable Facade - Lithium Ore
appliedenergistics2:facade:0, Cable Facade - Magnesium Ore
appliedenergistics2:facade:0, Cable Facade - Copper Block
appliedenergistics2:facade:0, Cable Facade - Tin Block
appliedenergistics2:facade:0, Cable Facade - Lead Block
appliedenergistics2:facade:0, Cable Facade - Thorium Block
appliedenergistics2:facade:0, Cable Facade - Uranium Block
appliedenergistics2:facade:0, Cable Facade - Boron Block
appliedenergistics2:facade:0, Cable Facade - Lithium Block
appliedenergistics2:facade:0, Cable Facade - Magnesium Block
appliedenergistics2:facade:0, Cable Facade - Graphite Block
appliedenergistics2:facade:0, Cable Facade - Beryllium Block
appliedenergistics2:facade:0, Cable Facade - Zirconium Block
appliedenergistics2:facade:0, Cable Facade - Manganese Block
appliedenergistics2:facade:0, Cable Facade - Aluminum Block
appliedenergistics2:facade:0, Cable Facade - Silver Block
appliedenergistics2:facade:0, Cable Facade - Manganese Oxide Block
appliedenergistics2:facade:0, Cable Facade - Manganese Dioxide Block
appliedenergistics2:facade:0, Cable Facade - Zirconia Block
appliedenergistics2:facade:0, Cable Facade - Palladium Block
appliedenergistics2:facade:0, Cable Facade - Tin Oxide Block
appliedenergistics2:facade:0, Cable Facade - Nickel Oxide Block
appliedenergistics2:facade:0, Cable Facade - Cobalt Oxide Block
appliedenergistics2:facade:0, Cable Facade - Ruthenium Oxide Block
appliedenergistics2:facade:0, Cable Facade - Iridium Oxide Block
appliedenergistics2:facade:0, Cable Facade - Holmium Block
appliedenergistics2:facade:0, Cable Facade - Dysprosium Block
appliedenergistics2:facade:0, Cable Facade - Gadolinium Block
appliedenergistics2:facade:0, Cable Facade - Molybdenum Block
appliedenergistics2:facade:0, Cable Facade - Copper Oxide Block
appliedenergistics2:facade:0, Cable Facade - Cobalt Block
appliedenergistics2:facade:0, Cable Facade - Nickel Block
appliedenergistics2:facade:0, Cable Facade - Platinum Block
appliedenergistics2:facade:0, Cable Facade - Soulless Sand
appliedenergistics2:facade:0, Cable Facade - Soulless Sandstone
appliedenergistics2:facade:0, Cable Facade - Uranium-238 Block
appliedenergistics2:facade:0, Cable Facade - Neptunium-237 Block
appliedenergistics2:facade:0, Cable Facade - Plutonium-242 Block
appliedenergistics2:facade:0, Cable Facade - Americium-243 Block
appliedenergistics2:facade:0, Cable Facade - Curium-246 Block
appliedenergistics2:facade:0, Cable Facade - Berkelium-247 Block
appliedenergistics2:facade:0, Cable Facade - Californium-252 Block
appliedenergistics2:facade:0, Cable Facade - Supercold Ice
appliedenergistics2:facade:0, Cable Facade - Heavy Water Moderator
appliedenergistics2:facade:0, Cable Facade - Beryllium-Carbon Neutron Reflector
appliedenergistics2:facade:0, Cable Facade - Lead-Steel Neutron Reflector
appliedenergistics2:facade:0, Cable Facade - Glowing Mushroom Block
appliedenergistics2:facade:0, Cable Facade - Wasteland Earth
appliedenergistics2:facade:0, Cable Facade - Wasteland Portal
appliedenergistics2:facade:0, Cable Facade - Tritium Lamp
appliedenergistics2:facade:0, Cable Facade - Solidified Corium
appliedenergistics2:facade:0, Cable Facade - Zinc Block
appliedenergistics2:facade:0, Cable Facade - Zinc Ore
appliedenergistics2:facade:0, Cable Facade - Block of Chamelium
appliedenergistics2:facade:0, Cable Facade - End Stone
appliedenergistics2:facade:0, Cable Facade - Tungsten Carbide Neutron Reflector
appliedenergistics2:facade:0, Cable Facade - Discharge Lamp
appliedenergistics2:facade:0, Cable Facade - Hydrogen Discharge Lamp
appliedenergistics2:facade:0, Cable Facade - Helium Discharge Lamp
appliedenergistics2:facade:0, Cable Facade - Nitrogen Discharge Lamp
appliedenergistics2:facade:0, Cable Facade - Oxygen Discharge Lamp
appliedenergistics2:facade:0, Cable Facade - Neon Discharge Lamp
appliedenergistics2:facade:0, Cable Facade - Argon Discharge Lamp
appliedenergistics2:facade:0, Cable Facade - Sodium Discharge Lamp
appliedenergistics2:facade:0, Cable Facade - Mercury Discharge Lamp
appliedenergistics2:facade:0, Cable Facade - Strontium-90 Block
appliedenergistics2:facade:0, Cable Facade - Compression Charge
appliedenergistics2:facade:0, Cable Facade - Baratol
appliedenergistics2:facade:0, Cable Facade - Dirty Bomb
appliedenergistics2:facade:0, Cable Facade - Pure Fusion Bomb
appliedenergistics2:facade:0, Cable Facade - Pure Fusion Bomb (Empty)
appliedenergistics2:facade:0, Cable Facade - Very Dirty Bomb
appliedenergistics2:facade:0, Cable Facade - Uranium-233 Fission Bomb Core
appliedenergistics2:facade:0, Cable Facade - Uranium-235 Fission Bomb Core
appliedenergistics2:facade:0, Cable Facade - Neptunium-237 Fission Bomb Core
appliedenergistics2:facade:0, Cable Facade - Plutonium-239 Fission Bomb Core
appliedenergistics2:facade:0, Cable Facade - Americium-242 Fission Bomb Core
appliedenergistics2:facade:0, Cable Facade - Curium-247 Fission Bomb Core
appliedenergistics2:facade:0, Cable Facade - Berkelium-248 Fission Bomb Core
appliedenergistics2:facade:0, Cable Facade - Californium-249 Fission Bomb Core
appliedenergistics2:facade:0, Cable Facade - Californium-251 Fission Bomb Core
appliedenergistics2:facade:0, Cable Facade - Salted Uranium-233 Fission Bomb Core
appliedenergistics2:facade:0, Cable Facade - Salted Uranium-235 Fission Bomb Core
appliedenergistics2:facade:0, Cable Facade - Salted Neptunium-237 Fission Bomb Core
appliedenergistics2:facade:0, Cable Facade - Salted Plutonium-239 Fission Bomb Core
appliedenergistics2:facade:0, Cable Facade - Salted Americium-242 Fission Bomb Core
appliedenergistics2:facade:0, Cable Facade - Salted Curium-247 Fission Bomb Core
appliedenergistics2:facade:0, Cable Facade - Salted Berkelium-248 Fission Bomb Core
appliedenergistics2:facade:0, Cable Facade - Salted Californium-249 Fission Bomb Core
appliedenergistics2:facade:0, Cable Facade - Salted Californium-251 Fission Bomb Core
appliedenergistics2:facade:0, Cable Facade - Thermonuclear Core
appliedenergistics2:facade:0, Cable Facade - Uranium-233 Fission Bomb
appliedenergistics2:facade:0, Cable Facade - Uranium-235 Fission Bomb
appliedenergistics2:facade:0, Cable Facade - Neptunium-237 Fission Bomb
appliedenergistics2:facade:0, Cable Facade - Plutonium-239 Fission Bomb
appliedenergistics2:facade:0, Cable Facade - Americium-242 Fission Bomb
appliedenergistics2:facade:0, Cable Facade - Curium-247 Fission Bomb
appliedenergistics2:facade:0, Cable Facade - Berkelium-248 Fission Bomb
appliedenergistics2:facade:0, Cable Facade - Californium-249 Fission Bomb
appliedenergistics2:facade:0, Cable Facade - Californium-251 Fission Bomb
appliedenergistics2:facade:0, Cable Facade - Salted Uranium-233 Fission Bomb
appliedenergistics2:facade:0, Cable Facade - Salted Uranium-235 Fission Bomb
appliedenergistics2:facade:0, Cable Facade - Salted Neptunium-237 Fission Bomb
appliedenergistics2:facade:0, Cable Facade - Salted Plutonium-239 Fission Bomb
appliedenergistics2:facade:0, Cable Facade - Salted Americium-242 Fission Bomb
appliedenergistics2:facade:0, Cable Facade - Salted Curium-247 Fission Bomb
appliedenergistics2:facade:0, Cable Facade - Salted Berkelium-248 Fission Bomb
appliedenergistics2:facade:0, Cable Facade - Salted Californium-249 Fission Bomb
appliedenergistics2:facade:0, Cable Facade - Salted Californium-251 Fission Bomb
appliedenergistics2:facade:0, Cable Facade - Antimatter Bomb
appliedenergistics2:facade:0, Cable Facade - Radioactive Sand
appliedenergistics2:facade:0, Cable Facade - Highly Radioactive Sand
appliedenergistics2:facade:0, Cable Facade - Radioactive Wasteland Earth
appliedenergistics2:facade:0, Cable Facade - Highly Radioactive Wasteland Earth
appliedenergistics2:facade:0, Cable Facade - Trinitite-covered Sand
appliedenergistics2:facade:0, Cable Facade - Block of Trinitite
appliedenergistics2:facade:0, Cable Facade - Machine Structure
appliedenergistics2:facade:0, Cable Facade - Advanced Machine Structure
appliedenergistics2:facade:0, Cable Facade - Motor
appliedenergistics2:facade:0, Cable Facade - Advanced Motor
appliedenergistics2:facade:0, Cable Facade - Enhanced Motor
appliedenergistics2:facade:0, Cable Facade - Elite Motor
appliedenergistics2:facade:0, Cable Facade - material.Dilithium.name Ore
appliedenergistics2:facade:0, Cable Facade - Copper Ore
appliedenergistics2:facade:0, Cable Facade - Tin Ore
appliedenergistics2:facade:0, Cable Facade - Rutile Ore
appliedenergistics2:facade:0, Cable Facade - Aluminum Ore
appliedenergistics2:facade:0, Cable Facade - Iridium Ore
appliedenergistics2:facade:0, Cable Facade - Copper Block
appliedenergistics2:facade:0, Cable Facade - Tin Block
appliedenergistics2:facade:0, Cable Facade - Steel Block
appliedenergistics2:facade:0, Cable Facade - Titanium Block
appliedenergistics2:facade:0, Cable Facade - Aluminum Block
appliedenergistics2:facade:0, Cable Facade - Iridium Block
appliedenergistics2:facade:0, Cable Facade - Gold Coil
appliedenergistics2:facade:0, Cable Facade - Copper Coil
appliedenergistics2:facade:0, Cable Facade - Titanium Coil
appliedenergistics2:facade:0, Cable Facade - Aluminum Coil
appliedenergistics2:facade:0, Cable Facade - Iridium Coil
appliedenergistics2:facade:0, Cable Facade - Concrete Tile
appliedenergistics2:facade:0, Cable Facade - HeatProof Brick
appliedenergistics2:facade:0, Cable Facade - Structure Tower
appliedenergistics2:facade:0, Cable Facade - Solar Panel
appliedenergistics2:facade:0, Cable Facade - Solar Array Panel
appliedenergistics2:facade:0, Cable Facade - Saw Blade Assembly
appliedenergistics2:facade:0, Cable Facade - Vacuum-Chamber High Power Laser Emitter
appliedenergistics2:facade:0, Cable Facade - Launch Pad
appliedenergistics2:facade:0, Cable Facade - Monopropellant Rocket Engine
appliedenergistics2:facade:0, Cable Facade - Bipropellant Rocket Engine
appliedenergistics2:facade:0, Cable Facade - Advanced Monopropellant Rocket Engine
appliedenergistics2:facade:0, Cable Facade - Advanced Bipropellant Rocket Engine
appliedenergistics2:facade:0, Cable Facade - Nuclear Thermal Rocket Engine
appliedenergistics2:facade:0, Cable Facade - Monopropellant Fuel Tank
appliedenergistics2:facade:0, Cable Facade - Bipropellant Fuel Tank
appliedenergistics2:facade:0, Cable Facade - Oxidizer Fuel Tank
appliedenergistics2:facade:0, Cable Facade - Nuclear Thermal Working Fluid Tank
appliedenergistics2:facade:0, Cable Facade - Nuclear Thermal Fission Core
appliedenergistics2:facade:0, Cable Facade - Gas Intake
appliedenergistics2:facade:0, Cable Facade - Drill
appliedenergistics2:facade:0, Cable Facade - Landing Float
appliedenergistics2:facade:0, Cable Facade - Station Light
appliedenergistics2:facade:0, Cable Facade - Moon Turf
appliedenergistics2:facade:0, Cable Facade - Dark Moon Turf
appliedenergistics2:facade:0, Cable Facade - Oxidized Ferric Sand
appliedenergistics2:facade:0, Cable Facade - Basalt
appliedenergistics2:facade:0, Cable Facade - Geode Block
appliedenergistics2:facade:0, Cable Facade - Violet Crystal Block
appliedenergistics2:facade:0, Cable Facade - Blue Crystal Block
appliedenergistics2:facade:0, Cable Facade - Green Crystal Block
appliedenergistics2:facade:0, Cable Facade - Red Crystal Block
appliedenergistics2:facade:0, Cable Facade - Yellow Crystal Block
appliedenergistics2:facade:0, Cable Facade - Orange Crystal Block
appliedenergistics2:facade:0, Cable Facade - Vitrified Sand
appliedenergistics2:facade:0, Cable Facade - Charcoal Log
appliedenergistics2:facade:0, Cable Facade - Lightwood Wood
appliedenergistics2:facade:0, Cable Facade - Lightwood Leaves
appliedenergistics2:facade:0, Cable Facade - Lightwood planks
appliedenergistics2:facade:0, Cable Facade - Titanium Aluminide Block
appliedenergistics2:facade:0, Cable Facade - Titanium Iridium Alloy Block
appliedenergistics2:facade:0, Cable Facade - Certus Quartz Ore
appliedenergistics2:facade:0, Cable Facade - Charged Certus Quartz Ore
appliedenergistics2:facade:0, Cable Facade - Certus Quartz Block
appliedenergistics2:facade:0, Cable Facade - Certus Quartz Pillar
appliedenergistics2:facade:0, Cable Facade - Chiseled Certus Quartz Block
appliedenergistics2:facade:0, Cable Facade - Quartz Glass
appliedenergistics2:facade:0, Cable Facade - Vibrant Quartz Glass
appliedenergistics2:facade:0, Cable Facade - Fluix Block
appliedenergistics2:facade:0, Cable Facade - Sky Stone
appliedenergistics2:facade:0, Cable Facade - Sky Stone Block
appliedenergistics2:facade:0, Cable Facade - Sky Stone Brick
appliedenergistics2:facade:0, Cable Facade - Sky Stone Small Brick
appliedenergistics2:facade:0, Cable Facade - Block of Aluminum
appliedenergistics2:facade:0, Cable Facade - Block of Aluminum
appliedenergistics2:facade:0, Cable Facade - Block of Aluminum
appliedenergistics2:facade:0, Cable Facade - Block of Aluminum
appliedenergistics2:facade:0, Cable Facade - Block of Aluminum
appliedenergistics2:facade:0, Cable Facade - Block of Aluminum
appliedenergistics2:facade:0, Cable Facade - Block of Aluminum
appliedenergistics2:facade:0, Cable Facade - Andesite
appliedenergistics2:facade:0, Cable Facade - Andesite
appliedenergistics2:facade:0, Cable Facade - Andesite
appliedenergistics2:facade:0, Cable Facade - Andesite
appliedenergistics2:facade:0, Cable Facade - Andesite
appliedenergistics2:facade:0, Cable Facade - Andesite
appliedenergistics2:facade:0, Cable Facade - Andesite
appliedenergistics2:facade:0, Cable Facade - Andesite
appliedenergistics2:facade:0, Cable Facade - Andesite
appliedenergistics2:facade:0, Cable Facade - Andesite
appliedenergistics2:facade:0, Cable Facade - Andesite
appliedenergistics2:facade:0, Cable Facade - Andesite
appliedenergistics2:facade:0, Cable Facade - Andesite
appliedenergistics2:facade:0, Cable Facade - Andesite
appliedenergistics2:facade:0, Cable Facade - Andesite
appliedenergistics2:facade:0, Cable Facade - Andesite
appliedenergistics2:facade:0, Cable Facade - Andesite
appliedenergistics2:facade:0, Cable Facade - Andesite
appliedenergistics2:facade:0, Cable Facade - Andesite
appliedenergistics2:facade:0, Cable Facade - Andesite
appliedenergistics2:facade:0, Cable Facade - Andesite
appliedenergistics2:facade:0, Cable Facade - Andesite
appliedenergistics2:facade:0, Cable Facade - Andesite
appliedenergistics2:facade:0, Cable Facade - Andesite
appliedenergistics2:facade:0, Cable Facade - Andesite
appliedenergistics2:facade:0, Cable Facade - Andesite
appliedenergistics2:facade:0, Cable Facade - Andesite
appliedenergistics2:facade:0, Cable Facade - Andesite
appliedenergistics2:facade:0, Cable Facade - Andesite
appliedenergistics2:facade:0, Cable Facade - Andesite
appliedenergistics2:facade:0, Cable Facade - Andesite
appliedenergistics2:facade:0, Cable Facade - Andesite
appliedenergistics2:facade:0, Cable Facade - Andesite
appliedenergistics2:facade:0, Cable Facade - Antiblock
appliedenergistics2:facade:0, Cable Facade - Antiblock
appliedenergistics2:facade:0, Cable Facade - Antiblock
appliedenergistics2:facade:0, Cable Facade - Antiblock
appliedenergistics2:facade:0, Cable Facade - Antiblock
appliedenergistics2:facade:0, Cable Facade - Antiblock
appliedenergistics2:facade:0, Cable Facade - Antiblock
appliedenergistics2:facade:0, Cable Facade - Antiblock
appliedenergistics2:facade:0, Cable Facade - Antiblock
appliedenergistics2:facade:0, Cable Facade - Antiblock
appliedenergistics2:facade:0, Cable Facade - Antiblock
appliedenergistics2:facade:0, Cable Facade - Antiblock
appliedenergistics2:facade:0, Cable Facade - Antiblock
appliedenergistics2:facade:0, Cable Facade - Antiblock
appliedenergistics2:facade:0, Cable Facade - Antiblock
appliedenergistics2:facade:0, Cable Facade - Antiblock
appliedenergistics2:facade:0, Cable Facade - Basalt
appliedenergistics2:facade:0, Cable Facade - Basalt
appliedenergistics2:facade:0, Cable Facade - Basalt
appliedenergistics2:facade:0, Cable Facade - Basalt
appliedenergistics2:facade:0, Cable Facade - Basalt
appliedenergistics2:facade:0, Cable Facade - Basalt
appliedenergistics2:facade:0, Cable Facade - Basalt
appliedenergistics2:facade:0, Cable Facade - Basalt
appliedenergistics2:facade:0, Cable Facade - Basalt
appliedenergistics2:facade:0, Cable Facade - Basalt
appliedenergistics2:facade:0, Cable Facade - Basalt
appliedenergistics2:facade:0, Cable Facade - Basalt
appliedenergistics2:facade:0, Cable Facade - Basalt
appliedenergistics2:facade:0, Cable Facade - Basalt
appliedenergistics2:facade:0, Cable Facade - Basalt
appliedenergistics2:facade:0, Cable Facade - Basalt
appliedenergistics2:facade:0, Cable Facade - Basalt
appliedenergistics2:facade:0, Cable Facade - Basalt
appliedenergistics2:facade:0, Cable Facade - Basalt
appliedenergistics2:facade:0, Cable Facade - Basalt
appliedenergistics2:facade:0, Cable Facade - Basalt
appliedenergistics2:facade:0, Cable Facade - Basalt
appliedenergistics2:facade:0, Cable Facade - Basalt
appliedenergistics2:facade:0, Cable Facade - Basalt
appliedenergistics2:facade:0, Cable Facade - Basalt
appliedenergistics2:facade:0, Cable Facade - Basalt
appliedenergistics2:facade:0, Cable Facade - Basalt
appliedenergistics2:facade:0, Cable Facade - Basalt
appliedenergistics2:facade:0, Cable Facade - Basalt
appliedenergistics2:facade:0, Cable Facade - Basalt
appliedenergistics2:facade:0, Cable Facade - Basalt
appliedenergistics2:facade:0, Cable Facade - Basalt
appliedenergistics2:facade:0, Cable Facade - Basalt
appliedenergistics2:facade:0, Cable Facade - Basalt
appliedenergistics2:facade:0, Cable Facade - Oak Bookshelf
appliedenergistics2:facade:0, Cable Facade - Oak Bookshelf
appliedenergistics2:facade:0, Cable Facade - Oak Bookshelf
appliedenergistics2:facade:0, Cable Facade - Oak Bookshelf
appliedenergistics2:facade:0, Cable Facade - Oak Bookshelf
appliedenergistics2:facade:0, Cable Facade - Oak Bookshelf
appliedenergistics2:facade:0, Cable Facade - Oak Bookshelf
appliedenergistics2:facade:0, Cable Facade - Oak Bookshelf
appliedenergistics2:facade:0, Cable Facade - Oak Bookshelf
appliedenergistics2:facade:0, Cable Facade - Oak Bookshelf
appliedenergistics2:facade:0, Cable Facade - Spruce Bookshelf
appliedenergistics2:facade:0, Cable Facade - Spruce Bookshelf
appliedenergistics2:facade:0, Cable Facade - Spruce Bookshelf
appliedenergistics2:facade:0, Cable Facade - Spruce Bookshelf
appliedenergistics2:facade:0, Cable Facade - Spruce Bookshelf
appliedenergistics2:facade:0, Cable Facade - Spruce Bookshelf
appliedenergistics2:facade:0, Cable Facade - Spruce Bookshelf
appliedenergistics2:facade:0, Cable Facade - Spruce Bookshelf
appliedenergistics2:facade:0, Cable Facade - Spruce Bookshelf
appliedenergistics2:facade:0, Cable Facade - Spruce Bookshelf
appliedenergistics2:facade:0, Cable Facade - Birch Bookshelf
appliedenergistics2:facade:0, Cable Facade - Birch Bookshelf
appliedenergistics2:facade:0, Cable Facade - Birch Bookshelf
appliedenergistics2:facade:0, Cable Facade - Birch Bookshelf
appliedenergistics2:facade:0, Cable Facade - Birch Bookshelf
appliedenergistics2:facade:0, Cable Facade - Birch Bookshelf
appliedenergistics2:facade:0, Cable Facade - Birch Bookshelf
appliedenergistics2:facade:0, Cable Facade - Birch Bookshelf
appliedenergistics2:facade:0, Cable Facade - Birch Bookshelf
appliedenergistics2:facade:0, Cable Facade - Birch Bookshelf
appliedenergistics2:facade:0, Cable Facade - Jungle Bookshelf
appliedenergistics2:facade:0, Cable Facade - Jungle Bookshelf
appliedenergistics2:facade:0, Cable Facade - Jungle Bookshelf
appliedenergistics2:facade:0, Cable Facade - Jungle Bookshelf
appliedenergistics2:facade:0, Cable Facade - Jungle Bookshelf
appliedenergistics2:facade:0, Cable Facade - Jungle Bookshelf
appliedenergistics2:facade:0, Cable Facade - Jungle Bookshelf
appliedenergistics2:facade:0, Cable Facade - Jungle Bookshelf
appliedenergistics2:facade:0, Cable Facade - Jungle Bookshelf
appliedenergistics2:facade:0, Cable Facade - Jungle Bookshelf
appliedenergistics2:facade:0, Cable Facade - Acacia Bookshelf
appliedenergistics2:facade:0, Cable Facade - Acacia Bookshelf
appliedenergistics2:facade:0, Cable Facade - Acacia Bookshelf
appliedenergistics2:facade:0, Cable Facade - Acacia Bookshelf
appliedenergistics2:facade:0, Cable Facade - Acacia Bookshelf
appliedenergistics2:facade:0, Cable Facade - Acacia Bookshelf
appliedenergistics2:facade:0, Cable Facade - Acacia Bookshelf
appliedenergistics2:facade:0, Cable Facade - Acacia Bookshelf
appliedenergistics2:facade:0, Cable Facade - Acacia Bookshelf
appliedenergistics2:facade:0, Cable Facade - Acacia Bookshelf
appliedenergistics2:facade:0, Cable Facade - Dark Oak Bookshelf
appliedenergistics2:facade:0, Cable Facade - Dark Oak Bookshelf
appliedenergistics2:facade:0, Cable Facade - Dark Oak Bookshelf
appliedenergistics2:facade:0, Cable Facade - Dark Oak Bookshelf
appliedenergistics2:facade:0, Cable Facade - Dark Oak Bookshelf
appliedenergistics2:facade:0, Cable Facade - Dark Oak Bookshelf
appliedenergistics2:facade:0, Cable Facade - Dark Oak Bookshelf
appliedenergistics2:facade:0, Cable Facade - Dark Oak Bookshelf
appliedenergistics2:facade:0, Cable Facade - Dark Oak Bookshelf
appliedenergistics2:facade:0, Cable Facade - Dark Oak Bookshelf
appliedenergistics2:facade:0, Cable Facade - Bricks
appliedenergistics2:facade:0, Cable Facade - Bricks
appliedenergistics2:facade:0, Cable Facade - Bricks
appliedenergistics2:facade:0, Cable Facade - Bricks
appliedenergistics2:facade:0, Cable Facade - Bricks
appliedenergistics2:facade:0, Cable Facade - Bricks
appliedenergistics2:facade:0, Cable Facade - Bricks
appliedenergistics2:facade:0, Cable Facade - Bricks
appliedenergistics2:facade:0, Cable Facade - Bricks
appliedenergistics2:facade:0, Cable Facade - Bricks
appliedenergistics2:facade:0, Cable Facade - Bricks
appliedenergistics2:facade:0, Cable Facade - Bricks
appliedenergistics2:facade:0, Cable Facade - Bricks
appliedenergistics2:facade:0, Cable Facade - Bricks
appliedenergistics2:facade:0, Cable Facade - Bricks
appliedenergistics2:facade:0, Cable Facade - Bricks
appliedenergistics2:facade:0, Cable Facade - Bricks
appliedenergistics2:facade:0, Cable Facade - Bricks
appliedenergistics2:facade:0, Cable Facade - Bricks
appliedenergistics2:facade:0, Cable Facade - Bricks
appliedenergistics2:facade:0, Cable Facade - Bricks
appliedenergistics2:facade:0, Cable Facade - Bricks
appliedenergistics2:facade:0, Cable Facade - Bricks
appliedenergistics2:facade:0, Cable Facade - Bricks
appliedenergistics2:facade:0, Cable Facade - Bricks
appliedenergistics2:facade:0, Cable Facade - Bricks
appliedenergistics2:facade:0, Cable Facade - Bricks
appliedenergistics2:facade:0, Cable Facade - Bricks
appliedenergistics2:facade:0, Cable Facade - Bricks
appliedenergistics2:facade:0, Cable Facade - Bricks
appliedenergistics2:facade:0, Cable Facade - Bricks
appliedenergistics2:facade:0, Cable Facade - Bricks
appliedenergistics2:facade:0, Cable Facade - Block of Bronze
appliedenergistics2:facade:0, Cable Facade - Block of Bronze
appliedenergistics2:facade:0, Cable Facade - Block of Bronze
appliedenergistics2:facade:0, Cable Facade - Block of Bronze
appliedenergistics2:facade:0, Cable Facade - Block of Bronze
appliedenergistics2:facade:0, Cable Facade - Block of Bronze
appliedenergistics2:facade:0, Cable Facade - Block of Bronze
appliedenergistics2:facade:0, Cable Facade - Brownstone
appliedenergistics2:facade:0, Cable Facade - Brownstone
appliedenergistics2:facade:0, Cable Facade - Brownstone
appliedenergistics2:facade:0, Cable Facade - Brownstone
appliedenergistics2:facade:0, Cable Facade - Brownstone
appliedenergistics2:facade:0, Cable Facade - Brownstone
appliedenergistics2:facade:0, Cable Facade - Brownstone
appliedenergistics2:facade:0, Cable Facade - Brownstone
appliedenergistics2:facade:0, Cable Facade - Brownstone
appliedenergistics2:facade:0, Cable Facade - Brownstone
appliedenergistics2:facade:0, Cable Facade - Block of Certus Quartz
appliedenergistics2:facade:0, Cable Facade - Block of Certus Quartz
appliedenergistics2:facade:0, Cable Facade - Block of Certus Quartz
appliedenergistics2:facade:0, Cable Facade - Block of Certus Quartz
appliedenergistics2:facade:0, Cable Facade - Block of Certus Quartz
appliedenergistics2:facade:0, Cable Facade - Block of Certus Quartz
appliedenergistics2:facade:0, Cable Facade - Block of Certus Quartz
appliedenergistics2:facade:0, Cable Facade - Block of Certus Quartz
appliedenergistics2:facade:0, Cable Facade - Block of Certus Quartz
appliedenergistics2:facade:0, Cable Facade - Block of Certus Quartz
appliedenergistics2:facade:0, Cable Facade - Block of Certus Quartz
appliedenergistics2:facade:0, Cable Facade - Block of Certus Quartz
appliedenergistics2:facade:0, Cable Facade - Block of Certus Quartz
appliedenergistics2:facade:0, Cable Facade - Block of Certus Quartz
appliedenergistics2:facade:0, Cable Facade - Block of Certus Quartz
appliedenergistics2:facade:0, Cable Facade - Block of Certus Quartz
appliedenergistics2:facade:0, Cable Facade - Block of Certus Quartz
appliedenergistics2:facade:0, Cable Facade - Block of Certus Quartz
appliedenergistics2:facade:0, Cable Facade - Block of Certus Quartz
appliedenergistics2:facade:0, Cable Facade - Block of Certus Quartz
appliedenergistics2:facade:0, Cable Facade - Block of Certus Quartz
appliedenergistics2:facade:0, Cable Facade - Block of Certus Quartz
appliedenergistics2:facade:0, Cable Facade - Block of Certus Quartz
appliedenergistics2:facade:0, Cable Facade - Block of Certus Quartz
appliedenergistics2:facade:0, Cable Facade - Block of Certus Quartz
appliedenergistics2:facade:0, Cable Facade - Block of Certus Quartz
appliedenergistics2:facade:0, Cable Facade - Block of Certus Quartz
appliedenergistics2:facade:0, Cable Facade - Block of Certus Quartz
appliedenergistics2:facade:0, Cable Facade - Block of Certus Quartz
appliedenergistics2:facade:0, Cable Facade - Block of Certus Quartz
appliedenergistics2:facade:0, Cable Facade - Block of Certus Quartz
appliedenergistics2:facade:0, Cable Facade - Block of Certus Quartz
appliedenergistics2:facade:0, Cable Facade - Block of Certus Quartz
appliedenergistics2:facade:0, Cable Facade - Block of Certus Quartz
appliedenergistics2:facade:0, Cable Facade - Block of Charcoal
appliedenergistics2:facade:0, Cable Facade - Block of Charcoal
appliedenergistics2:facade:0, Cable Facade - Block of Charcoal
appliedenergistics2:facade:0, Cable Facade - Block of Charcoal
appliedenergistics2:facade:0, Cable Facade - Block of Charcoal
appliedenergistics2:facade:0, Cable Facade - Block of Charcoal
appliedenergistics2:facade:0, Cable Facade - Block of Charcoal
appliedenergistics2:facade:0, Cable Facade - Block of Charcoal
appliedenergistics2:facade:0, Cable Facade - Block of Charcoal
appliedenergistics2:facade:0, Cable Facade - Block of Charcoal
appliedenergistics2:facade:0, Cable Facade - Block of Charcoal
appliedenergistics2:facade:0, Cable Facade - Block of Charcoal
appliedenergistics2:facade:0, Cable Facade - Block of Charcoal
appliedenergistics2:facade:0, Cable Facade - Block of Charcoal
appliedenergistics2:facade:0, Cable Facade - Block of Charcoal
appliedenergistics2:facade:0, Cable Facade - Block of Charcoal
appliedenergistics2:facade:0, Cable Facade - Block of Charcoal
appliedenergistics2:facade:0, Cable Facade - Block of Charcoal
appliedenergistics2:facade:0, Cable Facade - Block of Charcoal
appliedenergistics2:facade:0, Cable Facade - Block of Charcoal
appliedenergistics2:facade:0, Cable Facade - Block of Charcoal
appliedenergistics2:facade:0, Cable Facade - Block of Charcoal
appliedenergistics2:facade:0, Cable Facade - Block of Charcoal
appliedenergistics2:facade:0, Cable Facade - Block of Charcoal
appliedenergistics2:facade:0, Cable Facade - Block of Charcoal
appliedenergistics2:facade:0, Cable Facade - Block of Charcoal
appliedenergistics2:facade:0, Cable Facade - Block of Charcoal
appliedenergistics2:facade:0, Cable Facade - Block of Charcoal
appliedenergistics2:facade:0, Cable Facade - Block of Charcoal
appliedenergistics2:facade:0, Cable Facade - Block of Charcoal
appliedenergistics2:facade:0, Cable Facade - Block of Charcoal
appliedenergistics2:facade:0, Cable Facade - Block of Charcoal
appliedenergistics2:facade:0, Cable Facade - Block of Charcoal
appliedenergistics2:facade:0, Cable Facade - Block of Charcoal
appliedenergistics2:facade:0, Cable Facade - Block of Cobalt
appliedenergistics2:facade:0, Cable Facade - Block of Cobalt
appliedenergistics2:facade:0, Cable Facade - Block of Cobalt
appliedenergistics2:facade:0, Cable Facade - Block of Cobalt
appliedenergistics2:facade:0, Cable Facade - Block of Cobalt
appliedenergistics2:facade:0, Cable Facade - Block of Cobalt
appliedenergistics2:facade:0, Cable Facade - Block of Cobalt
appliedenergistics2:facade:0, Cable Facade - Cobblestone
appliedenergistics2:facade:0, Cable Facade - Cobblestone
appliedenergistics2:facade:0, Cable Facade - Cobblestone
appliedenergistics2:facade:0, Cable Facade - Cobblestone
appliedenergistics2:facade:0, Cable Facade - Cobblestone
appliedenergistics2:facade:0, Cable Facade - Cobblestone
appliedenergistics2:facade:0, Cable Facade - Cobblestone
appliedenergistics2:facade:0, Cable Facade - Cobblestone
appliedenergistics2:facade:0, Cable Facade - Cobblestone
appliedenergistics2:facade:0, Cable Facade - Cobblestone
appliedenergistics2:facade:0, Cable Facade - Cobblestone
appliedenergistics2:facade:0, Cable Facade - Cobblestone
appliedenergistics2:facade:0, Cable Facade - Cobblestone
appliedenergistics2:facade:0, Cable Facade - Cobblestone
appliedenergistics2:facade:0, Cable Facade - Cobblestone
appliedenergistics2:facade:0, Cable Facade - Cobblestone
appliedenergistics2:facade:0, Cable Facade - Cobblestone
appliedenergistics2:facade:0, Cable Facade - Cobblestone
appliedenergistics2:facade:0, Cable Facade - Cobblestone
appliedenergistics2:facade:0, Cable Facade - Cobblestone
appliedenergistics2:facade:0, Cable Facade - Cobblestone
appliedenergistics2:facade:0, Cable Facade - Cobblestone
appliedenergistics2:facade:0, Cable Facade - Cobblestone
appliedenergistics2:facade:0, Cable Facade - Cobblestone
appliedenergistics2:facade:0, Cable Facade - Cobblestone
appliedenergistics2:facade:0, Cable Facade - Cobblestone
appliedenergistics2:facade:0, Cable Facade - Cobblestone
appliedenergistics2:facade:0, Cable Facade - Cobblestone
appliedenergistics2:facade:0, Cable Facade - Cobblestone
appliedenergistics2:facade:0, Cable Facade - Cobblestone
appliedenergistics2:facade:0, Cable Facade - Cobblestone
appliedenergistics2:facade:0, Cable Facade - Cobblestone
appliedenergistics2:facade:0, Cable Facade - Cobblestone
appliedenergistics2:facade:0, Cable Facade - Cobblestone
appliedenergistics2:facade:0, Cable Facade - Cobblestone
appliedenergistics2:facade:0, Cable Facade - Cobblestone
appliedenergistics2:facade:0, Cable Facade - Block of Coal
appliedenergistics2:facade:0, Cable Facade - Block of Coal
appliedenergistics2:facade:0, Cable Facade - Block of Coal
appliedenergistics2:facade:0, Cable Facade - Block of Coal
appliedenergistics2:facade:0, Cable Facade - Block of Coal
appliedenergistics2:facade:0, Cable Facade - Block of Coal
appliedenergistics2:facade:0, Cable Facade - Block of Coal
appliedenergistics2:facade:0, Cable Facade - Block of Coal
appliedenergistics2:facade:0, Cable Facade - Block of Coal
appliedenergistics2:facade:0, Cable Facade - Block of Coal
appliedenergistics2:facade:0, Cable Facade - Block of Coal
appliedenergistics2:facade:0, Cable Facade - Block of Coal
appliedenergistics2:facade:0, Cable Facade - Block of Coal
appliedenergistics2:facade:0, Cable Facade - Block of Coal
appliedenergistics2:facade:0, Cable Facade - Block of Coal
appliedenergistics2:facade:0, Cable Facade - Block of Coal
appliedenergistics2:facade:0, Cable Facade - Block of Coal
appliedenergistics2:facade:0, Cable Facade - Block of Coal
appliedenergistics2:facade:0, Cable Facade - Block of Coal
appliedenergistics2:facade:0, Cable Facade - Block of Coal
appliedenergistics2:facade:0, Cable Facade - Block of Coal
appliedenergistics2:facade:0, Cable Facade - Block of Coal
appliedenergistics2:facade:0, Cable Facade - Block of Coal
appliedenergistics2:facade:0, Cable Facade - Block of Coal
appliedenergistics2:facade:0, Cable Facade - Block of Coal
appliedenergistics2:facade:0, Cable Facade - Block of Coal
appliedenergistics2:facade:0, Cable Facade - Block of Coal
appliedenergistics2:facade:0, Cable Facade - Block of Coal
appliedenergistics2:facade:0, Cable Facade - Block of Coal
appliedenergistics2:facade:0, Cable Facade - Block of Coal
appliedenergistics2:facade:0, Cable Facade - Block of Coal
appliedenergistics2:facade:0, Cable Facade - Block of Coal
appliedenergistics2:facade:0, Cable Facade - Block of Coal
appliedenergistics2:facade:0, Cable Facade - Block of Coal
appliedenergistics2:facade:0, Cable Facade - Block of Coal Coke
appliedenergistics2:facade:0, Cable Facade - Block of Coal Coke
appliedenergistics2:facade:0, Cable Facade - Block of Coal Coke
appliedenergistics2:facade:0, Cable Facade - Block of Coal Coke
appliedenergistics2:facade:0, Cable Facade - Block of Coal Coke
appliedenergistics2:facade:0, Cable Facade - Block of Coal Coke
appliedenergistics2:facade:0, Cable Facade - Block of Coal Coke
appliedenergistics2:facade:0, Cable Facade - Block of Coal Coke
appliedenergistics2:facade:0, Cable Facade - Block of Coal Coke
appliedenergistics2:facade:0, Cable Facade - Block of Coal Coke
appliedenergistics2:facade:0, Cable Facade - Block of Coal Coke
appliedenergistics2:facade:0, Cable Facade - Block of Coal Coke
appliedenergistics2:facade:0, Cable Facade - Block of Coal Coke
appliedenergistics2:facade:0, Cable Facade - Block of Coal Coke
appliedenergistics2:facade:0, Cable Facade - Block of Coal Coke
appliedenergistics2:facade:0, Cable Facade - Block of Coal Coke
appliedenergistics2:facade:0, Cable Facade - Block of Coal Coke
appliedenergistics2:facade:0, Cable Facade - Block of Coal Coke
appliedenergistics2:facade:0, Cable Facade - Block of Coal Coke
appliedenergistics2:facade:0, Cable Facade - Block of Coal Coke
appliedenergistics2:facade:0, Cable Facade - Block of Coal Coke
appliedenergistics2:facade:0, Cable Facade - Block of Coal Coke
appliedenergistics2:facade:0, Cable Facade - Block of Coal Coke
appliedenergistics2:facade:0, Cable Facade - Block of Coal Coke
appliedenergistics2:facade:0, Cable Facade - Block of Coal Coke
appliedenergistics2:facade:0, Cable Facade - Block of Coal Coke
appliedenergistics2:facade:0, Cable Facade - Block of Coal Coke
appliedenergistics2:facade:0, Cable Facade - Block of Coal Coke
appliedenergistics2:facade:0, Cable Facade - Block of Coal Coke
appliedenergistics2:facade:0, Cable Facade - Block of Coal Coke
appliedenergistics2:facade:0, Cable Facade - Block of Coal Coke
appliedenergistics2:facade:0, Cable Facade - Block of Coal Coke
appliedenergistics2:facade:0, Cable Facade - Block of Coal Coke
appliedenergistics2:facade:0, Cable Facade - Block of Coal Coke
appliedenergistics2:facade:0, Cable Facade - Moss Stone
appliedenergistics2:facade:0, Cable Facade - Moss Stone
appliedenergistics2:facade:0, Cable Facade - Moss Stone
appliedenergistics2:facade:0, Cable Facade - Moss Stone
appliedenergistics2:facade:0, Cable Facade - Moss Stone
appliedenergistics2:facade:0, Cable Facade - Moss Stone
appliedenergistics2:facade:0, Cable Facade - Moss Stone
appliedenergistics2:facade:0, Cable Facade - Moss Stone
appliedenergistics2:facade:0, Cable Facade - Moss Stone
appliedenergistics2:facade:0, Cable Facade - Moss Stone
appliedenergistics2:facade:0, Cable Facade - Moss Stone
appliedenergistics2:facade:0, Cable Facade - Moss Stone
appliedenergistics2:facade:0, Cable Facade - Moss Stone
appliedenergistics2:facade:0, Cable Facade - Moss Stone
appliedenergistics2:facade:0, Cable Facade - Moss Stone
appliedenergistics2:facade:0, Cable Facade - Moss Stone
appliedenergistics2:facade:0, Cable Facade - Moss Stone
appliedenergistics2:facade:0, Cable Facade - Moss Stone
appliedenergistics2:facade:0, Cable Facade - Moss Stone
appliedenergistics2:facade:0, Cable Facade - Moss Stone
appliedenergistics2:facade:0, Cable Facade - Moss Stone
appliedenergistics2:facade:0, Cable Facade - Moss Stone
appliedenergistics2:facade:0, Cable Facade - Moss Stone
appliedenergistics2:facade:0, Cable Facade - Moss Stone
appliedenergistics2:facade:0, Cable Facade - Moss Stone
appliedenergistics2:facade:0, Cable Facade - Moss Stone
appliedenergistics2:facade:0, Cable Facade - Moss Stone
appliedenergistics2:facade:0, Cable Facade - Moss Stone
appliedenergistics2:facade:0, Cable Facade - Moss Stone
appliedenergistics2:facade:0, Cable Facade - Moss Stone
appliedenergistics2:facade:0, Cable Facade - Moss Stone
appliedenergistics2:facade:0, Cable Facade - Moss Stone
appliedenergistics2:facade:0, Cable Facade - Moss Stone
appliedenergistics2:facade:0, Cable Facade - Black Concrete
appliedenergistics2:facade:0, Cable Facade - Black Concrete
appliedenergistics2:facade:0, Cable Facade - Black Concrete
appliedenergistics2:facade:0, Cable Facade - Black Concrete
appliedenergistics2:facade:0, Cable Facade - Black Concrete
appliedenergistics2:facade:0, Cable Facade - Black Concrete
appliedenergistics2:facade:0, Cable Facade - Black Concrete
appliedenergistics2:facade:0, Cable Facade - Black Concrete
appliedenergistics2:facade:0, Cable Facade - Black Concrete
appliedenergistics2:facade:0, Cable Facade - Black Concrete
appliedenergistics2:facade:0, Cable Facade - Black Concrete
appliedenergistics2:facade:0, Cable Facade - Black Concrete
appliedenergistics2:facade:0, Cable Facade - Black Concrete
appliedenergistics2:facade:0, Cable Facade - Black Concrete
appliedenergistics2:facade:0, Cable Facade - Black Concrete
appliedenergistics2:facade:0, Cable Facade - Black Concrete
appliedenergistics2:facade:0, Cable Facade - Black Concrete
appliedenergistics2:facade:0, Cable Facade - Black Concrete
appliedenergistics2:facade:0, Cable Facade - Black Concrete
appliedenergistics2:facade:0, Cable Facade - Black Concrete
appliedenergistics2:facade:0, Cable Facade - Black Concrete
appliedenergistics2:facade:0, Cable Facade - Black Concrete
appliedenergistics2:facade:0, Cable Facade - Black Concrete
appliedenergistics2:facade:0, Cable Facade - Black Concrete
appliedenergistics2:facade:0, Cable Facade - Black Concrete
appliedenergistics2:facade:0, Cable Facade - Black Concrete
appliedenergistics2:facade:0, Cable Facade - Black Concrete
appliedenergistics2:facade:0, Cable Facade - Black Concrete
appliedenergistics2:facade:0, Cable Facade - Black Concrete
appliedenergistics2:facade:0, Cable Facade - Black Concrete
appliedenergistics2:facade:0, Cable Facade - Black Concrete
appliedenergistics2:facade:0, Cable Facade - Black Concrete
appliedenergistics2:facade:0, Cable Facade - Black Concrete
appliedenergistics2:facade:0, Cable Facade - Red Concrete
appliedenergistics2:facade:0, Cable Facade - Red Concrete
appliedenergistics2:facade:0, Cable Facade - Red Concrete
appliedenergistics2:facade:0, Cable Facade - Red Concrete
appliedenergistics2:facade:0, Cable Facade - Red Concrete
appliedenergistics2:facade:0, Cable Facade - Red Concrete
appliedenergistics2:facade:0, Cable Facade - Red Concrete
appliedenergistics2:facade:0, Cable Facade - Red Concrete
appliedenergistics2:facade:0, Cable Facade - Red Concrete
appliedenergistics2:facade:0, Cable Facade - Red Concrete
appliedenergistics2:facade:0, Cable Facade - Red Concrete
appliedenergistics2:facade:0, Cable Facade - Red Concrete
appliedenergistics2:facade:0, Cable Facade - Red Concrete
appliedenergistics2:facade:0, Cable Facade - Red Concrete
appliedenergistics2:facade:0, Cable Facade - Red Concrete
appliedenergistics2:facade:0, Cable Facade - Red Concrete
appliedenergistics2:facade:0, Cable Facade - Red Concrete
appliedenergistics2:facade:0, Cable Facade - Red Concrete
appliedenergistics2:facade:0, Cable Facade - Red Concrete
appliedenergistics2:facade:0, Cable Facade - Red Concrete
appliedenergistics2:facade:0, Cable Facade - Red Concrete
appliedenergistics2:facade:0, Cable Facade - Red Concrete
appliedenergistics2:facade:0, Cable Facade - Red Concrete
appliedenergistics2:facade:0, Cable Facade - Red Concrete
appliedenergistics2:facade:0, Cable Facade - Red Concrete
appliedenergistics2:facade:0, Cable Facade - Red Concrete
appliedenergistics2:facade:0, Cable Facade - Red Concrete
appliedenergistics2:facade:0, Cable Facade - Red Concrete
appliedenergistics2:facade:0, Cable Facade - Red Concrete
appliedenergistics2:facade:0, Cable Facade - Red Concrete
appliedenergistics2:facade:0, Cable Facade - Red Concrete
appliedenergistics2:facade:0, Cable Facade - Red Concrete
appliedenergistics2:facade:0, Cable Facade - Red Concrete
appliedenergistics2:facade:0, Cable Facade - Green Concrete
appliedenergistics2:facade:0, Cable Facade - Green Concrete
appliedenergistics2:facade:0, Cable Facade - Green Concrete
appliedenergistics2:facade:0, Cable Facade - Green Concrete
appliedenergistics2:facade:0, Cable Facade - Green Concrete
appliedenergistics2:facade:0, Cable Facade - Green Concrete
appliedenergistics2:facade:0, Cable Facade - Green Concrete
appliedenergistics2:facade:0, Cable Facade - Green Concrete
appliedenergistics2:facade:0, Cable Facade - Green Concrete
appliedenergistics2:facade:0, Cable Facade - Green Concrete
appliedenergistics2:facade:0, Cable Facade - Green Concrete
appliedenergistics2:facade:0, Cable Facade - Green Concrete
appliedenergistics2:facade:0, Cable Facade - Green Concrete
appliedenergistics2:facade:0, Cable Facade - Green Concrete
appliedenergistics2:facade:0, Cable Facade - Green Concrete
appliedenergistics2:facade:0, Cable Facade - Green Concrete
appliedenergistics2:facade:0, Cable Facade - Green Concrete
appliedenergistics2:facade:0, Cable Facade - Green Concrete
appliedenergistics2:facade:0, Cable Facade - Green Concrete
appliedenergistics2:facade:0, Cable Facade - Green Concrete
appliedenergistics2:facade:0, Cable Facade - Green Concrete
appliedenergistics2:facade:0, Cable Facade - Green Concrete
appliedenergistics2:facade:0, Cable Facade - Green Concrete
appliedenergistics2:facade:0, Cable Facade - Green Concrete
appliedenergistics2:facade:0, Cable Facade - Green Concrete
appliedenergistics2:facade:0, Cable Facade - Green Concrete
appliedenergistics2:facade:0, Cable Facade - Green Concrete
appliedenergistics2:facade:0, Cable Facade - Green Concrete
appliedenergistics2:facade:0, Cable Facade - Green Concrete
appliedenergistics2:facade:0, Cable Facade - Green Concrete
appliedenergistics2:facade:0, Cable Facade - Green Concrete
appliedenergistics2:facade:0, Cable Facade - Green Concrete
appliedenergistics2:facade:0, Cable Facade - Green Concrete
appliedenergistics2:facade:0, Cable Facade - Brown Concrete
appliedenergistics2:facade:0, Cable Facade - Brown Concrete
appliedenergistics2:facade:0, Cable Facade - Brown Concrete
appliedenergistics2:facade:0, Cable Facade - Brown Concrete
appliedenergistics2:facade:0, Cable Facade - Brown Concrete
appliedenergistics2:facade:0, Cable Facade - Brown Concrete
appliedenergistics2:facade:0, Cable Facade - Brown Concrete
appliedenergistics2:facade:0, Cable Facade - Brown Concrete
appliedenergistics2:facade:0, Cable Facade - Brown Concrete
appliedenergistics2:facade:0, Cable Facade - Brown Concrete
appliedenergistics2:facade:0, Cable Facade - Brown Concrete
appliedenergistics2:facade:0, Cable Facade - Brown Concrete
appliedenergistics2:facade:0, Cable Facade - Brown Concrete
appliedenergistics2:facade:0, Cable Facade - Brown Concrete
appliedenergistics2:facade:0, Cable Facade - Brown Concrete
appliedenergistics2:facade:0, Cable Facade - Brown Concrete
appliedenergistics2:facade:0, Cable Facade - Brown Concrete
appliedenergistics2:facade:0, Cable Facade - Brown Concrete
appliedenergistics2:facade:0, Cable Facade - Brown Concrete
appliedenergistics2:facade:0, Cable Facade - Brown Concrete
appliedenergistics2:facade:0, Cable Facade - Brown Concrete
appliedenergistics2:facade:0, Cable Facade - Brown Concrete
appliedenergistics2:facade:0, Cable Facade - Brown Concrete
appliedenergistics2:facade:0, Cable Facade - Brown Concrete
appliedenergistics2:facade:0, Cable Facade - Brown Concrete
appliedenergistics2:facade:0, Cable Facade - Brown Concrete
appliedenergistics2:facade:0, Cable Facade - Brown Concrete
appliedenergistics2:facade:0, Cable Facade - Brown Concrete
appliedenergistics2:facade:0, Cable Facade - Brown Concrete
appliedenergistics2:facade:0, Cable Facade - Brown Concrete
appliedenergistics2:facade:0, Cable Facade - Brown Concrete
appliedenergistics2:facade:0, Cable Facade - Brown Concrete
appliedenergistics2:facade:0, Cable Facade - Brown Concrete
appliedenergistics2:facade:0, Cable Facade - Blue Concrete
appliedenergistics2:facade:0, Cable Facade - Blue Concrete
appliedenergistics2:facade:0, Cable Facade - Blue Concrete
appliedenergistics2:facade:0, Cable Facade - Blue Concrete
appliedenergistics2:facade:0, Cable Facade - Blue Concrete
appliedenergistics2:facade:0, Cable Facade - Blue Concrete
appliedenergistics2:facade:0, Cable Facade - Blue Concrete
appliedenergistics2:facade:0, Cable Facade - Blue Concrete
appliedenergistics2:facade:0, Cable Facade - Blue Concrete
appliedenergistics2:facade:0, Cable Facade - Blue Concrete
appliedenergistics2:facade:0, Cable Facade - Blue Concrete
appliedenergistics2:facade:0, Cable Facade - Blue Concrete
appliedenergistics2:facade:0, Cable Facade - Blue Concrete
appliedenergistics2:facade:0, Cable Facade - Blue Concrete
appliedenergistics2:facade:0, Cable Facade - Blue Concrete
appliedenergistics2:facade:0, Cable Facade - Blue Concrete
appliedenergistics2:facade:0, Cable Facade - Blue Concrete
appliedenergistics2:facade:0, Cable Facade - Blue Concrete
appliedenergistics2:facade:0, Cable Facade - Blue Concrete
appliedenergistics2:facade:0, Cable Facade - Blue Concrete
appliedenergistics2:facade:0, Cable Facade - Blue Concrete
appliedenergistics2:facade:0, Cable Facade - Blue Concrete
appliedenergistics2:facade:0, Cable Facade - Blue Concrete
appliedenergistics2:facade:0, Cable Facade - Blue Concrete
appliedenergistics2:facade:0, Cable Facade - Blue Concrete
appliedenergistics2:facade:0, Cable Facade - Blue Concrete
appliedenergistics2:facade:0, Cable Facade - Blue Concrete
appliedenergistics2:facade:0, Cable Facade - Blue Concrete
appliedenergistics2:facade:0, Cable Facade - Blue Concrete
appliedenergistics2:facade:0, Cable Facade - Blue Concrete
appliedenergistics2:facade:0, Cable Facade - Blue Concrete
appliedenergistics2:facade:0, Cable Facade - Blue Concrete
appliedenergistics2:facade:0, Cable Facade - Blue Concrete
appliedenergistics2:facade:0, Cable Facade - Purple Concrete
appliedenergistics2:facade:0, Cable Facade - Purple Concrete
appliedenergistics2:facade:0, Cable Facade - Purple Concrete
appliedenergistics2:facade:0, Cable Facade - Purple Concrete
appliedenergistics2:facade:0, Cable Facade - Purple Concrete
appliedenergistics2:facade:0, Cable Facade - Purple Concrete
appliedenergistics2:facade:0, Cable Facade - Purple Concrete
appliedenergistics2:facade:0, Cable Facade - Purple Concrete
appliedenergistics2:facade:0, Cable Facade - Purple Concrete
appliedenergistics2:facade:0, Cable Facade - Purple Concrete
appliedenergistics2:facade:0, Cable Facade - Purple Concrete
appliedenergistics2:facade:0, Cable Facade - Purple Concrete
appliedenergistics2:facade:0, Cable Facade - Purple Concrete
appliedenergistics2:facade:0, Cable Facade - Purple Concrete
appliedenergistics2:facade:0, Cable Facade - Purple Concrete
appliedenergistics2:facade:0, Cable Facade - Purple Concrete
appliedenergistics2:facade:0, Cable Facade - Purple Concrete
appliedenergistics2:facade:0, Cable Facade - Purple Concrete
appliedenergistics2:facade:0, Cable Facade - Purple Concrete
appliedenergistics2:facade:0, Cable Facade - Purple Concrete
appliedenergistics2:facade:0, Cable Facade - Purple Concrete
appliedenergistics2:facade:0, Cable Facade - Purple Concrete
appliedenergistics2:facade:0, Cable Facade - Purple Concrete
appliedenergistics2:facade:0, Cable Facade - Purple Concrete
appliedenergistics2:facade:0, Cable Facade - Purple Concrete
appliedenergistics2:facade:0, Cable Facade - Purple Concrete
appliedenergistics2:facade:0, Cable Facade - Purple Concrete
appliedenergistics2:facade:0, Cable Facade - Purple Concrete
appliedenergistics2:facade:0, Cable Facade - Purple Concrete
appliedenergistics2:facade:0, Cable Facade - Purple Concrete
appliedenergistics2:facade:0, Cable Facade - Purple Concrete
appliedenergistics2:facade:0, Cable Facade - Purple Concrete
appliedenergistics2:facade:0, Cable Facade - Purple Concrete
appliedenergistics2:facade:0, Cable Facade - Cyan Concrete
appliedenergistics2:facade:0, Cable Facade - Cyan Concrete
appliedenergistics2:facade:0, Cable Facade - Cyan Concrete
appliedenergistics2:facade:0, Cable Facade - Cyan Concrete
appliedenergistics2:facade:0, Cable Facade - Cyan Concrete
appliedenergistics2:facade:0, Cable Facade - Cyan Concrete
appliedenergistics2:facade:0, Cable Facade - Cyan Concrete
appliedenergistics2:facade:0, Cable Facade - Cyan Concrete
appliedenergistics2:facade:0, Cable Facade - Cyan Concrete
appliedenergistics2:facade:0, Cable Facade - Cyan Concrete
appliedenergistics2:facade:0, Cable Facade - Cyan Concrete
appliedenergistics2:facade:0, Cable Facade - Cyan Concrete
appliedenergistics2:facade:0, Cable Facade - Cyan Concrete
appliedenergistics2:facade:0, Cable Facade - Cyan Concrete
appliedenergistics2:facade:0, Cable Facade - Cyan Concrete
appliedenergistics2:facade:0, Cable Facade - Cyan Concrete
appliedenergistics2:facade:0, Cable Facade - Cyan Concrete
appliedenergistics2:facade:0, Cable Facade - Cyan Concrete
appliedenergistics2:facade:0, Cable Facade - Cyan Concrete
appliedenergistics2:facade:0, Cable Facade - Cyan Concrete
appliedenergistics2:facade:0, Cable Facade - Cyan Concrete
appliedenergistics2:facade:0, Cable Facade - Cyan Concrete
appliedenergistics2:facade:0, Cable Facade - Cyan Concrete
appliedenergistics2:facade:0, Cable Facade - Cyan Concrete
appliedenergistics2:facade:0, Cable Facade - Cyan Concrete
appliedenergistics2:facade:0, Cable Facade - Cyan Concrete
appliedenergistics2:facade:0, Cable Facade - Cyan Concrete
appliedenergistics2:facade:0, Cable Facade - Cyan Concrete
appliedenergistics2:facade:0, Cable Facade - Cyan Concrete
appliedenergistics2:facade:0, Cable Facade - Cyan Concrete
appliedenergistics2:facade:0, Cable Facade - Cyan Concrete
appliedenergistics2:facade:0, Cable Facade - Cyan Concrete
appliedenergistics2:facade:0, Cable Facade - Cyan Concrete
appliedenergistics2:facade:0, Cable Facade - Light Gray Concrete
appliedenergistics2:facade:0, Cable Facade - Light Gray Concrete
appliedenergistics2:facade:0, Cable Facade - Light Gray Concrete
appliedenergistics2:facade:0, Cable Facade - Light Gray Concrete
appliedenergistics2:facade:0, Cable Facade - Light Gray Concrete
appliedenergistics2:facade:0, Cable Facade - Light Gray Concrete
appliedenergistics2:facade:0, Cable Facade - Light Gray Concrete
appliedenergistics2:facade:0, Cable Facade - Light Gray Concrete
appliedenergistics2:facade:0, Cable Facade - Light Gray Concrete
appliedenergistics2:facade:0, Cable Facade - Light Gray Concrete
appliedenergistics2:facade:0, Cable Facade - Light Gray Concrete
appliedenergistics2:facade:0, Cable Facade - Light Gray Concrete
appliedenergistics2:facade:0, Cable Facade - Light Gray Concrete
appliedenergistics2:facade:0, Cable Facade - Light Gray Concrete
appliedenergistics2:facade:0, Cable Facade - Light Gray Concrete
appliedenergistics2:facade:0, Cable Facade - Light Gray Concrete
appliedenergistics2:facade:0, Cable Facade - Light Gray Concrete
appliedenergistics2:facade:0, Cable Facade - Light Gray Concrete
appliedenergistics2:facade:0, Cable Facade - Light Gray Concrete
appliedenergistics2:facade:0, Cable Facade - Light Gray Concrete
appliedenergistics2:facade:0, Cable Facade - Light Gray Concrete
appliedenergistics2:facade:0, Cable Facade - Light Gray Concrete
appliedenergistics2:facade:0, Cable Facade - Light Gray Concrete
appliedenergistics2:facade:0, Cable Facade - Light Gray Concrete
appliedenergistics2:facade:0, Cable Facade - Light Gray Concrete
appliedenergistics2:facade:0, Cable Facade - Light Gray Concrete
appliedenergistics2:facade:0, Cable Facade - Light Gray Concrete
appliedenergistics2:facade:0, Cable Facade - Light Gray Concrete
appliedenergistics2:facade:0, Cable Facade - Light Gray Concrete
appliedenergistics2:facade:0, Cable Facade - Light Gray Concrete
appliedenergistics2:facade:0, Cable Facade - Light Gray Concrete
appliedenergistics2:facade:0, Cable Facade - Light Gray Concrete
appliedenergistics2:facade:0, Cable Facade - Light Gray Concrete
appliedenergistics2:facade:0, Cable Facade - Gray Concrete
appliedenergistics2:facade:0, Cable Facade - Gray Concrete
appliedenergistics2:facade:0, Cable Facade - Gray Concrete
appliedenergistics2:facade:0, Cable Facade - Gray Concrete
appliedenergistics2:facade:0, Cable Facade - Gray Concrete
appliedenergistics2:facade:0, Cable Facade - Gray Concrete
appliedenergistics2:facade:0, Cable Facade - Gray Concrete
appliedenergistics2:facade:0, Cable Facade - Gray Concrete
appliedenergistics2:facade:0, Cable Facade - Gray Concrete
appliedenergistics2:facade:0, Cable Facade - Gray Concrete
appliedenergistics2:facade:0, Cable Facade - Gray Concrete
appliedenergistics2:facade:0, Cable Facade - Gray Concrete
appliedenergistics2:facade:0, Cable Facade - Gray Concrete
appliedenergistics2:facade:0, Cable Facade - Gray Concrete
appliedenergistics2:facade:0, Cable Facade - Gray Concrete
appliedenergistics2:facade:0, Cable Facade - Gray Concrete
appliedenergistics2:facade:0, Cable Facade - Gray Concrete
appliedenergistics2:facade:0, Cable Facade - Gray Concrete
appliedenergistics2:facade:0, Cable Facade - Gray Concrete
appliedenergistics2:facade:0, Cable Facade - Gray Concrete
appliedenergistics2:facade:0, Cable Facade - Gray Concrete
appliedenergistics2:facade:0, Cable Facade - Gray Concrete
appliedenergistics2:facade:0, Cable Facade - Gray Concrete
appliedenergistics2:facade:0, Cable Facade - Gray Concrete
appliedenergistics2:facade:0, Cable Facade - Gray Concrete
appliedenergistics2:facade:0, Cable Facade - Gray Concrete
appliedenergistics2:facade:0, Cable Facade - Gray Concrete
appliedenergistics2:facade:0, Cable Facade - Gray Concrete
appliedenergistics2:facade:0, Cable Facade - Gray Concrete
appliedenergistics2:facade:0, Cable Facade - Gray Concrete
appliedenergistics2:facade:0, Cable Facade - Gray Concrete
appliedenergistics2:facade:0, Cable Facade - Gray Concrete
appliedenergistics2:facade:0, Cable Facade - Gray Concrete
appliedenergistics2:facade:0, Cable Facade - Pink Concrete
appliedenergistics2:facade:0, Cable Facade - Pink Concrete
appliedenergistics2:facade:0, Cable Facade - Pink Concrete
appliedenergistics2:facade:0, Cable Facade - Pink Concrete
appliedenergistics2:facade:0, Cable Facade - Pink Concrete
appliedenergistics2:facade:0, Cable Facade - Pink Concrete
appliedenergistics2:facade:0, Cable Facade - Pink Concrete
appliedenergistics2:facade:0, Cable Facade - Pink Concrete
appliedenergistics2:facade:0, Cable Facade - Pink Concrete
appliedenergistics2:facade:0, Cable Facade - Pink Concrete
appliedenergistics2:facade:0, Cable Facade - Pink Concrete
appliedenergistics2:facade:0, Cable Facade - Pink Concrete
appliedenergistics2:facade:0, Cable Facade - Pink Concrete
appliedenergistics2:facade:0, Cable Facade - Pink Concrete
appliedenergistics2:facade:0, Cable Facade - Pink Concrete
appliedenergistics2:facade:0, Cable Facade - Pink Concrete
appliedenergistics2:facade:0, Cable Facade - Pink Concrete
appliedenergistics2:facade:0, Cable Facade - Pink Concrete
appliedenergistics2:facade:0, Cable Facade - Pink Concrete
appliedenergistics2:facade:0, Cable Facade - Pink Concrete
appliedenergistics2:facade:0, Cable Facade - Pink Concrete
appliedenergistics2:facade:0, Cable Facade - Pink Concrete
appliedenergistics2:facade:0, Cable Facade - Pink Concrete
appliedenergistics2:facade:0, Cable Facade - Pink Concrete
appliedenergistics2:facade:0, Cable Facade - Pink Concrete
appliedenergistics2:facade:0, Cable Facade - Pink Concrete
appliedenergistics2:facade:0, Cable Facade - Pink Concrete
appliedenergistics2:facade:0, Cable Facade - Pink Concrete
appliedenergistics2:facade:0, Cable Facade - Pink Concrete
appliedenergistics2:facade:0, Cable Facade - Pink Concrete
appliedenergistics2:facade:0, Cable Facade - Pink Concrete
appliedenergistics2:facade:0, Cable Facade - Pink Concrete
appliedenergistics2:facade:0, Cable Facade - Pink Concrete
appliedenergistics2:facade:0, Cable Facade - Lime Concrete
appliedenergistics2:facade:0, Cable Facade - Lime Concrete
appliedenergistics2:facade:0, Cable Facade - Lime Concrete
appliedenergistics2:facade:0, Cable Facade - Lime Concrete
appliedenergistics2:facade:0, Cable Facade - Lime Concrete
appliedenergistics2:facade:0, Cable Facade - Lime Concrete
appliedenergistics2:facade:0, Cable Facade - Lime Concrete
appliedenergistics2:facade:0, Cable Facade - Lime Concrete
appliedenergistics2:facade:0, Cable Facade - Lime Concrete
appliedenergistics2:facade:0, Cable Facade - Lime Concrete
appliedenergistics2:facade:0, Cable Facade - Lime Concrete
appliedenergistics2:facade:0, Cable Facade - Lime Concrete
appliedenergistics2:facade:0, Cable Facade - Lime Concrete
appliedenergistics2:facade:0, Cable Facade - Lime Concrete
appliedenergistics2:facade:0, Cable Facade - Lime Concrete
appliedenergistics2:facade:0, Cable Facade - Lime Concrete
appliedenergistics2:facade:0, Cable Facade - Lime Concrete
appliedenergistics2:facade:0, Cable Facade - Lime Concrete
appliedenergistics2:facade:0, Cable Facade - Lime Concrete
appliedenergistics2:facade:0, Cable Facade - Lime Concrete
appliedenergistics2:facade:0, Cable Facade - Lime Concrete
appliedenergistics2:facade:0, Cable Facade - Lime Concrete
appliedenergistics2:facade:0, Cable Facade - Lime Concrete
appliedenergistics2:facade:0, Cable Facade - Lime Concrete
appliedenergistics2:facade:0, Cable Facade - Lime Concrete
appliedenergistics2:facade:0, Cable Facade - Lime Concrete
appliedenergistics2:facade:0, Cable Facade - Lime Concrete
appliedenergistics2:facade:0, Cable Facade - Lime Concrete
appliedenergistics2:facade:0, Cable Facade - Lime Concrete
appliedenergistics2:facade:0, Cable Facade - Lime Concrete
appliedenergistics2:facade:0, Cable Facade - Lime Concrete
appliedenergistics2:facade:0, Cable Facade - Lime Concrete
appliedenergistics2:facade:0, Cable Facade - Lime Concrete
appliedenergistics2:facade:0, Cable Facade - Yellow Concrete
appliedenergistics2:facade:0, Cable Facade - Yellow Concrete
appliedenergistics2:facade:0, Cable Facade - Yellow Concrete
appliedenergistics2:facade:0, Cable Facade - Yellow Concrete
appliedenergistics2:facade:0, Cable Facade - Yellow Concrete
appliedenergistics2:facade:0, Cable Facade - Yellow Concrete
appliedenergistics2:facade:0, Cable Facade - Yellow Concrete
appliedenergistics2:facade:0, Cable Facade - Yellow Concrete
appliedenergistics2:facade:0, Cable Facade - Yellow Concrete
appliedenergistics2:facade:0, Cable Facade - Yellow Concrete
appliedenergistics2:facade:0, Cable Facade - Yellow Concrete
appliedenergistics2:facade:0, Cable Facade - Yellow Concrete
appliedenergistics2:facade:0, Cable Facade - Yellow Concrete
appliedenergistics2:facade:0, Cable Facade - Yellow Concrete
appliedenergistics2:facade:0, Cable Facade - Yellow Concrete
appliedenergistics2:facade:0, Cable Facade - Yellow Concrete
appliedenergistics2:facade:0, Cable Facade - Yellow Concrete
appliedenergistics2:facade:0, Cable Facade - Yellow Concrete
appliedenergistics2:facade:0, Cable Facade - Yellow Concrete
appliedenergistics2:facade:0, Cable Facade - Yellow Concrete
appliedenergistics2:facade:0, Cable Facade - Yellow Concrete
appliedenergistics2:facade:0, Cable Facade - Yellow Concrete
appliedenergistics2:facade:0, Cable Facade - Yellow Concrete
appliedenergistics2:facade:0, Cable Facade - Yellow Concrete
appliedenergistics2:facade:0, Cable Facade - Yellow Concrete
appliedenergistics2:facade:0, Cable Facade - Yellow Concrete
appliedenergistics2:facade:0, Cable Facade - Yellow Concrete
appliedenergistics2:facade:0, Cable Facade - Yellow Concrete
appliedenergistics2:facade:0, Cable Facade - Yellow Concrete
appliedenergistics2:facade:0, Cable Facade - Yellow Concrete
appliedenergistics2:facade:0, Cable Facade - Yellow Concrete
appliedenergistics2:facade:0, Cable Facade - Yellow Concrete
appliedenergistics2:facade:0, Cable Facade - Yellow Concrete
appliedenergistics2:facade:0, Cable Facade - Light Blue Concrete
appliedenergistics2:facade:0, Cable Facade - Light Blue Concrete
appliedenergistics2:facade:0, Cable Facade - Light Blue Concrete
appliedenergistics2:facade:0, Cable Facade - Light Blue Concrete
appliedenergistics2:facade:0, Cable Facade - Light Blue Concrete
appliedenergistics2:facade:0, Cable Facade - Light Blue Concrete
appliedenergistics2:facade:0, Cable Facade - Light Blue Concrete
appliedenergistics2:facade:0, Cable Facade - Light Blue Concrete
appliedenergistics2:facade:0, Cable Facade - Light Blue Concrete
appliedenergistics2:facade:0, Cable Facade - Light Blue Concrete
appliedenergistics2:facade:0, Cable Facade - Light Blue Concrete
appliedenergistics2:facade:0, Cable Facade - Light Blue Concrete
appliedenergistics2:facade:0, Cable Facade - Light Blue Concrete
appliedenergistics2:facade:0, Cable Facade - Light Blue Concrete
appliedenergistics2:facade:0, Cable Facade - Light Blue Concrete
appliedenergistics2:facade:0, Cable Facade - Light Blue Concrete
appliedenergistics2:facade:0, Cable Facade - Light Blue Concrete
appliedenergistics2:facade:0, Cable Facade - Light Blue Concrete
appliedenergistics2:facade:0, Cable Facade - Light Blue Concrete
appliedenergistics2:facade:0, Cable Facade - Light Blue Concrete
appliedenergistics2:facade:0, Cable Facade - Light Blue Concrete
appliedenergistics2:facade:0, Cable Facade - Light Blue Concrete
appliedenergistics2:facade:0, Cable Facade - Light Blue Concrete
appliedenergistics2:facade:0, Cable Facade - Light Blue Concrete
appliedenergistics2:facade:0, Cable Facade - Light Blue Concrete
appliedenergistics2:facade:0, Cable Facade - Light Blue Concrete
appliedenergistics2:facade:0, Cable Facade - Light Blue Concrete
appliedenergistics2:facade:0, Cable Facade - Light Blue Concrete
appliedenergistics2:facade:0, Cable Facade - Light Blue Concrete
appliedenergistics2:facade:0, Cable Facade - Light Blue Concrete
appliedenergistics2:facade:0, Cable Facade - Light Blue Concrete
appliedenergistics2:facade:0, Cable Facade - Light Blue Concrete
appliedenergistics2:facade:0, Cable Facade - Light Blue Concrete
appliedenergistics2:facade:0, Cable Facade - Magenta Concrete
appliedenergistics2:facade:0, Cable Facade - Magenta Concrete
appliedenergistics2:facade:0, Cable Facade - Magenta Concrete
appliedenergistics2:facade:0, Cable Facade - Magenta Concrete
appliedenergistics2:facade:0, Cable Facade - Magenta Concrete
appliedenergistics2:facade:0, Cable Facade - Magenta Concrete
appliedenergistics2:facade:0, Cable Facade - Magenta Concrete
appliedenergistics2:facade:0, Cable Facade - Magenta Concrete
appliedenergistics2:facade:0, Cable Facade - Magenta Concrete
appliedenergistics2:facade:0, Cable Facade - Magenta Concrete
appliedenergistics2:facade:0, Cable Facade - Magenta Concrete
appliedenergistics2:facade:0, Cable Facade - Magenta Concrete
appliedenergistics2:facade:0, Cable Facade - Magenta Concrete
appliedenergistics2:facade:0, Cable Facade - Magenta Concrete
appliedenergistics2:facade:0, Cable Facade - Magenta Concrete
appliedenergistics2:facade:0, Cable Facade - Magenta Concrete
appliedenergistics2:facade:0, Cable Facade - Magenta Concrete
appliedenergistics2:facade:0, Cable Facade - Magenta Concrete
appliedenergistics2:facade:0, Cable Facade - Magenta Concrete
appliedenergistics2:facade:0, Cable Facade - Magenta Concrete
appliedenergistics2:facade:0, Cable Facade - Magenta Concrete
appliedenergistics2:facade:0, Cable Facade - Magenta Concrete
appliedenergistics2:facade:0, Cable Facade - Magenta Concrete
appliedenergistics2:facade:0, Cable Facade - Magenta Concrete
appliedenergistics2:facade:0, Cable Facade - Magenta Concrete
appliedenergistics2:facade:0, Cable Facade - Magenta Concrete
appliedenergistics2:facade:0, Cable Facade - Magenta Concrete
appliedenergistics2:facade:0, Cable Facade - Magenta Concrete
appliedenergistics2:facade:0, Cable Facade - Magenta Concrete
appliedenergistics2:facade:0, Cable Facade - Magenta Concrete
appliedenergistics2:facade:0, Cable Facade - Magenta Concrete
appliedenergistics2:facade:0, Cable Facade - Magenta Concrete
appliedenergistics2:facade:0, Cable Facade - Magenta Concrete
appliedenergistics2:facade:0, Cable Facade - Orange Concrete
appliedenergistics2:facade:0, Cable Facade - Orange Concrete
appliedenergistics2:facade:0, Cable Facade - Orange Concrete
appliedenergistics2:facade:0, Cable Facade - Orange Concrete
appliedenergistics2:facade:0, Cable Facade - Orange Concrete
appliedenergistics2:facade:0, Cable Facade - Orange Concrete
appliedenergistics2:facade:0, Cable Facade - Orange Concrete
appliedenergistics2:facade:0, Cable Facade - Orange Concrete
appliedenergistics2:facade:0, Cable Facade - Orange Concrete
appliedenergistics2:facade:0, Cable Facade - Orange Concrete
appliedenergistics2:facade:0, Cable Facade - Orange Concrete
appliedenergistics2:facade:0, Cable Facade - Orange Concrete
appliedenergistics2:facade:0, Cable Facade - Orange Concrete
appliedenergistics2:facade:0, Cable Facade - Orange Concrete
appliedenergistics2:facade:0, Cable Facade - Orange Concrete
appliedenergistics2:facade:0, Cable Facade - Orange Concrete
appliedenergistics2:facade:0, Cable Facade - Orange Concrete
appliedenergistics2:facade:0, Cable Facade - Orange Concrete
appliedenergistics2:facade:0, Cable Facade - Orange Concrete
appliedenergistics2:facade:0, Cable Facade - Orange Concrete
appliedenergistics2:facade:0, Cable Facade - Orange Concrete
appliedenergistics2:facade:0, Cable Facade - Orange Concrete
appliedenergistics2:facade:0, Cable Facade - Orange Concrete
appliedenergistics2:facade:0, Cable Facade - Orange Concrete
appliedenergistics2:facade:0, Cable Facade - Orange Concrete
appliedenergistics2:facade:0, Cable Facade - Orange Concrete
appliedenergistics2:facade:0, Cable Facade - Orange Concrete
appliedenergistics2:facade:0, Cable Facade - Orange Concrete
appliedenergistics2:facade:0, Cable Facade - Orange Concrete
appliedenergistics2:facade:0, Cable Facade - Orange Concrete
appliedenergistics2:facade:0, Cable Facade - Orange Concrete
appliedenergistics2:facade:0, Cable Facade - Orange Concrete
appliedenergistics2:facade:0, Cable Facade - Orange Concrete
appliedenergistics2:facade:0, Cable Facade - White Concrete
appliedenergistics2:facade:0, Cable Facade - White Concrete
appliedenergistics2:facade:0, Cable Facade - White Concrete
appliedenergistics2:facade:0, Cable Facade - White Concrete
appliedenergistics2:facade:0, Cable Facade - White Concrete
appliedenergistics2:facade:0, Cable Facade - White Concrete
appliedenergistics2:facade:0, Cable Facade - White Concrete
appliedenergistics2:facade:0, Cable Facade - White Concrete
appliedenergistics2:facade:0, Cable Facade - White Concrete
appliedenergistics2:facade:0, Cable Facade - White Concrete
appliedenergistics2:facade:0, Cable Facade - White Concrete
appliedenergistics2:facade:0, Cable Facade - White Concrete
appliedenergistics2:facade:0, Cable Facade - White Concrete
appliedenergistics2:facade:0, Cable Facade - White Concrete
appliedenergistics2:facade:0, Cable Facade - White Concrete
appliedenergistics2:facade:0, Cable Facade - White Concrete
appliedenergistics2:facade:0, Cable Facade - White Concrete
appliedenergistics2:facade:0, Cable Facade - White Concrete
appliedenergistics2:facade:0, Cable Facade - White Concrete
appliedenergistics2:facade:0, Cable Facade - White Concrete
appliedenergistics2:facade:0, Cable Facade - White Concrete
appliedenergistics2:facade:0, Cable Facade - White Concrete
appliedenergistics2:facade:0, Cable Facade - White Concrete
appliedenergistics2:facade:0, Cable Facade - White Concrete
appliedenergistics2:facade:0, Cable Facade - White Concrete
appliedenergistics2:facade:0, Cable Facade - White Concrete
appliedenergistics2:facade:0, Cable Facade - White Concrete
appliedenergistics2:facade:0, Cable Facade - White Concrete
appliedenergistics2:facade:0, Cable Facade - White Concrete
appliedenergistics2:facade:0, Cable Facade - White Concrete
appliedenergistics2:facade:0, Cable Facade - White Concrete
appliedenergistics2:facade:0, Cable Facade - White Concrete
appliedenergistics2:facade:0, Cable Facade - White Concrete
appliedenergistics2:facade:0, Cable Facade - Block of Copper
appliedenergistics2:facade:0, Cable Facade - Block of Copper
appliedenergistics2:facade:0, Cable Facade - Block of Copper
appliedenergistics2:facade:0, Cable Facade - Block of Copper
appliedenergistics2:facade:0, Cable Facade - Block of Copper
appliedenergistics2:facade:0, Cable Facade - Block of Copper
appliedenergistics2:facade:0, Cable Facade - Block of Copper
appliedenergistics2:facade:0, Cable Facade - Block of Diamond
appliedenergistics2:facade:0, Cable Facade - Block of Diamond
appliedenergistics2:facade:0, Cable Facade - Block of Diamond
appliedenergistics2:facade:0, Cable Facade - Block of Diamond
appliedenergistics2:facade:0, Cable Facade - Block of Diamond
appliedenergistics2:facade:0, Cable Facade - Block of Diamond
appliedenergistics2:facade:0, Cable Facade - Block of Diamond
appliedenergistics2:facade:0, Cable Facade - Block of Diamond
appliedenergistics2:facade:0, Cable Facade - Block of Diamond
appliedenergistics2:facade:0, Cable Facade - Block of Diamond
appliedenergistics2:facade:0, Cable Facade - Block of Diamond
appliedenergistics2:facade:0, Cable Facade - Block of Diamond
appliedenergistics2:facade:0, Cable Facade - Diorite
appliedenergistics2:facade:0, Cable Facade - Diorite
appliedenergistics2:facade:0, Cable Facade - Diorite
appliedenergistics2:facade:0, Cable Facade - Diorite
appliedenergistics2:facade:0, Cable Facade - Diorite
appliedenergistics2:facade:0, Cable Facade - Diorite
appliedenergistics2:facade:0, Cable Facade - Diorite
appliedenergistics2:facade:0, Cable Facade - Diorite
appliedenergistics2:facade:0, Cable Facade - Diorite
appliedenergistics2:facade:0, Cable Facade - Diorite
appliedenergistics2:facade:0, Cable Facade - Diorite
appliedenergistics2:facade:0, Cable Facade - Diorite
appliedenergistics2:facade:0, Cable Facade - Diorite
appliedenergistics2:facade:0, Cable Facade - Diorite
appliedenergistics2:facade:0, Cable Facade - Diorite
appliedenergistics2:facade:0, Cable Facade - Diorite
appliedenergistics2:facade:0, Cable Facade - Diorite
appliedenergistics2:facade:0, Cable Facade - Diorite
appliedenergistics2:facade:0, Cable Facade - Diorite
appliedenergistics2:facade:0, Cable Facade - Diorite
appliedenergistics2:facade:0, Cable Facade - Diorite
appliedenergistics2:facade:0, Cable Facade - Diorite
appliedenergistics2:facade:0, Cable Facade - Diorite
appliedenergistics2:facade:0, Cable Facade - Diorite
appliedenergistics2:facade:0, Cable Facade - Diorite
appliedenergistics2:facade:0, Cable Facade - Diorite
appliedenergistics2:facade:0, Cable Facade - Diorite
appliedenergistics2:facade:0, Cable Facade - Diorite
appliedenergistics2:facade:0, Cable Facade - Diorite
appliedenergistics2:facade:0, Cable Facade - Diorite
appliedenergistics2:facade:0, Cable Facade - Diorite
appliedenergistics2:facade:0, Cable Facade - Diorite
appliedenergistics2:facade:0, Cable Facade - Diorite
appliedenergistics2:facade:0, Cable Facade - Dirt
appliedenergistics2:facade:0, Cable Facade - Dirt
appliedenergistics2:facade:0, Cable Facade - Dirt
appliedenergistics2:facade:0, Cable Facade - Dirt
appliedenergistics2:facade:0, Cable Facade - Dirt
appliedenergistics2:facade:0, Cable Facade - Dirt
appliedenergistics2:facade:0, Cable Facade - Dirt
appliedenergistics2:facade:0, Cable Facade - Dirt
appliedenergistics2:facade:0, Cable Facade - Dirt
appliedenergistics2:facade:0, Cable Facade - Dirt
appliedenergistics2:facade:0, Cable Facade - Dirt
appliedenergistics2:facade:0, Cable Facade - Dirt
appliedenergistics2:facade:0, Cable Facade - Dirt
appliedenergistics2:facade:0, Cable Facade - Dirt
appliedenergistics2:facade:0, Cable Facade - Dirt
appliedenergistics2:facade:0, Cable Facade - Dirt
appliedenergistics2:facade:0, Cable Facade - Block of Electrum
appliedenergistics2:facade:0, Cable Facade - Block of Electrum
appliedenergistics2:facade:0, Cable Facade - Block of Electrum
appliedenergistics2:facade:0, Cable Facade - Block of Electrum
appliedenergistics2:facade:0, Cable Facade - Block of Electrum
appliedenergistics2:facade:0, Cable Facade - Block of Electrum
appliedenergistics2:facade:0, Cable Facade - Block of Electrum
appliedenergistics2:facade:0, Cable Facade - Block of Emerald
appliedenergistics2:facade:0, Cable Facade - Block of Emerald
appliedenergistics2:facade:0, Cable Facade - Block of Emerald
appliedenergistics2:facade:0, Cable Facade - Block of Emerald
appliedenergistics2:facade:0, Cable Facade - Block of Emerald
appliedenergistics2:facade:0, Cable Facade - Block of Emerald
appliedenergistics2:facade:0, Cable Facade - Block of Emerald
appliedenergistics2:facade:0, Cable Facade - Block of Emerald
appliedenergistics2:facade:0, Cable Facade - Block of Emerald
appliedenergistics2:facade:0, Cable Facade - Block of Emerald
appliedenergistics2:facade:0, Cable Facade - Block of Emerald
appliedenergistics2:facade:0, Cable Facade - Block of Emerald
appliedenergistics2:facade:0, Cable Facade - Block of Emerald
appliedenergistics2:facade:0, Cable Facade - Block of Emerald
appliedenergistics2:facade:0, Cable Facade - Purpur Block
appliedenergistics2:facade:0, Cable Facade - Purpur Block
appliedenergistics2:facade:0, Cable Facade - Purpur Block
appliedenergistics2:facade:0, Cable Facade - Purpur Block
appliedenergistics2:facade:0, Cable Facade - Purpur Block
appliedenergistics2:facade:0, Cable Facade - Purpur Block
appliedenergistics2:facade:0, Cable Facade - Purpur Block
appliedenergistics2:facade:0, Cable Facade - Purpur Block
appliedenergistics2:facade:0, Cable Facade - Purpur Block
appliedenergistics2:facade:0, Cable Facade - Purpur Block
appliedenergistics2:facade:0, Cable Facade - Purpur Block
appliedenergistics2:facade:0, Cable Facade - Purpur Block
appliedenergistics2:facade:0, Cable Facade - Purpur Block
appliedenergistics2:facade:0, Cable Facade - Purpur Block
appliedenergistics2:facade:0, Cable Facade - Purpur Block
appliedenergistics2:facade:0, Cable Facade - Purpur Block
appliedenergistics2:facade:0, Cable Facade - Purpur Block
appliedenergistics2:facade:0, Cable Facade - Purpur Block
appliedenergistics2:facade:0, Cable Facade - Purpur Block
appliedenergistics2:facade:0, Cable Facade - Purpur Block
appliedenergistics2:facade:0, Cable Facade - Purpur Block
appliedenergistics2:facade:0, Cable Facade - Purpur Block
appliedenergistics2:facade:0, Cable Facade - Purpur Block
appliedenergistics2:facade:0, Cable Facade - Purpur Block
appliedenergistics2:facade:0, Cable Facade - Purpur Block
appliedenergistics2:facade:0, Cable Facade - Purpur Block
appliedenergistics2:facade:0, Cable Facade - Purpur Block
appliedenergistics2:facade:0, Cable Facade - Purpur Block
appliedenergistics2:facade:0, Cable Facade - Purpur Block
appliedenergistics2:facade:0, Cable Facade - Purpur Block
appliedenergistics2:facade:0, Cable Facade - Purpur Block
appliedenergistics2:facade:0, Cable Facade - Endstone
appliedenergistics2:facade:0, Cable Facade - Endstone
appliedenergistics2:facade:0, Cable Facade - Endstone
appliedenergistics2:facade:0, Cable Facade - Endstone
appliedenergistics2:facade:0, Cable Facade - Endstone
appliedenergistics2:facade:0, Cable Facade - Endstone
appliedenergistics2:facade:0, Cable Facade - Endstone
appliedenergistics2:facade:0, Cable Facade - Endstone
appliedenergistics2:facade:0, Cable Facade - Endstone
appliedenergistics2:facade:0, Cable Facade - Endstone
appliedenergistics2:facade:0, Cable Facade - Endstone
appliedenergistics2:facade:0, Cable Facade - Endstone
appliedenergistics2:facade:0, Cable Facade - Endstone
appliedenergistics2:facade:0, Cable Facade - Endstone
appliedenergistics2:facade:0, Cable Facade - Endstone
appliedenergistics2:facade:0, Cable Facade - Endstone
appliedenergistics2:facade:0, Cable Facade - Endstone
appliedenergistics2:facade:0, Cable Facade - Endstone
appliedenergistics2:facade:0, Cable Facade - Endstone
appliedenergistics2:facade:0, Cable Facade - Endstone
appliedenergistics2:facade:0, Cable Facade - Endstone
appliedenergistics2:facade:0, Cable Facade - Endstone
appliedenergistics2:facade:0, Cable Facade - Endstone
appliedenergistics2:facade:0, Cable Facade - Endstone
appliedenergistics2:facade:0, Cable Facade - Endstone
appliedenergistics2:facade:0, Cable Facade - Endstone
appliedenergistics2:facade:0, Cable Facade - Endstone
appliedenergistics2:facade:0, Cable Facade - Endstone
appliedenergistics2:facade:0, Cable Facade - Endstone
appliedenergistics2:facade:0, Cable Facade - Endstone
appliedenergistics2:facade:0, Cable Facade - Endstone
appliedenergistics2:facade:0, Cable Facade - Endstone
appliedenergistics2:facade:0, Cable Facade - Endstone
appliedenergistics2:facade:0, Cable Facade - Factory Block
appliedenergistics2:facade:0, Cable Facade - Factory Block
appliedenergistics2:facade:0, Cable Facade - Factory Block
appliedenergistics2:facade:0, Cable Facade - Factory Block
appliedenergistics2:facade:0, Cable Facade - Factory Block
appliedenergistics2:facade:0, Cable Facade - Factory Block
appliedenergistics2:facade:0, Cable Facade - Factory Block
appliedenergistics2:facade:0, Cable Facade - Factory Block
appliedenergistics2:facade:0, Cable Facade - Factory Block
appliedenergistics2:facade:0, Cable Facade - Factory Block
appliedenergistics2:facade:0, Cable Facade - Factory Block
appliedenergistics2:facade:0, Cable Facade - Factory Block
appliedenergistics2:facade:0, Cable Facade - Factory Block
appliedenergistics2:facade:0, Cable Facade - Factory Block
appliedenergistics2:facade:0, Cable Facade - Factory Block
appliedenergistics2:facade:0, Cable Facade - Factory Block
appliedenergistics2:facade:0, Cable Facade - Factory Block
appliedenergistics2:facade:0, Cable Facade - Factory Block
appliedenergistics2:facade:0, Cable Facade - Factory Block
appliedenergistics2:facade:0, Cable Facade - Factory Block
appliedenergistics2:facade:0, Cable Facade - Factory Block
appliedenergistics2:facade:0, Cable Facade - Futura Block
appliedenergistics2:facade:0, Cable Facade - Futura Block
appliedenergistics2:facade:0, Cable Facade - Futura Block
appliedenergistics2:facade:0, Cable Facade - Futura Block
appliedenergistics2:facade:0, Cable Facade - Futura Block
appliedenergistics2:facade:0, Cable Facade - Futura Block
appliedenergistics2:facade:0, Cable Facade - Glowstone
appliedenergistics2:facade:0, Cable Facade - Glowstone
appliedenergistics2:facade:0, Cable Facade - Glowstone
appliedenergistics2:facade:0, Cable Facade - Glowstone
appliedenergistics2:facade:0, Cable Facade - Glowstone
appliedenergistics2:facade:0, Cable Facade - Glowstone
appliedenergistics2:facade:0, Cable Facade - Glowstone
appliedenergistics2:facade:0, Cable Facade - Glowstone
appliedenergistics2:facade:0, Cable Facade - Glowstone
appliedenergistics2:facade:0, Cable Facade - Glowstone
appliedenergistics2:facade:0, Cable Facade - Glowstone
appliedenergistics2:facade:0, Cable Facade - Glowstone
appliedenergistics2:facade:0, Cable Facade - Glowstone
appliedenergistics2:facade:0, Cable Facade - Glowstone
appliedenergistics2:facade:0, Cable Facade - Glowstone
appliedenergistics2:facade:0, Cable Facade - Glowstone
appliedenergistics2:facade:0, Cable Facade - Glowstone
appliedenergistics2:facade:0, Cable Facade - Glowstone
appliedenergistics2:facade:0, Cable Facade - Glowstone
appliedenergistics2:facade:0, Cable Facade - Glowstone
appliedenergistics2:facade:0, Cable Facade - Glowstone
appliedenergistics2:facade:0, Cable Facade - Glowstone
appliedenergistics2:facade:0, Cable Facade - Glowstone
appliedenergistics2:facade:0, Cable Facade - Glowstone
appliedenergistics2:facade:0, Cable Facade - Glowstone
appliedenergistics2:facade:0, Cable Facade - Glowstone
appliedenergistics2:facade:0, Cable Facade - Glowstone
appliedenergistics2:facade:0, Cable Facade - Glowstone
appliedenergistics2:facade:0, Cable Facade - Glowstone
appliedenergistics2:facade:0, Cable Facade - Glowstone
appliedenergistics2:facade:0, Cable Facade - Glowstone
appliedenergistics2:facade:0, Cable Facade - Glowstone
appliedenergistics2:facade:0, Cable Facade - Glowstone
appliedenergistics2:facade:0, Cable Facade - Block of Gold
appliedenergistics2:facade:0, Cable Facade - Block of Gold
appliedenergistics2:facade:0, Cable Facade - Block of Gold
appliedenergistics2:facade:0, Cable Facade - Block of Gold
appliedenergistics2:facade:0, Cable Facade - Block of Gold
appliedenergistics2:facade:0, Cable Facade - Block of Gold
appliedenergistics2:facade:0, Cable Facade - Block of Gold
appliedenergistics2:facade:0, Cable Facade - Block of Gold
appliedenergistics2:facade:0, Cable Facade - Block of Gold
appliedenergistics2:facade:0, Cable Facade - Block of Gold
appliedenergistics2:facade:0, Cable Facade - Block of Gold
appliedenergistics2:facade:0, Cable Facade - Block of Gold
appliedenergistics2:facade:0, Cable Facade - Block of Gold
appliedenergistics2:facade:0, Cable Facade - Block of Gold
appliedenergistics2:facade:0, Cable Facade - Block of Gold
appliedenergistics2:facade:0, Cable Facade - Block of Gold
appliedenergistics2:facade:0, Cable Facade - Block of Gold
appliedenergistics2:facade:0, Cable Facade - Block of Gold
appliedenergistics2:facade:0, Cable Facade - Block of Gold
appliedenergistics2:facade:0, Cable Facade - Block of Gold
appliedenergistics2:facade:0, Cable Facade - Block of Gold
appliedenergistics2:facade:0, Cable Facade - Granite
appliedenergistics2:facade:0, Cable Facade - Granite
appliedenergistics2:facade:0, Cable Facade - Granite
appliedenergistics2:facade:0, Cable Facade - Granite
appliedenergistics2:facade:0, Cable Facade - Granite
appliedenergistics2:facade:0, Cable Facade - Granite
appliedenergistics2:facade:0, Cable Facade - Granite
appliedenergistics2:facade:0, Cable Facade - Granite
appliedenergistics2:facade:0, Cable Facade - Granite
appliedenergistics2:facade:0, Cable Facade - Granite
appliedenergistics2:facade:0, Cable Facade - Granite
appliedenergistics2:facade:0, Cable Facade - Granite
appliedenergistics2:facade:0, Cable Facade - Granite
appliedenergistics2:facade:0, Cable Facade - Granite
appliedenergistics2:facade:0, Cable Facade - Granite
appliedenergistics2:facade:0, Cable Facade - Granite
appliedenergistics2:facade:0, Cable Facade - Granite
appliedenergistics2:facade:0, Cable Facade - Granite
appliedenergistics2:facade:0, Cable Facade - Granite
appliedenergistics2:facade:0, Cable Facade - Granite
appliedenergistics2:facade:0, Cable Facade - Granite
appliedenergistics2:facade:0, Cable Facade - Granite
appliedenergistics2:facade:0, Cable Facade - Granite
appliedenergistics2:facade:0, Cable Facade - Granite
appliedenergistics2:facade:0, Cable Facade - Granite
appliedenergistics2:facade:0, Cable Facade - Granite
appliedenergistics2:facade:0, Cable Facade - Granite
appliedenergistics2:facade:0, Cable Facade - Granite
appliedenergistics2:facade:0, Cable Facade - Granite
appliedenergistics2:facade:0, Cable Facade - Granite
appliedenergistics2:facade:0, Cable Facade - Granite
appliedenergistics2:facade:0, Cable Facade - Granite
appliedenergistics2:facade:0, Cable Facade - Granite
appliedenergistics2:facade:0, Cable Facade - Terracotta
appliedenergistics2:facade:0, Cable Facade - Terracotta
appliedenergistics2:facade:0, Cable Facade - Terracotta
appliedenergistics2:facade:0, Cable Facade - Terracotta
appliedenergistics2:facade:0, Cable Facade - Terracotta
appliedenergistics2:facade:0, Cable Facade - Terracotta
appliedenergistics2:facade:0, Cable Facade - Terracotta
appliedenergistics2:facade:0, Cable Facade - Terracotta
appliedenergistics2:facade:0, Cable Facade - Terracotta
appliedenergistics2:facade:0, Cable Facade - Terracotta
appliedenergistics2:facade:0, Cable Facade - Terracotta
appliedenergistics2:facade:0, Cable Facade - Terracotta
appliedenergistics2:facade:0, Cable Facade - Terracotta
appliedenergistics2:facade:0, Cable Facade - Terracotta
appliedenergistics2:facade:0, Cable Facade - Terracotta
appliedenergistics2:facade:0, Cable Facade - Terracotta
appliedenergistics2:facade:0, Cable Facade - Terracotta
appliedenergistics2:facade:0, Cable Facade - Terracotta
appliedenergistics2:facade:0, Cable Facade - Terracotta
appliedenergistics2:facade:0, Cable Facade - Terracotta
appliedenergistics2:facade:0, Cable Facade - Terracotta
appliedenergistics2:facade:0, Cable Facade - Terracotta
appliedenergistics2:facade:0, Cable Facade - Terracotta
appliedenergistics2:facade:0, Cable Facade - Terracotta
appliedenergistics2:facade:0, Cable Facade - Terracotta
appliedenergistics2:facade:0, Cable Facade - Terracotta
appliedenergistics2:facade:0, Cable Facade - Terracotta
appliedenergistics2:facade:0, Cable Facade - Terracotta
appliedenergistics2:facade:0, Cable Facade - Terracotta
appliedenergistics2:facade:0, Cable Facade - Terracotta
appliedenergistics2:facade:0, Cable Facade - Terracotta
appliedenergistics2:facade:0, Cable Facade - Terracotta
appliedenergistics2:facade:0, Cable Facade - Terracotta
appliedenergistics2:facade:0, Cable Facade - Block of Invar
appliedenergistics2:facade:0, Cable Facade - Block of Invar
appliedenergistics2:facade:0, Cable Facade - Block of Invar
appliedenergistics2:facade:0, Cable Facade - Block of Invar
appliedenergistics2:facade:0, Cable Facade - Block of Invar
appliedenergistics2:facade:0, Cable Facade - Block of Invar
appliedenergistics2:facade:0, Cable Facade - Block of Invar
appliedenergistics2:facade:0, Cable Facade - Block of Iron
appliedenergistics2:facade:0, Cable Facade - Block of Iron
appliedenergistics2:facade:0, Cable Facade - Block of Iron
appliedenergistics2:facade:0, Cable Facade - Block of Iron
appliedenergistics2:facade:0, Cable Facade - Block of Iron
appliedenergistics2:facade:0, Cable Facade - Block of Iron
appliedenergistics2:facade:0, Cable Facade - Block of Iron
appliedenergistics2:facade:0, Cable Facade - Block of Iron
appliedenergistics2:facade:0, Cable Facade - Block of Iron
appliedenergistics2:facade:0, Cable Facade - Block of Iron
appliedenergistics2:facade:0, Cable Facade - Block of Iron
appliedenergistics2:facade:0, Cable Facade - Block of Iron
appliedenergistics2:facade:0, Cable Facade - Block of Iron
appliedenergistics2:facade:0, Cable Facade - Block of Iron
appliedenergistics2:facade:0, Cable Facade - Block of Iron
appliedenergistics2:facade:0, Cable Facade - Block of Iron
appliedenergistics2:facade:0, Cable Facade - Block of Iron
appliedenergistics2:facade:0, Cable Facade - Block of Iron
appliedenergistics2:facade:0, Cable Facade - Block of Iron
appliedenergistics2:facade:0, Cable Facade - Block of Iron
appliedenergistics2:facade:0, Cable Facade - Block of Iron
appliedenergistics2:facade:0, Cable Facade - Block of Iron
appliedenergistics2:facade:0, Cable Facade - Laboratory Block
appliedenergistics2:facade:0, Cable Facade - Laboratory Block
appliedenergistics2:facade:0, Cable Facade - Laboratory Block
appliedenergistics2:facade:0, Cable Facade - Laboratory Block
appliedenergistics2:facade:0, Cable Facade - Laboratory Block
appliedenergistics2:facade:0, Cable Facade - Laboratory Block
appliedenergistics2:facade:0, Cable Facade - Laboratory Block
appliedenergistics2:facade:0, Cable Facade - Laboratory Block
appliedenergistics2:facade:0, Cable Facade - Laboratory Block
appliedenergistics2:facade:0, Cable Facade - Laboratory Block
appliedenergistics2:facade:0, Cable Facade - Laboratory Block
appliedenergistics2:facade:0, Cable Facade - Laboratory Block
appliedenergistics2:facade:0, Cable Facade - Laboratory Block
appliedenergistics2:facade:0, Cable Facade - Laboratory Block
appliedenergistics2:facade:0, Cable Facade - Laboratory Block
appliedenergistics2:facade:0, Cable Facade - Laboratory Block
appliedenergistics2:facade:0, Cable Facade - Lapis Lazuli Block
appliedenergistics2:facade:0, Cable Facade - Lapis Lazuli Block
appliedenergistics2:facade:0, Cable Facade - Lapis Lazuli Block
appliedenergistics2:facade:0, Cable Facade - Lapis Lazuli Block
appliedenergistics2:facade:0, Cable Facade - Lapis Lazuli Block
appliedenergistics2:facade:0, Cable Facade - Lapis Lazuli Block
appliedenergistics2:facade:0, Cable Facade - Lapis Lazuli Block
appliedenergistics2:facade:0, Cable Facade - Lapis Lazuli Block
appliedenergistics2:facade:0, Cable Facade - Lapis Lazuli Block
appliedenergistics2:facade:0, Cable Facade - Lavastone
appliedenergistics2:facade:0, Cable Facade - Lavastone
appliedenergistics2:facade:0, Cable Facade - Lavastone
appliedenergistics2:facade:0, Cable Facade - Lavastone
appliedenergistics2:facade:0, Cable Facade - Lavastone
appliedenergistics2:facade:0, Cable Facade - Lavastone
appliedenergistics2:facade:0, Cable Facade - Lavastone
appliedenergistics2:facade:0, Cable Facade - Lavastone
appliedenergistics2:facade:0, Cable Facade - Lavastone
appliedenergistics2:facade:0, Cable Facade - Lavastone
appliedenergistics2:facade:0, Cable Facade - Lavastone
appliedenergistics2:facade:0, Cable Facade - Lavastone
appliedenergistics2:facade:0, Cable Facade - Lavastone
appliedenergistics2:facade:0, Cable Facade - Lavastone
appliedenergistics2:facade:0, Cable Facade - Lavastone
appliedenergistics2:facade:0, Cable Facade - Lavastone
appliedenergistics2:facade:0, Cable Facade - Lavastone
appliedenergistics2:facade:0, Cable Facade - Lavastone
appliedenergistics2:facade:0, Cable Facade - Lavastone
appliedenergistics2:facade:0, Cable Facade - Lavastone
appliedenergistics2:facade:0, Cable Facade - Lavastone
appliedenergistics2:facade:0, Cable Facade - Lavastone
appliedenergistics2:facade:0, Cable Facade - Lavastone
appliedenergistics2:facade:0, Cable Facade - Lavastone
appliedenergistics2:facade:0, Cable Facade - Lavastone
appliedenergistics2:facade:0, Cable Facade - Lavastone
appliedenergistics2:facade:0, Cable Facade - Lavastone
appliedenergistics2:facade:0, Cable Facade - Lavastone
appliedenergistics2:facade:0, Cable Facade - Lavastone
appliedenergistics2:facade:0, Cable Facade - Lavastone
appliedenergistics2:facade:0, Cable Facade - Lavastone
appliedenergistics2:facade:0, Cable Facade - Lavastone
appliedenergistics2:facade:0, Cable Facade - Lavastone
appliedenergistics2:facade:0, Cable Facade - Block of Lead
appliedenergistics2:facade:0, Cable Facade - Block of Lead
appliedenergistics2:facade:0, Cable Facade - Block of Lead
appliedenergistics2:facade:0, Cable Facade - Block of Lead
appliedenergistics2:facade:0, Cable Facade - Block of Lead
appliedenergistics2:facade:0, Cable Facade - Block of Lead
appliedenergistics2:facade:0, Cable Facade - Block of Lead
appliedenergistics2:facade:0, Cable Facade - Limestone
appliedenergistics2:facade:0, Cable Facade - Limestone
appliedenergistics2:facade:0, Cable Facade - Limestone
appliedenergistics2:facade:0, Cable Facade - Limestone
appliedenergistics2:facade:0, Cable Facade - Limestone
appliedenergistics2:facade:0, Cable Facade - Limestone
appliedenergistics2:facade:0, Cable Facade - Limestone
appliedenergistics2:facade:0, Cable Facade - Limestone
appliedenergistics2:facade:0, Cable Facade - Limestone
appliedenergistics2:facade:0, Cable Facade - Limestone
appliedenergistics2:facade:0, Cable Facade - Limestone
appliedenergistics2:facade:0, Cable Facade - Limestone
appliedenergistics2:facade:0, Cable Facade - Limestone
appliedenergistics2:facade:0, Cable Facade - Limestone
appliedenergistics2:facade:0, Cable Facade - Limestone
appliedenergistics2:facade:0, Cable Facade - Limestone
appliedenergistics2:facade:0, Cable Facade - Limestone
appliedenergistics2:facade:0, Cable Facade - Limestone
appliedenergistics2:facade:0, Cable Facade - Limestone
appliedenergistics2:facade:0, Cable Facade - Limestone
appliedenergistics2:facade:0, Cable Facade - Limestone
appliedenergistics2:facade:0, Cable Facade - Limestone
appliedenergistics2:facade:0, Cable Facade - Limestone
appliedenergistics2:facade:0, Cable Facade - Limestone
appliedenergistics2:facade:0, Cable Facade - Limestone
appliedenergistics2:facade:0, Cable Facade - Limestone
appliedenergistics2:facade:0, Cable Facade - Limestone
appliedenergistics2:facade:0, Cable Facade - Limestone
appliedenergistics2:facade:0, Cable Facade - Limestone
appliedenergistics2:facade:0, Cable Facade - Limestone
appliedenergistics2:facade:0, Cable Facade - Limestone
appliedenergistics2:facade:0, Cable Facade - Limestone
appliedenergistics2:facade:0, Cable Facade - Limestone
appliedenergistics2:facade:0, Cable Facade - Limestone
appliedenergistics2:facade:0, Cable Facade - Marble
appliedenergistics2:facade:0, Cable Facade - Marble
appliedenergistics2:facade:0, Cable Facade - Marble
appliedenergistics2:facade:0, Cable Facade - Marble
appliedenergistics2:facade:0, Cable Facade - Marble
appliedenergistics2:facade:0, Cable Facade - Marble
appliedenergistics2:facade:0, Cable Facade - Marble
appliedenergistics2:facade:0, Cable Facade - Marble
appliedenergistics2:facade:0, Cable Facade - Marble
appliedenergistics2:facade:0, Cable Facade - Marble
appliedenergistics2:facade:0, Cable Facade - Marble
appliedenergistics2:facade:0, Cable Facade - Marble
appliedenergistics2:facade:0, Cable Facade - Marble
appliedenergistics2:facade:0, Cable Facade - Marble
appliedenergistics2:facade:0, Cable Facade - Marble
appliedenergistics2:facade:0, Cable Facade - Marble
appliedenergistics2:facade:0, Cable Facade - Marble
appliedenergistics2:facade:0, Cable Facade - Marble
appliedenergistics2:facade:0, Cable Facade - Marble
appliedenergistics2:facade:0, Cable Facade - Marble
appliedenergistics2:facade:0, Cable Facade - Marble
appliedenergistics2:facade:0, Cable Facade - Marble
appliedenergistics2:facade:0, Cable Facade - Marble
appliedenergistics2:facade:0, Cable Facade - Marble
appliedenergistics2:facade:0, Cable Facade - Marble
appliedenergistics2:facade:0, Cable Facade - Marble
appliedenergistics2:facade:0, Cable Facade - Marble
appliedenergistics2:facade:0, Cable Facade - Marble
appliedenergistics2:facade:0, Cable Facade - Marble
appliedenergistics2:facade:0, Cable Facade - Marble
appliedenergistics2:facade:0, Cable Facade - Marble
appliedenergistics2:facade:0, Cable Facade - Marble
appliedenergistics2:facade:0, Cable Facade - Marble
appliedenergistics2:facade:0, Cable Facade - Marble
appliedenergistics2:facade:0, Cable Facade - Marble Pillar
appliedenergistics2:facade:0, Cable Facade - Marble Pillar
appliedenergistics2:facade:0, Cable Facade - Marble Pillar
appliedenergistics2:facade:0, Cable Facade - Marble Pillar
appliedenergistics2:facade:0, Cable Facade - Marble Pillar
appliedenergistics2:facade:0, Cable Facade - Marble Pillar
appliedenergistics2:facade:0, Cable Facade - Marble Pillar
appliedenergistics2:facade:0, Cable Facade - Marble Pillar
appliedenergistics2:facade:0, Cable Facade - Marble Pillar
appliedenergistics2:facade:0, Cable Facade - Marble Pillar
appliedenergistics2:facade:0, Cable Facade - Marble Pillar
appliedenergistics2:facade:0, Cable Facade - Marble Pillar
appliedenergistics2:facade:0, Cable Facade - Marble Pillar
appliedenergistics2:facade:0, Cable Facade - Marble Pillar
appliedenergistics2:facade:0, Cable Facade - Marble Pillar
appliedenergistics2:facade:0, Cable Facade - Marble Pillar
appliedenergistics2:facade:0, Cable Facade - Nether Brick
appliedenergistics2:facade:0, Cable Facade - Nether Brick
appliedenergistics2:facade:0, Cable Facade - Nether Brick
appliedenergistics2:facade:0, Cable Facade - Nether Brick
appliedenergistics2:facade:0, Cable Facade - Nether Brick
appliedenergistics2:facade:0, Cable Facade - Nether Brick
appliedenergistics2:facade:0, Cable Facade - Nether Brick
appliedenergistics2:facade:0, Cable Facade - Nether Brick
appliedenergistics2:facade:0, Cable Facade - Nether Brick
appliedenergistics2:facade:0, Cable Facade - Nether Brick
appliedenergistics2:facade:0, Cable Facade - Nether Brick
appliedenergistics2:facade:0, Cable Facade - Nether Brick
appliedenergistics2:facade:0, Cable Facade - Nether Brick
appliedenergistics2:facade:0, Cable Facade - Nether Brick
appliedenergistics2:facade:0, Cable Facade - Nether Brick
appliedenergistics2:facade:0, Cable Facade - Nether Brick
appliedenergistics2:facade:0, Cable Facade - Netherrack
appliedenergistics2:facade:0, Cable Facade - Netherrack
appliedenergistics2:facade:0, Cable Facade - Netherrack
appliedenergistics2:facade:0, Cable Facade - Netherrack
appliedenergistics2:facade:0, Cable Facade - Netherrack
appliedenergistics2:facade:0, Cable Facade - Netherrack
appliedenergistics2:facade:0, Cable Facade - Netherrack
appliedenergistics2:facade:0, Cable Facade - Netherrack
appliedenergistics2:facade:0, Cable Facade - Netherrack
appliedenergistics2:facade:0, Cable Facade - Netherrack
appliedenergistics2:facade:0, Cable Facade - Netherrack
appliedenergistics2:facade:0, Cable Facade - Netherrack
appliedenergistics2:facade:0, Cable Facade - Netherrack
appliedenergistics2:facade:0, Cable Facade - Netherrack
appliedenergistics2:facade:0, Cable Facade - Block of Nickel
appliedenergistics2:facade:0, Cable Facade - Block of Nickel
appliedenergistics2:facade:0, Cable Facade - Block of Nickel
appliedenergistics2:facade:0, Cable Facade - Block of Nickel
appliedenergistics2:facade:0, Cable Facade - Block of Nickel
appliedenergistics2:facade:0, Cable Facade - Block of Nickel
appliedenergistics2:facade:0, Cable Facade - Block of Nickel
appliedenergistics2:facade:0, Cable Facade - Obsidian
appliedenergistics2:facade:0, Cable Facade - Obsidian
appliedenergistics2:facade:0, Cable Facade - Obsidian
appliedenergistics2:facade:0, Cable Facade - Obsidian
appliedenergistics2:facade:0, Cable Facade - Obsidian
appliedenergistics2:facade:0, Cable Facade - Obsidian
appliedenergistics2:facade:0, Cable Facade - Obsidian
appliedenergistics2:facade:0, Cable Facade - Obsidian
appliedenergistics2:facade:0, Cable Facade - Obsidian
appliedenergistics2:facade:0, Cable Facade - Obsidian
appliedenergistics2:facade:0, Cable Facade - Obsidian
appliedenergistics2:facade:0, Cable Facade - Obsidian
appliedenergistics2:facade:0, Cable Facade - Obsidian
appliedenergistics2:facade:0, Cable Facade - Obsidian
appliedenergistics2:facade:0, Cable Facade - Obsidian
appliedenergistics2:facade:0, Cable Facade - Paper Wall
appliedenergistics2:facade:0, Cable Facade - Paper Wall
appliedenergistics2:facade:0, Cable Facade - Paper Wall
appliedenergistics2:facade:0, Cable Facade - Paper Wall
appliedenergistics2:facade:0, Cable Facade - Paper Wall
appliedenergistics2:facade:0, Cable Facade - Paper Wall
appliedenergistics2:facade:0, Cable Facade - Paper Wall
appliedenergistics2:facade:0, Cable Facade - Paper Wall
appliedenergistics2:facade:0, Cable Facade - Paper Wall
appliedenergistics2:facade:0, Cable Facade - Oak Wood Planks
appliedenergistics2:facade:0, Cable Facade - Oak Wood Planks
appliedenergistics2:facade:0, Cable Facade - Oak Wood Planks
appliedenergistics2:facade:0, Cable Facade - Oak Wood Planks
appliedenergistics2:facade:0, Cable Facade - Oak Wood Planks
appliedenergistics2:facade:0, Cable Facade - Oak Wood Planks
appliedenergistics2:facade:0, Cable Facade - Oak Wood Planks
appliedenergistics2:facade:0, Cable Facade - Oak Wood Planks
appliedenergistics2:facade:0, Cable Facade - Oak Wood Planks
appliedenergistics2:facade:0, Cable Facade - Oak Wood Planks
appliedenergistics2:facade:0, Cable Facade - Oak Wood Planks
appliedenergistics2:facade:0, Cable Facade - Oak Wood Planks
appliedenergistics2:facade:0, Cable Facade - Oak Wood Planks
appliedenergistics2:facade:0, Cable Facade - Oak Wood Planks
appliedenergistics2:facade:0, Cable Facade - Oak Wood Planks
appliedenergistics2:facade:0, Cable Facade - Spruce Wood Planks
appliedenergistics2:facade:0, Cable Facade - Spruce Wood Planks
appliedenergistics2:facade:0, Cable Facade - Spruce Wood Planks
appliedenergistics2:facade:0, Cable Facade - Spruce Wood Planks
appliedenergistics2:facade:0, Cable Facade - Spruce Wood Planks
appliedenergistics2:facade:0, Cable Facade - Spruce Wood Planks
appliedenergistics2:facade:0, Cable Facade - Spruce Wood Planks
appliedenergistics2:facade:0, Cable Facade - Spruce Wood Planks
appliedenergistics2:facade:0, Cable Facade - Spruce Wood Planks
appliedenergistics2:facade:0, Cable Facade - Spruce Wood Planks
appliedenergistics2:facade:0, Cable Facade - Spruce Wood Planks
appliedenergistics2:facade:0, Cable Facade - Spruce Wood Planks
appliedenergistics2:facade:0, Cable Facade - Spruce Wood Planks
appliedenergistics2:facade:0, Cable Facade - Spruce Wood Planks
appliedenergistics2:facade:0, Cable Facade - Spruce Wood Planks
appliedenergistics2:facade:0, Cable Facade - Birch Wood Planks
appliedenergistics2:facade:0, Cable Facade - Birch Wood Planks
appliedenergistics2:facade:0, Cable Facade - Birch Wood Planks
appliedenergistics2:facade:0, Cable Facade - Birch Wood Planks
appliedenergistics2:facade:0, Cable Facade - Birch Wood Planks
appliedenergistics2:facade:0, Cable Facade - Birch Wood Planks
appliedenergistics2:facade:0, Cable Facade - Birch Wood Planks
appliedenergistics2:facade:0, Cable Facade - Birch Wood Planks
appliedenergistics2:facade:0, Cable Facade - Birch Wood Planks
appliedenergistics2:facade:0, Cable Facade - Birch Wood Planks
appliedenergistics2:facade:0, Cable Facade - Birch Wood Planks
appliedenergistics2:facade:0, Cable Facade - Birch Wood Planks
appliedenergistics2:facade:0, Cable Facade - Birch Wood Planks
appliedenergistics2:facade:0, Cable Facade - Birch Wood Planks
appliedenergistics2:facade:0, Cable Facade - Birch Wood Planks
appliedenergistics2:facade:0, Cable Facade - Jungle Wood Planks
appliedenergistics2:facade:0, Cable Facade - Jungle Wood Planks
appliedenergistics2:facade:0, Cable Facade - Jungle Wood Planks
appliedenergistics2:facade:0, Cable Facade - Jungle Wood Planks
appliedenergistics2:facade:0, Cable Facade - Jungle Wood Planks
appliedenergistics2:facade:0, Cable Facade - Jungle Wood Planks
appliedenergistics2:facade:0, Cable Facade - Jungle Wood Planks
appliedenergistics2:facade:0, Cable Facade - Jungle Wood Planks
appliedenergistics2:facade:0, Cable Facade - Jungle Wood Planks
appliedenergistics2:facade:0, Cable Facade - Jungle Wood Planks
appliedenergistics2:facade:0, Cable Facade - Jungle Wood Planks
appliedenergistics2:facade:0, Cable Facade - Jungle Wood Planks
appliedenergistics2:facade:0, Cable Facade - Jungle Wood Planks
appliedenergistics2:facade:0, Cable Facade - Jungle Wood Planks
appliedenergistics2:facade:0, Cable Facade - Jungle Wood Planks
appliedenergistics2:facade:0, Cable Facade - Acacia Wood Planks
appliedenergistics2:facade:0, Cable Facade - Acacia Wood Planks
appliedenergistics2:facade:0, Cable Facade - Acacia Wood Planks
appliedenergistics2:facade:0, Cable Facade - Acacia Wood Planks
appliedenergistics2:facade:0, Cable Facade - Acacia Wood Planks
appliedenergistics2:facade:0, Cable Facade - Acacia Wood Planks
appliedenergistics2:facade:0, Cable Facade - Acacia Wood Planks
appliedenergistics2:facade:0, Cable Facade - Acacia Wood Planks
appliedenergistics2:facade:0, Cable Facade - Acacia Wood Planks
appliedenergistics2:facade:0, Cable Facade - Acacia Wood Planks
appliedenergistics2:facade:0, Cable Facade - Acacia Wood Planks
appliedenergistics2:facade:0, Cable Facade - Acacia Wood Planks
appliedenergistics2:facade:0, Cable Facade - Acacia Wood Planks
appliedenergistics2:facade:0, Cable Facade - Acacia Wood Planks
appliedenergistics2:facade:0, Cable Facade - Acacia Wood Planks
appliedenergistics2:facade:0, Cable Facade - Dark Oak Wood Planks
appliedenergistics2:facade:0, Cable Facade - Dark Oak Wood Planks
appliedenergistics2:facade:0, Cable Facade - Dark Oak Wood Planks
appliedenergistics2:facade:0, Cable Facade - Dark Oak Wood Planks
appliedenergistics2:facade:0, Cable Facade - Dark Oak Wood Planks
appliedenergistics2:facade:0, Cable Facade - Dark Oak Wood Planks
appliedenergistics2:facade:0, Cable Facade - Dark Oak Wood Planks
appliedenergistics2:facade:0, Cable Facade - Dark Oak Wood Planks
appliedenergistics2:facade:0, Cable Facade - Dark Oak Wood Planks
appliedenergistics2:facade:0, Cable Facade - Dark Oak Wood Planks
appliedenergistics2:facade:0, Cable Facade - Dark Oak Wood Planks
appliedenergistics2:facade:0, Cable Facade - Dark Oak Wood Planks
appliedenergistics2:facade:0, Cable Facade - Dark Oak Wood Planks
appliedenergistics2:facade:0, Cable Facade - Dark Oak Wood Planks
appliedenergistics2:facade:0, Cable Facade - Dark Oak Wood Planks
appliedenergistics2:facade:0, Cable Facade - Block of Platinum
appliedenergistics2:facade:0, Cable Facade - Block of Platinum
appliedenergistics2:facade:0, Cable Facade - Block of Platinum
appliedenergistics2:facade:0, Cable Facade - Block of Platinum
appliedenergistics2:facade:0, Cable Facade - Block of Platinum
appliedenergistics2:facade:0, Cable Facade - Block of Platinum
appliedenergistics2:facade:0, Cable Facade - Block of Platinum
appliedenergistics2:facade:0, Cable Facade - Prismarine
appliedenergistics2:facade:0, Cable Facade - Prismarine
appliedenergistics2:facade:0, Cable Facade - Prismarine
appliedenergistics2:facade:0, Cable Facade - Prismarine
appliedenergistics2:facade:0, Cable Facade - Prismarine
appliedenergistics2:facade:0, Cable Facade - Prismarine
appliedenergistics2:facade:0, Cable Facade - Prismarine
appliedenergistics2:facade:0, Cable Facade - Prismarine
appliedenergistics2:facade:0, Cable Facade - Prismarine
appliedenergistics2:facade:0, Cable Facade - Prismarine
appliedenergistics2:facade:0, Cable Facade - Prismarine
appliedenergistics2:facade:0, Cable Facade - Prismarine
appliedenergistics2:facade:0, Cable Facade - Prismarine
appliedenergistics2:facade:0, Cable Facade - Prismarine
appliedenergistics2:facade:0, Cable Facade - Prismarine
appliedenergistics2:facade:0, Cable Facade - Prismarine
appliedenergistics2:facade:0, Cable Facade - Prismarine
appliedenergistics2:facade:0, Cable Facade - Prismarine
appliedenergistics2:facade:0, Cable Facade - Prismarine
appliedenergistics2:facade:0, Cable Facade - Prismarine
appliedenergistics2:facade:0, Cable Facade - Prismarine
appliedenergistics2:facade:0, Cable Facade - Prismarine
appliedenergistics2:facade:0, Cable Facade - Prismarine
appliedenergistics2:facade:0, Cable Facade - Prismarine
appliedenergistics2:facade:0, Cable Facade - Prismarine
appliedenergistics2:facade:0, Cable Facade - Prismarine
appliedenergistics2:facade:0, Cable Facade - Prismarine
appliedenergistics2:facade:0, Cable Facade - Prismarine
appliedenergistics2:facade:0, Cable Facade - Prismarine
appliedenergistics2:facade:0, Cable Facade - Prismarine
appliedenergistics2:facade:0, Cable Facade - Prismarine
appliedenergistics2:facade:0, Cable Facade - Prismarine
appliedenergistics2:facade:0, Cable Facade - Block of Quartz
appliedenergistics2:facade:0, Cable Facade - Block of Quartz
appliedenergistics2:facade:0, Cable Facade - Block of Quartz
appliedenergistics2:facade:0, Cable Facade - Block of Quartz
appliedenergistics2:facade:0, Cable Facade - Block of Quartz
appliedenergistics2:facade:0, Cable Facade - Block of Quartz
appliedenergistics2:facade:0, Cable Facade - Block of Quartz
appliedenergistics2:facade:0, Cable Facade - Block of Quartz
appliedenergistics2:facade:0, Cable Facade - Block of Quartz
appliedenergistics2:facade:0, Cable Facade - Block of Quartz
appliedenergistics2:facade:0, Cable Facade - Block of Quartz
appliedenergistics2:facade:0, Cable Facade - Block of Quartz
appliedenergistics2:facade:0, Cable Facade - Block of Quartz
appliedenergistics2:facade:0, Cable Facade - Block of Quartz
appliedenergistics2:facade:0, Cable Facade - Block of Quartz
appliedenergistics2:facade:0, Cable Facade - Block of Quartz
appliedenergistics2:facade:0, Cable Facade - Block of Quartz
appliedenergistics2:facade:0, Cable Facade - Block of Quartz
appliedenergistics2:facade:0, Cable Facade - Block of Quartz
appliedenergistics2:facade:0, Cable Facade - Block of Quartz
appliedenergistics2:facade:0, Cable Facade - Block of Quartz
appliedenergistics2:facade:0, Cable Facade - Block of Quartz
appliedenergistics2:facade:0, Cable Facade - Block of Quartz
appliedenergistics2:facade:0, Cable Facade - Block of Quartz
appliedenergistics2:facade:0, Cable Facade - Block of Quartz
appliedenergistics2:facade:0, Cable Facade - Block of Quartz
appliedenergistics2:facade:0, Cable Facade - Block of Quartz
appliedenergistics2:facade:0, Cable Facade - Block of Quartz
appliedenergistics2:facade:0, Cable Facade - Block of Quartz
appliedenergistics2:facade:0, Cable Facade - Block of Quartz
appliedenergistics2:facade:0, Cable Facade - Block of Quartz
appliedenergistics2:facade:0, Cable Facade - Block of Quartz
appliedenergistics2:facade:0, Cable Facade - Block of Redstone
appliedenergistics2:facade:0, Cable Facade - Block of Redstone
appliedenergistics2:facade:0, Cable Facade - Block of Redstone
appliedenergistics2:facade:0, Cable Facade - Block of Redstone
appliedenergistics2:facade:0, Cable Facade - Block of Redstone
appliedenergistics2:facade:0, Cable Facade - Block of Redstone
appliedenergistics2:facade:0, Cable Facade - Block of Redstone
appliedenergistics2:facade:0, Cable Facade - Block of Redstone
appliedenergistics2:facade:0, Cable Facade - Block of Redstone
appliedenergistics2:facade:0, Cable Facade - Block of Redstone
appliedenergistics2:facade:0, Cable Facade - Block of Redstone
appliedenergistics2:facade:0, Cable Facade - Block of Redstone
appliedenergistics2:facade:0, Cable Facade - Block of Redstone
appliedenergistics2:facade:0, Cable Facade - Block of Redstone
appliedenergistics2:facade:0, Cable Facade - Block of Redstone
appliedenergistics2:facade:0, Cable Facade - Block of Redstone
appliedenergistics2:facade:0, Cable Facade - Block of Redstone
appliedenergistics2:facade:0, Cable Facade - Block of Redstone
appliedenergistics2:facade:0, Cable Facade - Block of Redstone
appliedenergistics2:facade:0, Cable Facade - Block of Redstone
appliedenergistics2:facade:0, Cable Facade - Block of Redstone
appliedenergistics2:facade:0, Cable Facade - Block of Redstone
appliedenergistics2:facade:0, Cable Facade - Block of Redstone
appliedenergistics2:facade:0, Cable Facade - Block of Redstone
appliedenergistics2:facade:0, Cable Facade - Block of Redstone
appliedenergistics2:facade:0, Cable Facade - Block of Redstone
appliedenergistics2:facade:0, Cable Facade - Block of Redstone
appliedenergistics2:facade:0, Cable Facade - Block of Redstone
appliedenergistics2:facade:0, Cable Facade - Sandstone
appliedenergistics2:facade:0, Cable Facade - Sandstone
appliedenergistics2:facade:0, Cable Facade - Sandstone
appliedenergistics2:facade:0, Cable Facade - Sandstone
appliedenergistics2:facade:0, Cable Facade - Sandstone
appliedenergistics2:facade:0, Cable Facade - Sandstone
appliedenergistics2:facade:0, Cable Facade - Sandstone
appliedenergistics2:facade:0, Cable Facade - Sandstone
appliedenergistics2:facade:0, Cable Facade - Sandstone
appliedenergistics2:facade:0, Cable Facade - Sandstone
appliedenergistics2:facade:0, Cable Facade - Sandstone
appliedenergistics2:facade:0, Cable Facade - Sandstone
appliedenergistics2:facade:0, Cable Facade - Sandstone
appliedenergistics2:facade:0, Cable Facade - Sandstone
appliedenergistics2:facade:0, Cable Facade - Sandstone
appliedenergistics2:facade:0, Cable Facade - Sandstone
appliedenergistics2:facade:0, Cable Facade - Sandstone
appliedenergistics2:facade:0, Cable Facade - Sandstone
appliedenergistics2:facade:0, Cable Facade - Sandstone
appliedenergistics2:facade:0, Cable Facade - Sandstone
appliedenergistics2:facade:0, Cable Facade - Sandstone
appliedenergistics2:facade:0, Cable Facade - Sandstone
appliedenergistics2:facade:0, Cable Facade - Sandstone
appliedenergistics2:facade:0, Cable Facade - Sandstone
appliedenergistics2:facade:0, Cable Facade - Sandstone
appliedenergistics2:facade:0, Cable Facade - Sandstone
appliedenergistics2:facade:0, Cable Facade - Sandstone
appliedenergistics2:facade:0, Cable Facade - Sandstone
appliedenergistics2:facade:0, Cable Facade - Sandstone
appliedenergistics2:facade:0, Cable Facade - Sandstone
appliedenergistics2:facade:0, Cable Facade - Sandstone
appliedenergistics2:facade:0, Cable Facade - Sandstone
appliedenergistics2:facade:0, Cable Facade - Sandstone
appliedenergistics2:facade:0, Cable Facade - Sandstone
appliedenergistics2:facade:0, Cable Facade - Red Sandstone
appliedenergistics2:facade:0, Cable Facade - Red Sandstone
appliedenergistics2:facade:0, Cable Facade - Red Sandstone
appliedenergistics2:facade:0, Cable Facade - Red Sandstone
appliedenergistics2:facade:0, Cable Facade - Red Sandstone
appliedenergistics2:facade:0, Cable Facade - Red Sandstone
appliedenergistics2:facade:0, Cable Facade - Red Sandstone
appliedenergistics2:facade:0, Cable Facade - Red Sandstone
appliedenergistics2:facade:0, Cable Facade - Red Sandstone
appliedenergistics2:facade:0, Cable Facade - Red Sandstone
appliedenergistics2:facade:0, Cable Facade - Red Sandstone
appliedenergistics2:facade:0, Cable Facade - Red Sandstone
appliedenergistics2:facade:0, Cable Facade - Red Sandstone
appliedenergistics2:facade:0, Cable Facade - Red Sandstone
appliedenergistics2:facade:0, Cable Facade - Red Sandstone
appliedenergistics2:facade:0, Cable Facade - Red Sandstone
appliedenergistics2:facade:0, Cable Facade - Red Sandstone
appliedenergistics2:facade:0, Cable Facade - Red Sandstone
appliedenergistics2:facade:0, Cable Facade - Red Sandstone
appliedenergistics2:facade:0, Cable Facade - Red Sandstone
appliedenergistics2:facade:0, Cable Facade - Red Sandstone
appliedenergistics2:facade:0, Cable Facade - Red Sandstone
appliedenergistics2:facade:0, Cable Facade - Red Sandstone
appliedenergistics2:facade:0, Cable Facade - Red Sandstone
appliedenergistics2:facade:0, Cable Facade - Red Sandstone
appliedenergistics2:facade:0, Cable Facade - Red Sandstone
appliedenergistics2:facade:0, Cable Facade - Red Sandstone
appliedenergistics2:facade:0, Cable Facade - Red Sandstone
appliedenergistics2:facade:0, Cable Facade - Red Sandstone
appliedenergistics2:facade:0, Cable Facade - Red Sandstone
appliedenergistics2:facade:0, Cable Facade - Red Sandstone
appliedenergistics2:facade:0, Cable Facade - Red Sandstone
appliedenergistics2:facade:0, Cable Facade - Red Sandstone
appliedenergistics2:facade:0, Cable Facade - Red Sandstone
appliedenergistics2:facade:0, Cable Facade - Sandstone Scribbles
appliedenergistics2:facade:0, Cable Facade - Sandstone Scribbles
appliedenergistics2:facade:0, Cable Facade - Sandstone Scribbles
appliedenergistics2:facade:0, Cable Facade - Sandstone Scribbles
appliedenergistics2:facade:0, Cable Facade - Sandstone Scribbles
appliedenergistics2:facade:0, Cable Facade - Sandstone Scribbles
appliedenergistics2:facade:0, Cable Facade - Sandstone Scribbles
appliedenergistics2:facade:0, Cable Facade - Sandstone Scribbles
appliedenergistics2:facade:0, Cable Facade - Sandstone Scribbles
appliedenergistics2:facade:0, Cable Facade - Sandstone Scribbles
appliedenergistics2:facade:0, Cable Facade - Sandstone Scribbles
appliedenergistics2:facade:0, Cable Facade - Sandstone Scribbles
appliedenergistics2:facade:0, Cable Facade - Sandstone Scribbles
appliedenergistics2:facade:0, Cable Facade - Sandstone Scribbles
appliedenergistics2:facade:0, Cable Facade - Sandstone Scribbles
appliedenergistics2:facade:0, Cable Facade - Sandstone Scribbles
appliedenergistics2:facade:0, Cable Facade - Red Sandstone Scribbles
appliedenergistics2:facade:0, Cable Facade - Red Sandstone Scribbles
appliedenergistics2:facade:0, Cable Facade - Red Sandstone Scribbles
appliedenergistics2:facade:0, Cable Facade - Red Sandstone Scribbles
appliedenergistics2:facade:0, Cable Facade - Red Sandstone Scribbles
appliedenergistics2:facade:0, Cable Facade - Red Sandstone Scribbles
appliedenergistics2:facade:0, Cable Facade - Red Sandstone Scribbles
appliedenergistics2:facade:0, Cable Facade - Red Sandstone Scribbles
appliedenergistics2:facade:0, Cable Facade - Red Sandstone Scribbles
appliedenergistics2:facade:0, Cable Facade - Red Sandstone Scribbles
appliedenergistics2:facade:0, Cable Facade - Red Sandstone Scribbles
appliedenergistics2:facade:0, Cable Facade - Red Sandstone Scribbles
appliedenergistics2:facade:0, Cable Facade - Red Sandstone Scribbles
appliedenergistics2:facade:0, Cable Facade - Red Sandstone Scribbles
appliedenergistics2:facade:0, Cable Facade - Red Sandstone Scribbles
appliedenergistics2:facade:0, Cable Facade - Red Sandstone Scribbles
appliedenergistics2:facade:0, Cable Facade - Block of Silver
appliedenergistics2:facade:0, Cable Facade - Block of Silver
appliedenergistics2:facade:0, Cable Facade - Block of Silver
appliedenergistics2:facade:0, Cable Facade - Block of Silver
appliedenergistics2:facade:0, Cable Facade - Block of Silver
appliedenergistics2:facade:0, Cable Facade - Block of Silver
appliedenergistics2:facade:0, Cable Facade - Block of Silver
appliedenergistics2:facade:0, Cable Facade - Block of Steel
appliedenergistics2:facade:0, Cable Facade - Block of Steel
appliedenergistics2:facade:0, Cable Facade - Block of Steel
appliedenergistics2:facade:0, Cable Facade - Block of Steel
appliedenergistics2:facade:0, Cable Facade - Block of Steel
appliedenergistics2:facade:0, Cable Facade - Block of Steel
appliedenergistics2:facade:0, Cable Facade - Block of Steel
appliedenergistics2:facade:0, Cable Facade - Chiseled Stone
appliedenergistics2:facade:0, Cable Facade - Chiseled Stone
appliedenergistics2:facade:0, Cable Facade - Chiseled Stone
appliedenergistics2:facade:0, Cable Facade - Chiseled Stone
appliedenergistics2:facade:0, Cable Facade - Chiseled Stone
appliedenergistics2:facade:0, Cable Facade - Chiseled Stone
appliedenergistics2:facade:0, Cable Facade - Chiseled Stone
appliedenergistics2:facade:0, Cable Facade - Chiseled Stone
appliedenergistics2:facade:0, Cable Facade - Chiseled Stone
appliedenergistics2:facade:0, Cable Facade - Chiseled Stone
appliedenergistics2:facade:0, Cable Facade - Chiseled Stone
appliedenergistics2:facade:0, Cable Facade - Chiseled Stone
appliedenergistics2:facade:0, Cable Facade - Chiseled Stone
appliedenergistics2:facade:0, Cable Facade - Chiseled Stone
appliedenergistics2:facade:0, Cable Facade - Chiseled Stone
appliedenergistics2:facade:0, Cable Facade - Chiseled Stone
appliedenergistics2:facade:0, Cable Facade - Chiseled Stone
appliedenergistics2:facade:0, Cable Facade - Chiseled Stone
appliedenergistics2:facade:0, Cable Facade - Chiseled Stone
appliedenergistics2:facade:0, Cable Facade - Chiseled Stone
appliedenergistics2:facade:0, Cable Facade - Chiseled Stone
appliedenergistics2:facade:0, Cable Facade - Chiseled Stone
appliedenergistics2:facade:0, Cable Facade - Chiseled Stone
appliedenergistics2:facade:0, Cable Facade - Chiseled Stone
appliedenergistics2:facade:0, Cable Facade - Chiseled Stone
appliedenergistics2:facade:0, Cable Facade - Chiseled Stone
appliedenergistics2:facade:0, Cable Facade - Chiseled Stone
appliedenergistics2:facade:0, Cable Facade - Chiseled Stone
appliedenergistics2:facade:0, Cable Facade - Chiseled Stone
appliedenergistics2:facade:0, Cable Facade - Chiseled Stone
appliedenergistics2:facade:0, Cable Facade - Chiseled Stone
appliedenergistics2:facade:0, Cable Facade - Chiseled Stone
appliedenergistics2:facade:0, Cable Facade - Chiseled Stone
appliedenergistics2:facade:0, Cable Facade - Chiseled Stone
appliedenergistics2:facade:0, Cable Facade - Chiseled Stone
appliedenergistics2:facade:0, Cable Facade - Chiseled Stone
appliedenergistics2:facade:0, Cable Facade - Factory Block
appliedenergistics2:facade:0, Cable Facade - Factory Block
appliedenergistics2:facade:0, Cable Facade - Factory Block
appliedenergistics2:facade:0, Cable Facade - Factory Block
appliedenergistics2:facade:0, Cable Facade - Factory Block
appliedenergistics2:facade:0, Cable Facade - Factory Block
appliedenergistics2:facade:0, Cable Facade - Factory Block
appliedenergistics2:facade:0, Cable Facade - Factory Block
appliedenergistics2:facade:0, Cable Facade - Factory Block
appliedenergistics2:facade:0, Cable Facade - Factory Block
appliedenergistics2:facade:0, Cable Facade - Factory Block
appliedenergistics2:facade:0, Cable Facade - Factory Block
appliedenergistics2:facade:0, Cable Facade - Factory Block
appliedenergistics2:facade:0, Cable Facade - Factory Block
appliedenergistics2:facade:0, Cable Facade - Factory Block
appliedenergistics2:facade:0, Cable Facade - Factory Block
appliedenergistics2:facade:0, Cable Facade - Factory Block
appliedenergistics2:facade:0, Cable Facade - Factory Block
appliedenergistics2:facade:0, Cable Facade - Factory Block
appliedenergistics2:facade:0, Cable Facade - Factory Block
appliedenergistics2:facade:0, Cable Facade - Factory Block
appliedenergistics2:facade:0, Cable Facade - Factory Block
appliedenergistics2:facade:0, Cable Facade - Factory Block
appliedenergistics2:facade:0, Cable Facade - Factory Block
appliedenergistics2:facade:0, Cable Facade - Factory Block
appliedenergistics2:facade:0, Cable Facade - Temple Block
appliedenergistics2:facade:0, Cable Facade - Temple Block
appliedenergistics2:facade:0, Cable Facade - Temple Block
appliedenergistics2:facade:0, Cable Facade - Temple Block
appliedenergistics2:facade:0, Cable Facade - Temple Block
appliedenergistics2:facade:0, Cable Facade - Temple Block
appliedenergistics2:facade:0, Cable Facade - Temple Block
appliedenergistics2:facade:0, Cable Facade - Temple Block
appliedenergistics2:facade:0, Cable Facade - Temple Block
appliedenergistics2:facade:0, Cable Facade - Temple Block
appliedenergistics2:facade:0, Cable Facade - Temple Block
appliedenergistics2:facade:0, Cable Facade - Temple Block
appliedenergistics2:facade:0, Cable Facade - Temple Block
appliedenergistics2:facade:0, Cable Facade - Temple Block
appliedenergistics2:facade:0, Cable Facade - Temple Block
appliedenergistics2:facade:0, Cable Facade - Temple Block
appliedenergistics2:facade:0, Cable Facade - Mossy Temple Block
appliedenergistics2:facade:0, Cable Facade - Mossy Temple Block
appliedenergistics2:facade:0, Cable Facade - Mossy Temple Block
appliedenergistics2:facade:0, Cable Facade - Mossy Temple Block
appliedenergistics2:facade:0, Cable Facade - Mossy Temple Block
appliedenergistics2:facade:0, Cable Facade - Mossy Temple Block
appliedenergistics2:facade:0, Cable Facade - Mossy Temple Block
appliedenergistics2:facade:0, Cable Facade - Mossy Temple Block
appliedenergistics2:facade:0, Cable Facade - Mossy Temple Block
appliedenergistics2:facade:0, Cable Facade - Mossy Temple Block
appliedenergistics2:facade:0, Cable Facade - Mossy Temple Block
appliedenergistics2:facade:0, Cable Facade - Mossy Temple Block
appliedenergistics2:facade:0, Cable Facade - Mossy Temple Block
appliedenergistics2:facade:0, Cable Facade - Mossy Temple Block
appliedenergistics2:facade:0, Cable Facade - Mossy Temple Block
appliedenergistics2:facade:0, Cable Facade - Mossy Temple Block
appliedenergistics2:facade:0, Cable Facade - Block of Tin
appliedenergistics2:facade:0, Cable Facade - Block of Tin
appliedenergistics2:facade:0, Cable Facade - Block of Tin
appliedenergistics2:facade:0, Cable Facade - Block of Tin
appliedenergistics2:facade:0, Cable Facade - Block of Tin
appliedenergistics2:facade:0, Cable Facade - Block of Tin
appliedenergistics2:facade:0, Cable Facade - Block of Tin
appliedenergistics2:facade:0, Cable Facade - Tyrian
appliedenergistics2:facade:0, Cable Facade - Tyrian
appliedenergistics2:facade:0, Cable Facade - Tyrian
appliedenergistics2:facade:0, Cable Facade - Tyrian
appliedenergistics2:facade:0, Cable Facade - Tyrian
appliedenergistics2:facade:0, Cable Facade - Tyrian
appliedenergistics2:facade:0, Cable Facade - Tyrian
appliedenergistics2:facade:0, Cable Facade - Tyrian
appliedenergistics2:facade:0, Cable Facade - Tyrian
appliedenergistics2:facade:0, Cable Facade - Tyrian
appliedenergistics2:facade:0, Cable Facade - Tyrian
appliedenergistics2:facade:0, Cable Facade - Tyrian
appliedenergistics2:facade:0, Cable Facade - Tyrian
appliedenergistics2:facade:0, Cable Facade - Tyrian
appliedenergistics2:facade:0, Cable Facade - Tyrian
appliedenergistics2:facade:0, Cable Facade - Tyrian
appliedenergistics2:facade:0, Cable Facade - Block of Uranium
appliedenergistics2:facade:0, Cable Facade - Block of Uranium
appliedenergistics2:facade:0, Cable Facade - Block of Uranium
appliedenergistics2:facade:0, Cable Facade - Block of Uranium
appliedenergistics2:facade:0, Cable Facade - Block of Uranium
appliedenergistics2:facade:0, Cable Facade - Block of Uranium
appliedenergistics2:facade:0, Cable Facade - Block of Uranium
appliedenergistics2:facade:0, Cable Facade - Valentines' Block
appliedenergistics2:facade:0, Cable Facade - Valentines' Block
appliedenergistics2:facade:0, Cable Facade - Valentines' Block
appliedenergistics2:facade:0, Cable Facade - Valentines' Block
appliedenergistics2:facade:0, Cable Facade - Valentines' Block
appliedenergistics2:facade:0, Cable Facade - Valentines' Block
appliedenergistics2:facade:0, Cable Facade - Valentines' Block
appliedenergistics2:facade:0, Cable Facade - Valentines' Block
appliedenergistics2:facade:0, Cable Facade - Valentines' Block
appliedenergistics2:facade:0, Cable Facade - Valentines' Block
appliedenergistics2:facade:0, Cable Facade - Voidstone
appliedenergistics2:facade:0, Cable Facade - Voidstone
appliedenergistics2:facade:0, Cable Facade - Voidstone
appliedenergistics2:facade:0, Cable Facade - Voidstone
appliedenergistics2:facade:0, Cable Facade - Voidstone
appliedenergistics2:facade:0, Cable Facade - Voidstone
appliedenergistics2:facade:0, Cable Facade - Voidstone
appliedenergistics2:facade:0, Cable Facade - Voidstone
appliedenergistics2:facade:0, Cable Facade - Primal Voidstone
appliedenergistics2:facade:0, Cable Facade - Primal Voidstone
appliedenergistics2:facade:0, Cable Facade - Primal Voidstone
appliedenergistics2:facade:0, Cable Facade - Primal Voidstone
appliedenergistics2:facade:0, Cable Facade - Primal Voidstone
appliedenergistics2:facade:0, Cable Facade - Primal Voidstone
appliedenergistics2:facade:0, Cable Facade - Primal Voidstone
appliedenergistics2:facade:0, Cable Facade - Primal Voidstone
appliedenergistics2:facade:0, Cable Facade - Runed Voidstone
appliedenergistics2:facade:0, Cable Facade - Runed Voidstone
appliedenergistics2:facade:0, Cable Facade - Runed Voidstone
appliedenergistics2:facade:0, Cable Facade - Runed Voidstone
appliedenergistics2:facade:0, Cable Facade - Runed Voidstone
appliedenergistics2:facade:0, Cable Facade - Runed Voidstone
appliedenergistics2:facade:0, Cable Facade - Runed Voidstone
appliedenergistics2:facade:0, Cable Facade - Runed Voidstone
appliedenergistics2:facade:0, Cable Facade - Runed Voidstone
appliedenergistics2:facade:0, Cable Facade - Runed Voidstone
appliedenergistics2:facade:0, Cable Facade - Runed Voidstone
appliedenergistics2:facade:0, Cable Facade - Runed Voidstone
appliedenergistics2:facade:0, Cable Facade - Runed Voidstone
appliedenergistics2:facade:0, Cable Facade - Runed Voidstone
appliedenergistics2:facade:0, Cable Facade - Runed Voidstone
appliedenergistics2:facade:0, Cable Facade - Black Wool
appliedenergistics2:facade:0, Cable Facade - Black Wool
appliedenergistics2:facade:0, Cable Facade - Red Wool
appliedenergistics2:facade:0, Cable Facade - Red Wool
appliedenergistics2:facade:0, Cable Facade - Green Wool
appliedenergistics2:facade:0, Cable Facade - Green Wool
appliedenergistics2:facade:0, Cable Facade - Brown Wool
appliedenergistics2:facade:0, Cable Facade - Brown Wool
appliedenergistics2:facade:0, Cable Facade - Blue Wool
appliedenergistics2:facade:0, Cable Facade - Blue Wool
appliedenergistics2:facade:0, Cable Facade - Purple Wool
appliedenergistics2:facade:0, Cable Facade - Purple Wool
appliedenergistics2:facade:0, Cable Facade - Cyan Wool
appliedenergistics2:facade:0, Cable Facade - Cyan Wool
appliedenergistics2:facade:0, Cable Facade - Light Gray Wool
appliedenergistics2:facade:0, Cable Facade - Light Gray Wool
appliedenergistics2:facade:0, Cable Facade - Gray Wool
appliedenergistics2:facade:0, Cable Facade - Gray Wool
appliedenergistics2:facade:0, Cable Facade - Pink Wool
appliedenergistics2:facade:0, Cable Facade - Pink Wool
appliedenergistics2:facade:0, Cable Facade - Lime Wool
appliedenergistics2:facade:0, Cable Facade - Lime Wool
appliedenergistics2:facade:0, Cable Facade - Yellow Wool
appliedenergistics2:facade:0, Cable Facade - Yellow Wool
appliedenergistics2:facade:0, Cable Facade - Light Blue Wool
appliedenergistics2:facade:0, Cable Facade - Light Blue Wool
appliedenergistics2:facade:0, Cable Facade - Magenta Wool
appliedenergistics2:facade:0, Cable Facade - Magenta Wool
appliedenergistics2:facade:0, Cable Facade - Orange Wool
appliedenergistics2:facade:0, Cable Facade - Orange Wool
appliedenergistics2:facade:0, Cable Facade - Wool
appliedenergistics2:facade:0, Cable Facade - Wool
appliedenergistics2:facade:0, Cable Facade - Kitchen Floor
appliedenergistics2:facade:0, Cable Facade - Physical Hazard
appliedenergistics2:facade:0, Cable Facade - Housekeeping and Aisle Hazard
appliedenergistics2:facade:0, Cable Facade - Traffic and Caution Hazard
appliedenergistics2:facade:0, Cable Facade - Defective Machinery Hazard
appliedenergistics2:facade:0, Cable Facade - Fire Prevention Hazard
appliedenergistics2:facade:0, Cable Facade - Radiation Hazard
appliedenergistics2:facade:0, Cable Facade - Safety and First Aid Hazard
appliedenergistics2:facade:0, Cable Facade - Concrete
appliedenergistics2:facade:0, Cable Facade - Block of Steel
appliedenergistics2:facade:0, Cable Facade - Rail Frame
appliedenergistics2:facade:0, Cable Facade - Andesite Cobblestone
appliedenergistics2:facade:0, Cable Facade - Granite Cobblestone
appliedenergistics2:facade:0, Cable Facade - Diorite Cobblestone
appliedenergistics2:facade:0, Cable Facade - Marble Cobblestone
appliedenergistics2:facade:0, Cable Facade - Limestone Cobblestone
appliedenergistics2:facade:0, Cable Facade - Basalt Cobblestone
appliedenergistics2:facade:0, Cable Facade - Machine Frame
appliedenergistics2:facade:0, Cable Facade - Machine Base
appliedenergistics2:facade:0, Cable Facade - Dimensional Shard Ore
appliedenergistics2:facade:0, Cable Facade - Dimensional Shard Ore
appliedenergistics2:facade:0, Cable Facade - Dimensional Shard Ore
appliedenergistics2:facade:0, Cable Facade - Destination Analyzer
appliedenergistics2:facade:0, Cable Facade - Matter Booster
appliedenergistics2:facade:0, Cable Facade - Space Chamber Corner Block
appliedenergistics2:facade:0, Cable Facade - Support Block
appliedenergistics2:facade:0, Cable Facade - Shield Template
appliedenergistics2:facade:0, Cable Facade - Shield Template
appliedenergistics2:facade:0, Cable Facade - Shield Template
appliedenergistics2:facade:0, Cable Facade - Shield Template
appliedenergistics2:facade:0, Cable Facade - Dimensional Blank Block
appliedenergistics2:facade:0, Cable Facade - Dimensional Block
appliedenergistics2:facade:0, Cable Facade - Dimensional Cross 2 Block
appliedenergistics2:facade:0, Cable Facade - Dimensional Cross Block
appliedenergistics2:facade:0, Cable Facade - Dimensional Pattern 1 Block
appliedenergistics2:facade:0, Cable Facade - Dimensional Pattern 2 Block
appliedenergistics2:facade:0, Cable Facade - Dimensional Small Blocks
appliedenergistics2:facade:0, Cable Facade - Activity Probe
appliedenergistics2:facade:0, Cable Facade - levarG
appliedenergistics2:facade:0, Cable Facade - dnaS
appliedenergistics2:facade:0, Cable Facade - Redstone-Sensitive Glass Block (Light Emitting)
appliedenergistics2:facade:0, Cable Facade - Redstone-Sensitive Glass Block (White-Stained)
appliedenergistics2:facade:0, Cable Facade - Redstone-Sensitive Glass Block (Red-Stained)
appliedenergistics2:facade:0, Cable Facade - Redstone-Sensitive Glass Block (Green-Stained)
appliedenergistics2:facade:0, Cable Facade - Redstone-Sensitive Glass Block (Blue-Stained)
appliedenergistics2:facade:0, Cable Facade - Redstone-Sensitive Glass Block (Yellow-Stained)
appliedenergistics2:facade:0, Cable Facade - Redstone-Sensitive Glass Block (Orange-Stained)
appliedenergistics2:facade:0, Cable Facade - Redstone-Sensitive Glass Block (Magenta-Stained)
appliedenergistics2:facade:0, Cable Facade - Redstone-Sensitive Glass Block (Light-Blue-Stained)
appliedenergistics2:facade:0, Cable Facade - Redstone-Sensitive Glass Block (Lime-Stained)
appliedenergistics2:facade:0, Cable Facade - Redstone-Sensitive Glass Block (Pink-Stained)
appliedenergistics2:facade:0, Cable Facade - Redstone-Sensitive Glass Block (Gray-Stained)
appliedenergistics2:facade:0, Cable Facade - Redstone-Sensitive Glass Block (Light-Gray-Stained)
appliedenergistics2:facade:0, Cable Facade - Redstone-Sensitive Glass Block (Cyan-Stained)
appliedenergistics2:facade:0, Cable Facade - Redstone-Sensitive Glass Block (Purple-Stained)
appliedenergistics2:facade:0, Cable Facade - Redstone-Sensitive Glass Block (Brown-Stained)
appliedenergistics2:facade:0, Cable Facade - Redstone-Sensitive Glass Block (Black-Stained)
appliedenergistics2:facade:0, Cable Facade - Redstone-Sensitive Glass Block (Inverted, Light Emitting)
appliedenergistics2:facade:0, Cable Facade - Oak Trim
appliedenergistics2:facade:0, Cable Facade - Spruce Trim
appliedenergistics2:facade:0, Cable Facade - Birch Trim
appliedenergistics2:facade:0, Cable Facade - Jungle Trim
appliedenergistics2:facade:0, Cable Facade - Acacia Trim
appliedenergistics2:facade:0, Cable Facade - Dark Oak Trim
appliedenergistics2:facade:0, Cable Facade - Pink Cherry Leaves
appliedenergistics2:facade:0, Cable Facade - White Cherry Leaves
appliedenergistics2:facade:0, Cable Facade - Cherry Log
appliedenergistics2:facade:0, Cable Facade - Cherry Planks
appliedenergistics2:facade:0, Cable Facade - Cika Leaves
appliedenergistics2:facade:0, Cable Facade - Cika Log
appliedenergistics2:facade:0, Cable Facade - Cika Planks
appliedenergistics2:facade:0, Cable Facade - Blue Enchanted Leaves
appliedenergistics2:facade:0, Cable Facade - Pink Enchanted Leaves
appliedenergistics2:facade:0, Cable Facade - Purple Enchanted Leaves
appliedenergistics2:facade:0, Cable Facade - Blue Enchanted Log
appliedenergistics2:facade:0, Cable Facade - Blue Enchanted Planks
appliedenergistics2:facade:0, Cable Facade - Great Oak Leaves
appliedenergistics2:facade:0, Cable Facade - Great Oak Log
appliedenergistics2:facade:0, Cable Facade - Great Oak Planks
appliedenergistics2:facade:0, Cable Facade - Jacaranda Leaves
appliedenergistics2:facade:0, Cable Facade - Jacaranda Log
appliedenergistics2:facade:0, Cable Facade - Jacaranda Planks
appliedenergistics2:facade:0, Cable Facade - Mangrove Leaves
appliedenergistics2:facade:0, Cable Facade - Mangrove Log
appliedenergistics2:facade:0, Cable Facade - Mangrove Planks
appliedenergistics2:facade:0, Cable Facade - Red Maple Leaves
appliedenergistics2:facade:0, Cable Facade - Silver Maple Leaves
appliedenergistics2:facade:0, Cable Facade - Maple Log
appliedenergistics2:facade:0, Cable Facade - Maple Planks
appliedenergistics2:facade:0, Cable Facade - Frozen Oak Leaves
appliedenergistics2:facade:0, Cable Facade - Frozen Oak Log
appliedenergistics2:facade:0, Cable Facade - Frozen Oak Planks
appliedenergistics2:facade:0, Cable Facade - Dry Brown Oak Leaves
appliedenergistics2:facade:0, Cable Facade - Green Dry Oak Leaves
appliedenergistics2:facade:0, Cable Facade - Orange Oak Leaves
appliedenergistics2:facade:0, Cable Facade - Red Oak Leaves
appliedenergistics2:facade:0, Cable Facade - Orchard Leaves
appliedenergistics2:facade:0, Cable Facade - Apple Orchard Leaves
appliedenergistics2:facade:0, Cable Facade - Flowering Orchard Leaves
appliedenergistics2:facade:0, Cable Facade - Palo Verde Leaves
appliedenergistics2:facade:0, Cable Facade - Flowering Palo Verde Leaves
appliedenergistics2:facade:0, Cable Facade - Palo Verde Log
appliedenergistics2:facade:0, Cable Facade - Pine Leaves
appliedenergistics2:facade:0, Cable Facade - Pine Log
appliedenergistics2:facade:0, Cable Facade - Pine Planks
appliedenergistics2:facade:0, Cable Facade - Skyris Leaves
appliedenergistics2:facade:0, Cable Facade - Green Apple Skyris Leaves
appliedenergistics2:facade:0, Cable Facade - Skyris Log
appliedenergistics2:facade:0, Cable Facade - Skyris Planks
appliedenergistics2:facade:0, Cable Facade - Sonoran Cactus
appliedenergistics2:facade:0, Cable Facade - Flowering Sonoran Cactus
appliedenergistics2:facade:0, Cable Facade - Blue Spruce Leaves
appliedenergistics2:facade:0, Cable Facade - Orange Spruce Leaves
appliedenergistics2:facade:0, Cable Facade - Red Spruce Leaves
appliedenergistics2:facade:0, Cable Facade - Yellow Spruce Leaves
appliedenergistics2:facade:0, Cable Facade - Pink Stellata Leaves
appliedenergistics2:facade:0, Cable Facade - Stellata Leaves White
appliedenergistics2:facade:0, Cable Facade - Willow Leaves
appliedenergistics2:facade:0, Cable Facade - Willow Log
appliedenergistics2:facade:0, Cable Facade - Willow Planks
appliedenergistics2:facade:0, Cable Facade - Yellow Birch Leaves
appliedenergistics2:facade:0, Cable Facade - Zelkova Leaves
appliedenergistics2:facade:0, Cable Facade - Zelkova Log
appliedenergistics2:facade:0, Cable Facade - Zelkova Planks
appliedenergistics2:facade:0, Cable Facade - Blue Glowshroom Block
appliedenergistics2:facade:0, Cable Facade - Purple Glowshroom Block
appliedenergistics2:facade:0, Cable Facade - Yellow Glowshroom Stem
appliedenergistics2:facade:0, Cable Facade - Meadow Grass Block
appliedenergistics2:facade:0, Cable Facade - Meadow Dirt Block
appliedenergistics2:facade:0, Cable Facade - Pasture Grass Block
appliedenergistics2:facade:0, Cable Facade - Pasture Dirt Block
appliedenergistics2:facade:0, Cable Facade - Peat Grass Block
appliedenergistics2:facade:0, Cable Facade - Peat Dirt Block
appliedenergistics2:facade:0, Cable Facade - Mud Bricks
appliedenergistics2:facade:0, Cable Facade - White Sand
appliedenergistics2:facade:0, Cable Facade - Blue Glowcane Block
appliedenergistics2:facade:0, Cable Facade - Red Glowcane Block
appliedenergistics2:facade:0, Cable Facade - Glowcelium
appliedenergistics2:facade:0, Cable Facade - Redwood Leaves
appliedenergistics2:facade:0, Cable Facade - Redwood Log
appliedenergistics2:facade:0, Cable Facade - Redwood Planks
appliedenergistics2:facade:0, Cable Facade - Cherry Bookshelf
appliedenergistics2:facade:0, Cable Facade - Cika Bookshelf
appliedenergistics2:facade:0, Cable Facade - Blue Enchanted Bookshelf
appliedenergistics2:facade:0, Cable Facade - Great Oak Bookshelf
appliedenergistics2:facade:0, Cable Facade - Jacaranda Bookshelf
appliedenergistics2:facade:0, Cable Facade - Mangrove Bookshelf
appliedenergistics2:facade:0, Cable Facade - Maple Bookshelf
appliedenergistics2:facade:0, Cable Facade - Frozen Oak Bookshelf
appliedenergistics2:facade:0, Cable Facade - Pine Bookshelf
appliedenergistics2:facade:0, Cable Facade - Skyris Bookshelf
appliedenergistics2:facade:0, Cable Facade - Willow Bookshelf
appliedenergistics2:facade:0, Cable Facade - Zelkova Bookshelf
appliedenergistics2:facade:0, Cable Facade - Redwood Bookshelf
appliedenergistics2:facade:0, Cable Facade - Tamrelite Ore
appliedenergistics2:facade:0, Cable Facade - Tamrelite Block
appliedenergistics2:facade:0, Cable Facade - Black Sand
appliedenergistics2:facade:0, Cable Facade - Pendorite Ore
appliedenergistics2:facade:0, Cable Facade - Pendorite Block
appliedenergistics2:facade:0, Cable Facade - Kasai Ore
appliedenergistics2:facade:0, Cable Facade - Kasai Block
appliedenergistics2:facade:0, Cable Facade - Baobab Leaves
appliedenergistics2:facade:0, Cable Facade - Baobab Log
appliedenergistics2:facade:0, Cable Facade - Baobab Planks
appliedenergistics2:facade:0, Cable Facade - Baobab Bookshelf
appliedenergistics2:facade:0, Cable Facade - Holly Leaves
appliedenergistics2:facade:0, Cable Facade - Holly Berry Leaves
appliedenergistics2:facade:0, Cable Facade - Holly Log
appliedenergistics2:facade:0, Cable Facade - Holly Planks
appliedenergistics2:facade:0, Cable Facade - Holly Bookshelf
appliedenergistics2:facade:0, Cable Facade - Rainbow Eucalyptus
appliedenergistics2:facade:0, Cable Facade - Rainbow Eucalyptus
appliedenergistics2:facade:0, Cable Facade - Rainbow Eucalyptus Planks
appliedenergistics2:facade:0, Cable Facade - Rainbow Eucalyptus Bookshelf
appliedenergistics2:facade:0, Cable Facade - Witch Hazel Log
appliedenergistics2:facade:0, Cable Facade - Witch Hazel Planks
appliedenergistics2:facade:0, Cable Facade - Witch Hazel Leaves
appliedenergistics2:facade:0, Cable Facade - Blooming Witch Hazel Leaves
appliedenergistics2:facade:0, Cable Facade - Witch Hazel Bookshelf
appliedenergistics2:facade:0, Cable Facade - Pink Glowcane Block
appliedenergistics2:facade:0, Cable Facade - Purple Glowcane Block
appliedenergistics2:facade:0, Cable Facade - Latharium Ore
appliedenergistics2:facade:0, Cable Facade - Latharium Block
appliedenergistics2:facade:0, Cable Facade - Black Sandstone
appliedenergistics2:facade:0, Cable Facade - Chiseled Black Sandstone
appliedenergistics2:facade:0, Cable Facade - Smooth Black Sandstone
appliedenergistics2:facade:0, Cable Facade - White Sandstone
appliedenergistics2:facade:0, Cable Facade - Chiseled White Sandstone
appliedenergistics2:facade:0, Cable Facade - Smooth White Sandstone
appliedenergistics2:facade:0, Cable Facade - Stage0 Baobab
appliedenergistics2:facade:0, Cable Facade - Baobab Stage0
appliedenergistics2:facade:0, Cable Facade - Baobab Stage2
appliedenergistics2:facade:0, Cable Facade - BaobabStage3
appliedenergistics2:facade:0, Cable Facade - Ebony Log
appliedenergistics2:facade:0, Cable Facade - Ebony Leaves
appliedenergistics2:facade:0, Cable Facade - Ebony Planks
appliedenergistics2:facade:0, Cable Facade - Rowan Log
appliedenergistics2:facade:0, Cable Facade - Rowan leaves
appliedenergistics2:facade:0, Cable Facade - Rowan Berry Leaves
appliedenergistics2:facade:0, Cable Facade - Hawthorn Log
appliedenergistics2:facade:0, Cable Facade - Hawthorn Leaves
appliedenergistics2:facade:0, Cable Facade - Hawthorn Berry Leaves
appliedenergistics2:facade:0, Cable Facade - Hawthorn Planks
appliedenergistics2:facade:0, Cable Facade - Rowan Planks
appliedenergistics2:facade:0, Cable Facade - Ironwood Log
appliedenergistics2:facade:0, Cable Facade - Ironwood Leaves
appliedenergistics2:facade:0, Cable Facade - Ironwood Planks
appliedenergistics2:facade:0, Cable Facade - Red Birch Leaves
appliedenergistics2:facade:0, Cable Facade - Orange Birch Leaves
appliedenergistics2:facade:0, Cable Facade - Brown Birch Leaves
appliedenergistics2:facade:0, Cable Facade - Ebony Bookshelf
appliedenergistics2:facade:0, Cable Facade - Rowan Bookshelf
appliedenergistics2:facade:0, Cable Facade - Hawthorn Bookshelf
appliedenergistics2:facade:0, Cable Facade - Ironwood Bookshelf
appliedenergistics2:facade:0, Cable Facade - Sandy Grass
appliedenergistics2:facade:0, Cable Facade - Sandy Dirt
appliedenergistics2:facade:0, Cable Facade - Hardened Dirt
appliedenergistics2:facade:0, Cable Facade - Rocky Stone
appliedenergistics2:facade:0, Cable Facade - Fir Log
appliedenergistics2:facade:0, Cable Facade - Fir Leaves
appliedenergistics2:facade:0, Cable Facade - Fir Planks
appliedenergistics2:facade:0, Cable Facade - Fir Bookshelf
appliedenergistics2:facade:0, Cable Facade - Fir Wood
appliedenergistics2:facade:0, Cable Facade - Stripped Fir Log
appliedenergistics2:facade:0, Cable Facade - Stripped Fir Wood
appliedenergistics2:facade:0, Cable Facade - Structure Check Block
appliedenergistics2:facade:0, Cable Facade - Green Enchanted Log
appliedenergistics2:facade:0, Cable Facade - Green Enchanted Planks
appliedenergistics2:facade:0, Cable Facade - Green Enchanted Bookshelf
appliedenergistics2:facade:0, Cable Facade - Sepinite
appliedenergistics2:facade:0, Cable Facade - Sepinite Tile
appliedenergistics2:facade:0, Cable Facade - Sepinite Pillars
appliedenergistics2:facade:0, Cable Facade - Sepinite
appliedenergistics2:facade:0, Cable Facade - Soapstone
appliedenergistics2:facade:0, Cable Facade - Polished Soapstone
appliedenergistics2:facade:0, Cable Facade - Soapstone Tile
appliedenergistics2:facade:0, Cable Facade - Soapstone Pillars
appliedenergistics2:facade:0, Cable Facade - Sodalite
appliedenergistics2:facade:0, Cable Facade - Polished Sodalite
appliedenergistics2:facade:0, Cable Facade - Sodalite Tile
appliedenergistics2:facade:0, Cable Facade - Sodalite Bricks
appliedenergistics2:facade:0, Cable Facade - Scoria
appliedenergistics2:facade:0, Cable Facade - Scoria Bricks
appliedenergistics2:facade:0, Cable Facade - Scoria Pillars
appliedenergistics2:facade:0, Cable Facade - Cracked Sand
appliedenergistics2:facade:0, Cable Facade - Red Cracked Sand
appliedenergistics2:facade:0, Cable Facade - Cypress Log
appliedenergistics2:facade:0, Cable Facade - Cypress Leaves
appliedenergistics2:facade:0, Cable Facade - Cypress Planks
appliedenergistics2:facade:0, Cable Facade - White Skyris Leaves
appliedenergistics2:facade:0, Cable Facade - Silver Apple White Skyris Leaves
appliedenergistics2:facade:0, Cable Facade - Structure Check Block
appliedenergistics2:facade:0, Cable Facade - Light Blue Sand
appliedenergistics2:facade:0, Cable Facade - Pink Sand
appliedenergistics2:facade:0, Cable Facade - Purple Sand
appliedenergistics2:facade:0, Cable Facade - Light Blue Sandstone
appliedenergistics2:facade:0, Cable Facade - Chiseled Light Blue Sandstone
appliedenergistics2:facade:0, Cable Facade - Smooth Light Blue Sandstone
appliedenergistics2:facade:0, Cable Facade - Pink Sandstone
appliedenergistics2:facade:0, Cable Facade - Chiseled Pink Sandstone
appliedenergistics2:facade:0, Cable Facade - Smooth Pink Sandstone
appliedenergistics2:facade:0, Cable Facade - Purple Sandstone
appliedenergistics2:facade:0, Cable Facade - Chiseled Purple Sandstone
appliedenergistics2:facade:0, Cable Facade - Smooth Purple Sandstone
appliedenergistics2:facade:0, Cable Facade - Mahogany Leaves
appliedenergistics2:facade:0, Cable Facade - Mahogany Log
appliedenergistics2:facade:0, Cable Facade - Mahogany Planks
appliedenergistics2:facade:0, Cable Facade - Mahogany Bookshelf
appliedenergistics2:facade:0, Cable Facade - Palm Leaves
appliedenergistics2:facade:0, Cable Facade - Palm Log
appliedenergistics2:facade:0, Cable Facade - Palm Planks
appliedenergistics2:facade:0, Cable Facade - Palm Bookshelf
appliedenergistics2:facade:0, Cable Facade - Aspen Leaves
appliedenergistics2:facade:0, Cable Facade - Aspen Log
appliedenergistics2:facade:0, Cable Facade - Aspen Planks
appliedenergistics2:facade:0, Cable Facade - Aspen Bookshelf
appliedenergistics2:facade:0, Cable Facade - Flowering Hawthorn Leaves
appliedenergistics2:facade:0, Cable Facade - Rocky Stone
appliedenergistics2:facade:0, Cable Facade - Rocky Grass
appliedenergistics2:facade:0, Cable Facade - Aspen Wood
appliedenergistics2:facade:0, Cable Facade - Stripped Aspen Log
appliedenergistics2:facade:0, Cable Facade - Stripped Aspen Wood
appliedenergistics2:facade:0, Cable Facade - Cika Wood
appliedenergistics2:facade:0, Cable Facade - Stripped Cika Log
appliedenergistics2:facade:0, Cable Facade - Stripped Cika Wood
appliedenergistics2:facade:0, Cable Facade - Cherry Wood
appliedenergistics2:facade:0, Cable Facade - Stripped Cherry Log
appliedenergistics2:facade:0, Cable Facade - Stripped Cherry Wood
appliedenergistics2:facade:0, Cable Facade - Baobab Wood
appliedenergistics2:facade:0, Cable Facade - Stripped Baobab Log
appliedenergistics2:facade:0, Cable Facade - Stripped Baobab Wood
appliedenergistics2:facade:0, Cable Facade - Blue Enchanted Wood
appliedenergistics2:facade:0, Cable Facade - Stripped Blue Enchanted Log
appliedenergistics2:facade:0, Cable Facade - Stripped Blue Enchanted Wood
appliedenergistics2:facade:0, Cable Facade - Green Enchanted Wood
appliedenergistics2:facade:0, Cable Facade - Stripped Green Enchanted Log
appliedenergistics2:facade:0, Cable Facade - Stripped Green Enchanted Wood
appliedenergistics2:facade:0, Cable Facade - Great Oak Wood
appliedenergistics2:facade:0, Cable Facade - Stripped Great Oak Log
appliedenergistics2:facade:0, Cable Facade - Stripped Great Oak Wood
appliedenergistics2:facade:0, Cable Facade - Jacaranda Wood
appliedenergistics2:facade:0, Cable Facade - Stripped Jacaranda Log
appliedenergistics2:facade:0, Cable Facade - Stripped Jacaranda Wood
appliedenergistics2:facade:0, Cable Facade - Maple Wood
appliedenergistics2:facade:0, Cable Facade - Stripped Maple Log
appliedenergistics2:facade:0, Cable Facade - Stripped Maple Wood
appliedenergistics2:facade:0, Cable Facade - Mangrove Wood
appliedenergistics2:facade:0, Cable Facade - Stripped Mangrove Log
appliedenergistics2:facade:0, Cable Facade - Stripped Mangrove Wood
appliedenergistics2:facade:0, Cable Facade - Frozen Oak Wood
appliedenergistics2:facade:0, Cable Facade - Palo Verde Wood
appliedenergistics2:facade:0, Cable Facade - Stripped Palo Verde Log
appliedenergistics2:facade:0, Cable Facade - Stripped Palo Verde Wood
appliedenergistics2:facade:0, Cable Facade - Pine Wood
appliedenergistics2:facade:0, Cable Facade - Stripped Pine Log
appliedenergistics2:facade:0, Cable Facade - Stripped Pine Wood
appliedenergistics2:facade:0, Cable Facade - Skyris Wood
appliedenergistics2:facade:0, Cable Facade - Stripped Skyris Log
appliedenergistics2:facade:0, Cable Facade - Stripped Skyirs Wood
appliedenergistics2:facade:0, Cable Facade - Willow Wood
appliedenergistics2:facade:0, Cable Facade - Stripped Willow Log
appliedenergistics2:facade:0, Cable Facade - Stripped WillowWood
appliedenergistics2:facade:0, Cable Facade - Zelkova Wood
appliedenergistics2:facade:0, Cable Facade - Stripped Zelkova Log
appliedenergistics2:facade:0, Cable Facade - Stripped Zelkova Wood
appliedenergistics2:facade:0, Cable Facade - Redwood Wood
appliedenergistics2:facade:0, Cable Facade - Stripped Redwood Log
appliedenergistics2:facade:0, Cable Facade - Stripped Redwood Wood
appliedenergistics2:facade:0, Cable Facade - Holly Wood
appliedenergistics2:facade:0, Cable Facade - Stripped Holly Log
appliedenergistics2:facade:0, Cable Facade - Stripped Holly Wood
appliedenergistics2:facade:0, Cable Facade - Witch Hazel Wood
appliedenergistics2:facade:0, Cable Facade - Stripped Witch Hazel Log
appliedenergistics2:facade:0, Cable Facade - Stripped Witch Hazel Wood
appliedenergistics2:facade:0, Cable Facade - Ebony Wood
appliedenergistics2:facade:0, Cable Facade - Stripped Ebony Log
appliedenergistics2:facade:0, Cable Facade - Stripped Ebony Wood
appliedenergistics2:facade:0, Cable Facade - Rowan Wood
appliedenergistics2:facade:0, Cable Facade - Stripped Rowan Log
appliedenergistics2:facade:0, Cable Facade - Stripped Rowan Wood
appliedenergistics2:facade:0, Cable Facade - Hawthorn Wood
appliedenergistics2:facade:0, Cable Facade - Stripped Hawthorn Log
appliedenergistics2:facade:0, Cable Facade - Stripped Hawthorn Wood
appliedenergistics2:facade:0, Cable Facade - Cypress Wood
appliedenergistics2:facade:0, Cable Facade - Rainbow Eucalyptus Wood
appliedenergistics2:facade:0, Cable Facade - Stripped Rainbow Eucalyptus Log
appliedenergistics2:facade:0, Cable Facade - Stripped Rainbow Eucalyptus Wood
appliedenergistics2:facade:0, Cable Facade - Stripped Cypress Log
appliedenergistics2:facade:0, Cable Facade - Stripped Cypress Wood
appliedenergistics2:facade:0, Cable Facade - Ironwood Wood
appliedenergistics2:facade:0, Cable Facade - Stripped Ironwood Log
appliedenergistics2:facade:0, Cable Facade - Stripped Ironwood Wood
appliedenergistics2:facade:0, Cable Facade - Mahogany Wood
appliedenergistics2:facade:0, Cable Facade - Palm Wood
appliedenergistics2:facade:0, Cable Facade - Overgrown Stone
appliedenergistics2:facade:0, Cable Facade - Thorn Block
appliedenergistics2:facade:0, Cable Facade - Plant Stem
appliedenergistics2:facade:0, Cable Facade - Red Petal Block
appliedenergistics2:facade:0, Cable Facade - White Petal Block
appliedenergistics2:facade:0, Cable Facade - Blue Petal Block
appliedenergistics2:facade:0, Cable Facade - Light Blue Petal Block
appliedenergistics2:facade:0, Cable Facade - Yellow Petal Block
appliedenergistics2:facade:0, Cable Facade - Purple Petal Block
appliedenergistics2:facade:0, Cable Facade - Rocky Grass
appliedenergistics2:facade:0, Cable Facade - Light Blue Crystal Block
appliedenergistics2:facade:0, Cable Facade - White Crystal Block
appliedenergistics2:facade:0, Cable Facade - Purple Crystal Block
appliedenergistics2:facade:0, Cable Facade - Red Crystal Block
appliedenergistics2:facade:0, Cable Facade - Structure Spawn Block
appliedenergistics2:facade:0, Cable Facade - Cinnamon Wood
appliedenergistics2:facade:0, Cable Facade - Maple Wood
appliedenergistics2:facade:0, Cable Facade - Paperbark Wood
appliedenergistics2:facade:0, Cable Facade - Well
appliedenergistics2:facade:0, Cable Facade - Beehive
appliedenergistics2:facade:0, Cable Facade - Honey Block
appliedenergistics2:facade:0, Cable Facade - Honeycomb Block
appliedenergistics2:facade:0, Cable Facade - Pressed Wax Block
appliedenergistics2:facade:0, Cable Facade - Waxcomb Block
appliedenergistics2:facade:0, Cable Facade - Gelid Euphemium
appliedenergistics2:facade:0, Cable Facade - Unstable Euphemium Schrabide Block
appliedenergistics2:facade:0, Cable Facade - Dark Crystal
appliedenergistics2:facade:0, Cable Facade - Hardened Dark Crystal
appliedenergistics2:facade:0, Cable Facade - Pulsating Crystal
appliedenergistics2:facade:0, Cable Facade - HE to RF Converter
appliedenergistics2:facade:0, Cable Facade - RF to HE Converter
appliedenergistics2:facade:0, Cable Facade - Asphalt
appliedenergistics2:facade:0, Cable Facade - Glowing Asphalt
appliedenergistics2:facade:0, Cable Facade - Reinforced Glass
appliedenergistics2:facade:0, Cable Facade - Reinforced Glowstone
appliedenergistics2:facade:0, Cable Facade - Reinforced Lamp
appliedenergistics2:facade:0, Cable Facade - Reinforced Lamp
appliedenergistics2:facade:0, Cable Facade - Dense Stone
appliedenergistics2:facade:0, Cable Facade - Concrete Bricks
appliedenergistics2:facade:0, Cable Facade - Mossy Concrete Bricks
appliedenergistics2:facade:0, Cable Facade - Cracked Concrete Bricks
appliedenergistics2:facade:0, Cable Facade - Broken Concrete Bricks
appliedenergistics2:facade:0, Cable Facade - Marked Concrete Bricks
appliedenergistics2:facade:0, Cable Facade - Reinforced Stone
appliedenergistics2:facade:0, Cable Facade - Compound Mesh
appliedenergistics2:facade:0, Cable Facade - Light Bricks
appliedenergistics2:facade:0, Cable Facade - Asbestos Bricks
appliedenergistics2:facade:0, Cable Facade - Reinforced Sandstone
appliedenergistics2:facade:0, Cable Facade - Obsidian Bricks
appliedenergistics2:facade:0, Cable Facade - CMB Steel Tile
appliedenergistics2:facade:0, Cable Facade - Reinforced CMB Bricks
appliedenergistics2:facade:0, Cable Facade - Reinforced Laminate
appliedenergistics2:facade:0, Cable Facade - Concrete Tile
appliedenergistics2:facade:0, Cable Facade - Concrete
appliedenergistics2:facade:0, Cable Facade - White Concrete
appliedenergistics2:facade:0, Cable Facade - Builder's Choice Concrete - Industrial Tinge
appliedenergistics2:facade:0, Cable Facade - Reinforced Concrete
appliedenergistics2:facade:0, Cable Facade - Über Concrete
appliedenergistics2:facade:0, Cable Facade - Moldy Debris
appliedenergistics2:facade:0, Cable Facade - Asbestos Concrete
appliedenergistics2:facade:0, Cable Facade - Rebar Reinforced Concrete Pillar
appliedenergistics2:facade:0, Cable Facade - Ducrete Tile
appliedenergistics2:facade:0, Cable Facade - Ducrete
appliedenergistics2:facade:0, Cable Facade - Ducrete Brick
appliedenergistics2:facade:0, Cable Facade - Reinforced Ducrete
appliedenergistics2:facade:0, Cable Facade - Raw Lightstone
appliedenergistics2:facade:0, Cable Facade - Large Vinyl Tile
appliedenergistics2:facade:0, Cable Facade - Laboratory Tiles
appliedenergistics2:facade:0, Cable Facade - Cracked Laboratory Tiles
appliedenergistics2:facade:0, Cable Facade - Broken Laboratory Tiles
appliedenergistics2:facade:0, Cable Facade - Green Tritium Lamp
appliedenergistics2:facade:0, Cable Facade - Green Tritium Lamp
appliedenergistics2:facade:0, Cable Facade - Blue Tritium Lamp
appliedenergistics2:facade:0, Cable Facade - Blue Tritium Lamp
appliedenergistics2:facade:0, Cable Facade - Block of Scrap
appliedenergistics2:facade:0, Cable Facade - Block of Electrical Scrap
appliedenergistics2:facade:0, Cable Facade - Uranium Ore
appliedenergistics2:facade:0, Cable Facade - Scorched Uranium Ore
appliedenergistics2:facade:0, Cable Facade - Schrabidium Ore
appliedenergistics2:facade:0, Cable Facade - Sellafite Emerald Ore
appliedenergistics2:facade:0, Cable Facade - Scorched Sellafite Uranium Ore
appliedenergistics2:facade:0, Cable Facade - Sellafite Schrabidium Ore
appliedenergistics2:facade:0, Cable Facade - Sellafite Diamond Ore
appliedenergistics2:facade:0, Cable Facade - Sellafite Radioactive Gem Ore
appliedenergistics2:facade:0, Cable Facade - Thorium Ore
appliedenergistics2:facade:0, Cable Facade - Titanium Ore
appliedenergistics2:facade:0, Cable Facade - Sulfur Ore
appliedenergistics2:facade:0, Cable Facade - Niter Ore
appliedenergistics2:facade:0, Cable Facade - Copper Ore
appliedenergistics2:facade:0, Cable Facade - Tungsten Ore
appliedenergistics2:facade:0, Cable Facade - Aluminium-Bearing Ore
appliedenergistics2:facade:0, Cable Facade - Fluorite Ore
appliedenergistics2:facade:0, Cable Facade - Lead Ore
appliedenergistics2:facade:0, Cable Facade - Beryllium Ore
appliedenergistics2:facade:0, Cable Facade - Lignite Ore
appliedenergistics2:facade:0, Cable Facade - Asbestos Ore
appliedenergistics2:facade:0, Cable Facade - Rare Earth Ore
appliedenergistics2:facade:0, Cable Facade - Iron Ore Cluster
appliedenergistics2:facade:0, Cable Facade - Titanium Ore Cluster
appliedenergistics2:facade:0, Cable Facade - Aluminium Ore Cluster
appliedenergistics2:facade:0, Cable Facade - Copper Ore Cluster
appliedenergistics2:facade:0, Cable Facade - Cobalt Ore
appliedenergistics2:facade:0, Cable Facade - Cinnabar Ore
appliedenergistics2:facade:0, Cable Facade - Coltan Ore
appliedenergistics2:facade:0, Cable Facade - Australian Ore
appliedenergistics2:facade:0, Cable Facade - Depth Rock
appliedenergistics2:facade:0, Cable Facade - Depth Cinnabar Ore
appliedenergistics2:facade:0, Cable Facade - Depth Zirconium Ore
appliedenergistics2:facade:0, Cable Facade - Depth Borax Ore
appliedenergistics2:facade:0, Cable Facade - Alexandrite Ore
appliedenergistics2:facade:0, Cable Facade - Depth Iron Ore Cluster
appliedenergistics2:facade:0, Cable Facade - Depth Titanium Ore Cluster
appliedenergistics2:facade:0, Cable Facade - Depth Tungsten Ore Cluster
appliedenergistics2:facade:0, Cable Facade - Bedrock Coltan Ore
appliedenergistics2:facade:0, Cable Facade - Bedrock Oil Deposit
appliedenergistics2:facade:0, Cable Facade - Oil Deposit
appliedenergistics2:facade:0, Cable Facade - Empty Oil Deposit
appliedenergistics2:facade:0, Cable Facade - Tar Sand
appliedenergistics2:facade:0, Cable Facade - Graphitic Schist
appliedenergistics2:facade:0, Cable Facade - Schist Brick
appliedenergistics2:facade:0, Cable Facade - Schist Tile
appliedenergistics2:facade:0, Cable Facade - Chiseled Schist
appliedenergistics2:facade:0, Cable Facade - Schist Iron Ore
appliedenergistics2:facade:0, Cable Facade - Schist Gold Ore
appliedenergistics2:facade:0, Cable Facade - Schist Uranium Ore
appliedenergistics2:facade:0, Cable Facade - Scorched Schist Uranium Ore
appliedenergistics2:facade:0, Cable Facade - Schist Copper Ore
appliedenergistics2:facade:0, Cable Facade - Schist Asbestos Ore
appliedenergistics2:facade:0, Cable Facade - Schist Lithium Ore
appliedenergistics2:facade:0, Cable Facade - Schist Schrabidium Ore
appliedenergistics2:facade:0, Cable Facade - Schist Rare Earth Ore
appliedenergistics2:facade:0, Cable Facade - Gas Shale
appliedenergistics2:facade:0, Cable Facade - Trixite
appliedenergistics2:facade:0, Cable Facade - Burning Nether Coal Ore
appliedenergistics2:facade:0, Cable Facade - Smoldering Netherrack
appliedenergistics2:facade:0, Cable Facade - Nether Cobalt Ore
appliedenergistics2:facade:0, Cable Facade - Nether Tungsten Ore
appliedenergistics2:facade:0, Cable Facade - Nether Sulfur Ore
appliedenergistics2:facade:0, Cable Facade - Nether Phosphorus Ore
appliedenergistics2:facade:0, Cable Facade - Nether Uranium Ore
appliedenergistics2:facade:0, Cable Facade - Scorched Nether Uranium Ore
appliedenergistics2:facade:0, Cable Facade - Nether Plutonium Ore
appliedenergistics2:facade:0, Cable Facade - Nether Schrabidium Ore
appliedenergistics2:facade:0, Cable Facade - Nether Depth Rock
appliedenergistics2:facade:0, Cable Facade - Nether Depth Neodymium Ore
appliedenergistics2:facade:0, Cable Facade - Nether Depth Nitanium Ore
appliedenergistics2:facade:0, Cable Facade - Meteorite Block
appliedenergistics2:facade:0, Cable Facade - Meteorite Cobblestone
appliedenergistics2:facade:0, Cable Facade - Broken Meteorite Block
appliedenergistics2:facade:0, Cable Facade - Hot Meteorite Cobblestone
appliedenergistics2:facade:0, Cable Facade - Meteorite Treasure Block
appliedenergistics2:facade:0, Cable Facade - Meteor Iron Ore
appliedenergistics2:facade:0, Cable Facade - Polished Meteor Block
appliedenergistics2:facade:0, Cable Facade - Meteor Bricks
appliedenergistics2:facade:0, Cable Facade - Mossy Meteor Bricks
appliedenergistics2:facade:0, Cable Facade - Cracked Meteor Bricks
appliedenergistics2:facade:0, Cable Facade - Chiseled Meteor Bricks
appliedenergistics2:facade:0, Cable Facade - Meteor Pillar
appliedenergistics2:facade:0, Cable Facade - Starmetal Static Electricity Generator
appliedenergistics2:facade:0, Cable Facade - Enargite Bricks
appliedenergistics2:facade:0, Cable Facade - Cracked Enargite Bricks
appliedenergistics2:facade:0, Cable Facade - Magmatic Enargite Bricks
appliedenergistics2:facade:0, Cable Facade - Radioactive Enargite Bricks
appliedenergistics2:facade:0, Cable Facade - Arcane Enargite Bricks
appliedenergistics2:facade:0, Cable Facade - Enargite Glyph Bricks
appliedenergistics2:facade:0, Cable Facade - Enargite Glyph Bricks
appliedenergistics2:facade:0, Cable Facade - Enargite Glyph Bricks
appliedenergistics2:facade:0, Cable Facade - Enargite Glyph Bricks
appliedenergistics2:facade:0, Cable Facade - Enargite Glyph Bricks
appliedenergistics2:facade:0, Cable Facade - Enargite Glyph Bricks
appliedenergistics2:facade:0, Cable Facade - Enargite Glyph Bricks
appliedenergistics2:facade:0, Cable Facade - Enargite Glyph Bricks
appliedenergistics2:facade:0, Cable Facade - Enargite Glyph Bricks
appliedenergistics2:facade:0, Cable Facade - Enargite Glyph Bricks
appliedenergistics2:facade:0, Cable Facade - Enargite Glyph Bricks
appliedenergistics2:facade:0, Cable Facade - Enargite Glyph Bricks
appliedenergistics2:facade:0, Cable Facade - Enargite Glyph Bricks
appliedenergistics2:facade:0, Cable Facade - Enargite Glyph Bricks
appliedenergistics2:facade:0, Cable Facade - Enargite Glyph Bricks
appliedenergistics2:facade:0, Cable Facade - Enargite Glyph Bricks
appliedenergistics2:facade:0, Cable Facade - Mechanist's Circle
appliedenergistics2:facade:0, Cable Facade - Strange Stone
appliedenergistics2:facade:0, Cable Facade - Strange Red Room Brick
appliedenergistics2:facade:0, Cable Facade - Red Room Brick
appliedenergistics2:facade:0, Cable Facade - Berzelianite Bricks
appliedenergistics2:facade:0, Cable Facade - Berzelianite Block
appliedenergistics2:facade:0, Cable Facade - Berzelianite Tile
appliedenergistics2:facade:0, Cable Facade - Berzelianite Cirlce
appliedenergistics2:facade:0, Cable Facade - Block of Niter
appliedenergistics2:facade:0, Cable Facade - Reinforced Block of Niter
appliedenergistics2:facade:0, Cable Facade - Block of Sulfur
appliedenergistics2:facade:0, Cable Facade - Block of Thorium-232
appliedenergistics2:facade:0, Cable Facade - Block of Thorium Fuel
appliedenergistics2:facade:0, Cable Facade - Block of Neptunium
appliedenergistics2:facade:0, Cable Facade - Block of Polonium-210
appliedenergistics2:facade:0, Cable Facade - Block of MOX Fuel
appliedenergistics2:facade:0, Cable Facade - Block of Plutonium
appliedenergistics2:facade:0, Cable Facade - Block of Plutonium-238
appliedenergistics2:facade:0, Cable Facade - Block of Plutonium-239
appliedenergistics2:facade:0, Cable Facade - Block of Plutonium-240
appliedenergistics2:facade:0, Cable Facade - Block of Reactor Grade Plutonium
appliedenergistics2:facade:0, Cable Facade - Block of Plutonium Fuel
appliedenergistics2:facade:0, Cable Facade - Block of Uranium
appliedenergistics2:facade:0, Cable Facade - Block of Uranium-233
appliedenergistics2:facade:0, Cable Facade - Block of Uranium-235
appliedenergistics2:facade:0, Cable Facade - Block of Uranium-238
appliedenergistics2:facade:0, Cable Facade - Block of Uranium Fuel
appliedenergistics2:facade:0, Cable Facade - Block of Titanium
appliedenergistics2:facade:0, Cable Facade - Block of Copper
appliedenergistics2:facade:0, Cable Facade - Block of Red Copper
appliedenergistics2:facade:0, Cable Facade - Block of Tungsten
appliedenergistics2:facade:0, Cable Facade - Block of Aluminium
appliedenergistics2:facade:0, Cable Facade - Block of Fluorite
appliedenergistics2:facade:0, Cable Facade - Block of Steel
appliedenergistics2:facade:0, Cable Facade - Block of Lead
appliedenergistics2:facade:0, Cable Facade - Block of Technetium Steel
appliedenergistics2:facade:0, Cable Facade - Block of Cadmium Steel
appliedenergistics2:facade:0, Cable Facade - Block of Cadmium
appliedenergistics2:facade:0, Cable Facade - Block of Bismuth
appliedenergistics2:facade:0, Cable Facade - Block of Coltan
appliedenergistics2:facade:0, Cable Facade - Block of Tantalium
appliedenergistics2:facade:0, Cable Facade - Block of Niobium
appliedenergistics2:facade:0, Cable Facade - Block of Trinitite
appliedenergistics2:facade:0, Cable Facade - Block of Beryllium
appliedenergistics2:facade:0, Cable Facade - Block of Schraranium
appliedenergistics2:facade:0, Cable Facade - Block of Schrabidium
appliedenergistics2:facade:0, Cable Facade - Block of Ferric Schrabidate
appliedenergistics2:facade:0, Cable Facade - Block of Solinium
appliedenergistics2:facade:0, Cable Facade - Block of Schrabidium Fuel
appliedenergistics2:facade:0, Cable Facade - Block of Gold-198
appliedenergistics2:facade:0, Cable Facade - Block of Euphemium
appliedenergistics2:facade:0, Cable Facade - Block of Dineutronium
appliedenergistics2:facade:0, Cable Facade - Schrabidium Cluster
appliedenergistics2:facade:0, Cable Facade - Euphemium-Etched Schrabidium Cluster
appliedenergistics2:facade:0, Cable Facade - Block of CMB Steel
appliedenergistics2:facade:0, Cable Facade - Block of Magnetized Tungsten
appliedenergistics2:facade:0, Cable Facade - Reinforced Block of Desh
appliedenergistics2:facade:0, Cable Facade - Reinforced Block of High-Speed Steel
appliedenergistics2:facade:0, Cable Facade - Block of Saturnite
appliedenergistics2:facade:0, Cable Facade - Tektite
appliedenergistics2:facade:0, Cable Facade - Osmiridium-Infused Tektite
appliedenergistics2:facade:0, Cable Facade - Scorched Dirt
appliedenergistics2:facade:0, Cable Facade - Crushed Obsidian
appliedenergistics2:facade:0, Cable Facade - Diamond Gravel
appliedenergistics2:facade:0, Cable Facade - Moon Turf
appliedenergistics2:facade:0, Cable Facade - Titanium Deco Block
appliedenergistics2:facade:0, Cable Facade - Red Copper Deco Block
appliedenergistics2:facade:0, Cable Facade - Tungsten Deco Block
appliedenergistics2:facade:0, Cable Facade - Aluminium Deco Block
appliedenergistics2:facade:0, Cable Facade - Steel Deco Block
appliedenergistics2:facade:0, Cable Facade - Rusty Steel Deco Block
appliedenergistics2:facade:0, Cable Facade - Lead Deco Block
appliedenergistics2:facade:0, Cable Facade - Beryllium Deco Block
appliedenergistics2:facade:0, Cable Facade - Asbestos Roof
appliedenergistics2:facade:0, Cable Facade - 2x2 RBMK Deco Block
appliedenergistics2:facade:0, Cable Facade - 1x1 RBMK Deco Block
appliedenergistics2:facade:0, Cable Facade - 2x2 RBMK Panel Deco Block
appliedenergistics2:facade:0, Cable Facade - 1x1 RBMK Panel Deco Block
appliedenergistics2:facade:0, Cable Facade - Hazmat Cloth Block
appliedenergistics2:facade:0, Cable Facade - Glyphid Hive Block
appliedenergistics2:facade:0, Cable Facade - Grown Glowing Shroom
appliedenergistics2:facade:0, Cable Facade - Grown Glowing Shroom Stem
appliedenergistics2:facade:0, Cable Facade - Block of Nuclear Waste
appliedenergistics2:facade:0, Cable Facade - Painted Block of Nuclear Waste
appliedenergistics2:facade:0, Cable Facade - Vitrified Block of Nuclear Waste
appliedenergistics2:facade:0, Cable Facade - Glowing Mycelium
appliedenergistics2:facade:0, Cable Facade - Dead Grass
appliedenergistics2:facade:0, Cable Facade - Trinitite Ore
appliedenergistics2:facade:0, Cable Facade - Red Trinitite Ore
appliedenergistics2:facade:0, Cable Facade - Charred Log
appliedenergistics2:facade:0, Cable Facade - Charred Wooden Planks
appliedenergistics2:facade:0, Cable Facade - Burning Grass
appliedenergistics2:facade:0, Cable Facade - Dead Dirt
appliedenergistics2:facade:0, Cable Facade - Oily Dirt
appliedenergistics2:facade:0, Cable Facade - Oily Sand
appliedenergistics2:facade:0, Cable Facade - Red Oily Sand
appliedenergistics2:facade:0, Cable Facade - Cracked Stone
appliedenergistics2:facade:0, Cable Facade - Frozen Grass
appliedenergistics2:facade:0, Cable Facade - Frozen Log
appliedenergistics2:facade:0, Cable Facade - Frozen Planks
appliedenergistics2:facade:0, Cable Facade - Frozen Dirt
appliedenergistics2:facade:0, Cable Facade - Block of Fallout
appliedenergistics2:facade:0, Cable Facade - Block of Boron
appliedenergistics2:facade:0, Cable Facade - Block of Lanthanium
appliedenergistics2:facade:0, Cable Facade - Block of Radium-226
appliedenergistics2:facade:0, Cable Facade - Block of Actinium
appliedenergistics2:facade:0, Cable Facade - Block of Tritium Cells
appliedenergistics2:facade:0, Cable Facade - Block of Semtex
appliedenergistics2:facade:0, Cable Facade - Block of C-4
appliedenergistics2:facade:0, Cable Facade - Block of S'more
appliedenergistics2:facade:0, Cable Facade - Block of Slag
appliedenergistics2:facade:0, Cable Facade - Slaked Sellafite
appliedenergistics2:facade:0, Cable Facade - Bedrock Sellafite
appliedenergistics2:facade:0, Cable Facade - Sellafite
appliedenergistics2:facade:0, Cable Facade - Block of Yellowcake
appliedenergistics2:facade:0, Cable Facade - §9Block of Starmetal§r
appliedenergistics2:facade:0, Cable Facade - Block of Polymer
appliedenergistics2:facade:0, Cable Facade - Block of Bakelite
appliedenergistics2:facade:0, Cable Facade - Block of Rubber
appliedenergistics2:facade:0, Cable Facade - Block of Asbestos
appliedenergistics2:facade:0, Cable Facade - Firebricks
appliedenergistics2:facade:0, Cable Facade - Block of Cobalt
appliedenergistics2:facade:0, Cable Facade - Block of Lithium
appliedenergistics2:facade:0, Cable Facade - Block of Zirconium
appliedenergistics2:facade:0, Cable Facade - Roll of Insulation
appliedenergistics2:facade:0, Cable Facade - Roll of Fiberglass
appliedenergistics2:facade:0, Cable Facade - Block of White Phosphorus
appliedenergistics2:facade:0, Cable Facade - Block of Red Phosphorus
appliedenergistics2:facade:0, Cable Facade - Foam
appliedenergistics2:facade:0, Cable Facade - Block of Coal Coke
appliedenergistics2:facade:0, Cable Facade - Block of Graphite
appliedenergistics2:facade:0, Cable Facade - Drilled Graphite
appliedenergistics2:facade:0, Cable Facade - Pile Control Rod
appliedenergistics2:facade:0, Cable Facade - Pile Lithium Fuel (Bred)
appliedenergistics2:facade:0, Cable Facade - Block of Australium
appliedenergistics2:facade:0, Cable Facade - Depth Bricks
appliedenergistics2:facade:0, Cable Facade - Depth Tiles
appliedenergistics2:facade:0, Cable Facade - Nether Depth Bricks
appliedenergistics2:facade:0, Cable Facade - Nether Depth Tiles
appliedenergistics2:facade:0, Cable Facade - DNT-Reinforced Depth Bricks
appliedenergistics2:facade:0, Cable Facade - Porous Stone
appliedenergistics2:facade:0, Cable Facade - Basalt
appliedenergistics2:facade:0, Cable Facade - Sulfur-Rich Basalt
appliedenergistics2:facade:0, Cable Facade - Smooth Basalt
appliedenergistics2:facade:0, Cable Facade - Basalt Bricks
appliedenergistics2:facade:0, Cable Facade - Polished Basalt
appliedenergistics2:facade:0, Cable Facade - Basalt Tiles
appliedenergistics2:facade:0, Cable Facade - Block of Nuka Cola Bottle Caps
appliedenergistics2:facade:0, Cable Facade - Dynamite
appliedenergistics2:facade:0, Cable Facade - Actual TNT
appliedenergistics2:facade:0, Cable Facade - Semtex
appliedenergistics2:facade:0, Cable Facade - C-4
appliedenergistics2:facade:0, Cable Facade - Fissure Bomb
appliedenergistics2:facade:0, Cable Facade - Flame War in a Box
appliedenergistics2:facade:0, Cable Facade - Levitation Bomb
appliedenergistics2:facade:0, Cable Facade - EMP Device
appliedenergistics2:facade:0, Cable Facade - Endothermic Bomb
appliedenergistics2:facade:0, Cable Facade - Exothermic Bomb
appliedenergistics2:facade:0, Cable Facade - Det Cord
appliedenergistics2:facade:0, Cable Facade - Mining Charge
appliedenergistics2:facade:0, Cable Facade - Explosive Charge
appliedenergistics2:facade:0, Cable Facade - N² Charge
appliedenergistics2:facade:0, Cable Facade - Nuclear Charge
appliedenergistics2:facade:0, Cable Facade - Balefire Charge
appliedenergistics2:facade:0, Cable Facade - Steel Machine Casing
appliedenergistics2:facade:0, Cable Facade - Steel Sheet
appliedenergistics2:facade:0, Cable Facade - Motor Block
appliedenergistics2:facade:0, Cable Facade - Tier 1 Circuit Block
appliedenergistics2:facade:0, Cable Facade - Neutron Flux Receiver
appliedenergistics2:facade:0, Cable Facade - Heat Receiver
appliedenergistics2:facade:0, Cable Facade - Custom Machine Structure Positioning Anchor
appliedenergistics2:facade:0, Cable Facade - Armor Modification Table
appliedenergistics2:facade:0, Cable Facade - Weapon Modification Table
appliedenergistics2:facade:0, Cable Facade - Ash
appliedenergistics2:facade:0, Cable Facade - Boron Sand
appliedenergistics2:facade:0, Cable Facade - Lead Sand
appliedenergistics2:facade:0, Cable Facade - Uranium Sand
appliedenergistics2:facade:0, Cable Facade - Polonium Sand
appliedenergistics2:facade:0, Cable Facade - Quartz Sand
appliedenergistics2:facade:0, Cable Facade - Gold Sand
appliedenergistics2:facade:0, Cable Facade - Gold-198 Sand
appliedenergistics2:facade:0, Cable Facade - Uranium Glass
appliedenergistics2:facade:0, Cable Facade - Trinity Glass
appliedenergistics2:facade:0, Cable Facade - Polonium Glass
appliedenergistics2:facade:0, Cable Facade - Boron Glass
appliedenergistics2:facade:0, Cable Facade - Lead Glass
appliedenergistics2:facade:0, Cable Facade - Ash Glass
appliedenergistics2:facade:0, Cable Facade - Quartz Glass
appliedenergistics2:facade:0, Cable Facade - Polarized Glass
appliedenergistics2:facade:0, Cable Facade - Silo Hatch Frame
appliedenergistics2:facade:0, Cable Facade - Silo Hatch Opener
appliedenergistics2:facade:0, Cable Facade - Crate
appliedenergistics2:facade:0, Cable Facade - Weapon Crate
appliedenergistics2:facade:0, Cable Facade - Hazmat Crate
appliedenergistics2:facade:0, Cable Facade - Machine Crate
appliedenergistics2:facade:0, Cable Facade - Red Crate
appliedenergistics2:facade:0, Cable Facade - Enargite Crate
appliedenergistics2:facade:0, Cable Facade - Starmetal Crate
appliedenergistics2:facade:0, Cable Facade - Hbm's Nuclear Tech Mod Manual [LEGACY]
appliedenergistics2:facade:0, Cable Facade - 10k-20Hz Transformer
appliedenergistics2:facade:0, Cable Facade - 10k-1Hz Transformer
appliedenergistics2:facade:0, Cable Facade - DNT-20Hz Transformer
appliedenergistics2:facade:0, Cable Facade - DNT-1Hz Transformer
appliedenergistics2:facade:0, Cable Facade - Burner Press Preheater
appliedenergistics2:facade:0, Cable Facade - Nuclear Reactor (Old)
appliedenergistics2:facade:0, Cable Facade - RBMK Steam Connector
appliedenergistics2:facade:0, Cable Facade - RBMK Debris
appliedenergistics2:facade:0, Cable Facade - Flaming RBMK Debris
appliedenergistics2:facade:0, Cable Facade - Smoldering RBMK Debris
appliedenergistics2:facade:0, Cable Facade - Blackened RBMK Debris
appliedenergistics2:facade:0, Cable Facade - Corium
appliedenergistics2:facade:0, Cable Facade - Corebblestone
appliedenergistics2:facade:0, Cable Facade - Crude Oil Extraction Pipe
appliedenergistics2:facade:0, Cable Facade - Drill Pipe
appliedenergistics2:facade:0, Cable Facade - Teleportation Anchor
appliedenergistics2:facade:0, Cable Facade - High Energy Field Jammer
appliedenergistics2:facade:0, Cable Facade - Capacitor Bus
appliedenergistics2:facade:0, Cable Facade - Muffler
appliedenergistics2:facade:0, Cable Facade - Launch Pad Component Block
appliedenergistics2:facade:0, Cable Facade - Launch Pad Scaffold Block
appliedenergistics2:facade:0, Cable Facade - PWR Fuel Rod
appliedenergistics2:facade:0, Cable Facade - PWR Control Rod
appliedenergistics2:facade:0, Cable Facade - PWR Coolant Channel
appliedenergistics2:facade:0, Cable Facade - PWR Heat Exchanger
appliedenergistics2:facade:0, Cable Facade - PWR Heatsink
appliedenergistics2:facade:0, Cable Facade - PWR Neutron Source
appliedenergistics2:facade:0, Cable Facade - PWR Neutron Reflector
appliedenergistics2:facade:0, Cable Facade - PWR Pressure Vessel
appliedenergistics2:facade:0, Cable Facade - PWR Access Port
appliedenergistics2:facade:0, Cable Facade - Plasma Heater Component
appliedenergistics2:facade:0, Cable Facade - Duct Deco Block
appliedenergistics2:facade:0, Cable Facade - Fusion Reactor Control
appliedenergistics2:facade:0, Cable Facade - Superconducting BSCCO Coils
appliedenergistics2:facade:0, Cable Facade - ICF Stability Element
appliedenergistics2:facade:0, Cable Facade - ICF Laser Casing
appliedenergistics2:facade:0, Cable Facade - Watz Reaction Chamber
appliedenergistics2:facade:0, Cable Facade - Watz Reactor Supercooler
appliedenergistics2:facade:0, Cable Facade - Watz Stability Element
appliedenergistics2:facade:0, Cable Facade - Particle Accelerator Plating
appliedenergistics2:facade:0, Cable Facade - Particle Accelerator Plating (Blue)
appliedenergistics2:facade:0, Cable Facade - Particle Accelerator Plating (Black)
appliedenergistics2:facade:0, Cable Facade - Particle Accelerator Plating (YelloDye)
appliedenergistics2:facade:0, Cable Facade - Particle Accelerator Plating (Cool Hazard Stripes)
appliedenergistics2:facade:0, Cable Facade - Particle Accelerator Plating (VOLTZ)
appliedenergistics2:facade:0, Cable Facade - Particle Accelerator Plating (Window)
appliedenergistics2:facade:0, Cable Facade - Dense Superconducting Coil
appliedenergistics2:facade:0, Cable Facade - Dense Gold Coil
appliedenergistics2:facade:0, Cable Facade - Dense Neodymium Coil
appliedenergistics2:facade:0, Cable Facade - Dense 4000K Superconductor Coil
appliedenergistics2:facade:0, Cable Facade - Dense Schrabidic Coil
appliedenergistics2:facade:0, Cable Facade - Dense Schrabidate Coil
appliedenergistics2:facade:0, Cable Facade - Dense Starmetal Coil
appliedenergistics2:facade:0, Cable Facade - Dense Chlorophyte Coil
appliedenergistics2:facade:0, Cable Facade - Dense Mese Coil
appliedenergistics2:facade:0, Cable Facade - Particle Accelerator Analysis Chamber Wall
appliedenergistics2:facade:0, Cable Facade - Particle Accelerator Analysis Chamber Window
appliedenergistics2:facade:0, Cable Facade - Radiation Absorber
appliedenergistics2:facade:0, Cable Facade - Radiation Absorber (LEGACY)
appliedenergistics2:facade:0, Cable Facade - Enhanced Radiation Absorber (LEGACY)
appliedenergistics2:facade:0, Cable Facade - Advanced Radiation Absorber (LEGACY)
appliedenergistics2:facade:0, Cable Facade - Elite Radiation Absorber (LEGACY)
appliedenergistics2:facade:0, Cable Facade - Taint
appliedenergistics2:facade:0, Cable Facade - Cloud Residue
appliedenergistics2:facade:0, Cable Facade - Sulfurous Stone
appliedenergistics2:facade:0, Cable Facade - Ancient Scrap Metal
appliedenergistics2:facade:0, Cable Facade - Dirt
appliedenergistics2:facade:0, Cable Facade - Pink Log
appliedenergistics2:facade:0, Cable Facade - Pink Wood Planks
appliedenergistics2:crystal_seed:0, Certus Quartz Seed
appliedenergistics2:crystal_seed:600, Nether Quartz Seed
appliedenergistics2:crystal_seed:1200, Fluix Seed
appliedenergistics2:crystal_seed:0, Certus Quartz Seed
appliedenergistics2:crystal_seed:600, Nether Quartz Seed
appliedenergistics2:crystal_seed:1200, Fluix Seed
appliedenergistics2:crystal_seed:0, Certus Quartz Seed
appliedenergistics2:crystal_seed:600, Nether Quartz Seed
appliedenergistics2:crystal_seed:1200, Fluix Seed
appliedenergistics2:encoded_pattern, Encoded Pattern
appliedenergistics2:paint_ball:0, Paint Ball - White
appliedenergistics2:paint_ball:1, Paint Ball - Orange
appliedenergistics2:paint_ball:2, Paint Ball - Magenta
appliedenergistics2:paint_ball:3, Paint Ball - Light Blue
appliedenergistics2:paint_ball:4, Paint Ball - Yellow
appliedenergistics2:paint_ball:5, Paint Ball - Lime
appliedenergistics2:paint_ball:6, Paint Ball - Pink
appliedenergistics2:paint_ball:7, Paint Ball - Gray
appliedenergistics2:paint_ball:8, Paint Ball - Light Gray
appliedenergistics2:paint_ball:9, Paint Ball - Cyan
appliedenergistics2:paint_ball:10, Paint Ball - Purple
appliedenergistics2:paint_ball:11, Paint Ball - Blue
appliedenergistics2:paint_ball:12, Paint Ball - Brown
appliedenergistics2:paint_ball:13, Paint Ball - Green
appliedenergistics2:paint_ball:14, Paint Ball - Red
appliedenergistics2:paint_ball:15, Paint Ball - Black
appliedenergistics2:paint_ball:20, Paint Ball - Lumen White
appliedenergistics2:paint_ball:21, Paint Ball - Lumen Orange
appliedenergistics2:paint_ball:22, Paint Ball - Lumen Magenta
appliedenergistics2:paint_ball:23, Paint Ball - Lumen Light Blue
appliedenergistics2:paint_ball:24, Paint Ball - Lumen Yellow
appliedenergistics2:paint_ball:25, Paint Ball - Lumen Lime
appliedenergistics2:paint_ball:26, Paint Ball - Lumen Pink
appliedenergistics2:paint_ball:27, Paint Ball - Lumen Gray
appliedenergistics2:paint_ball:28, Paint Ball - Lumen Light Gray
appliedenergistics2:paint_ball:29, Paint Ball - Lumen Cyan
appliedenergistics2:paint_ball:30, Paint Ball - Lumen Purple
appliedenergistics2:paint_ball:31, Paint Ball - Lumen Blue
appliedenergistics2:paint_ball:32, Paint Ball - Lumen Brown
appliedenergistics2:paint_ball:33, Paint Ball - Lumen Green
appliedenergistics2:paint_ball:34, Paint Ball - Lumen Red
appliedenergistics2:paint_ball:35, Paint Ball - Lumen Black
appliedenergistics2:dummy_fluid_item, item.appliedenergistics2.dummy_fluid_item.name
appliedenergistics2:material:28, Advanced Card
appliedenergistics2:material:44, Annihilation Core
appliedenergistics2:material:25, Basic Card
appliedenergistics2:material:52, Blank Pattern
appliedenergistics2:material:23, Calculation Processor
appliedenergistics2:material:13, Inscriber Calculation Press
appliedenergistics2:material:16, Printed Calculation Circuit
appliedenergistics2:material:27, Capacity Card
appliedenergistics2:material:53, Crafting Card
appliedenergistics2:material:29, Fuzzy Card
appliedenergistics2:material:31, Inverter Card
appliedenergistics2:material:60, Magnet Card
appliedenergistics2:material:58, Pattern Expansion Card
appliedenergistics2:material:59, Quantum Link Card
appliedenergistics2:material:26, Redstone Card
appliedenergistics2:material:30, Acceleration Card
appliedenergistics2:material:61, Sticky Card
appliedenergistics2:material:34, §d128³§r Spatial Component
appliedenergistics2:material:37, §a16k§r ME Storage Component
appliedenergistics2:material:33, §916³§r Spatial Component
appliedenergistics2:material:35, §61k§r ME Storage Component
appliedenergistics2:material:32, §62³§r Spatial Component
appliedenergistics2:material:36, §e4k§r ME Storage Component
appliedenergistics2:material:38, §b64k§r ME Storage Component
appliedenergistics2:material:0, Certus Quartz Crystal
appliedenergistics2:material:1, Charged Certus Quartz Crystal
appliedenergistics2:material:2, Certus Quartz Dust
appliedenergistics2:material:39, ME Storage Housing
appliedenergistics2:material:46, Ender Dust
appliedenergistics2:material:24, Engineering Processor
appliedenergistics2:material:14, Inscriber Engineering Press
appliedenergistics2:material:17, Printed Engineering Circuit
appliedenergistics2:material:4, Flour
appliedenergistics2:material:56, §a16k§r ME Fluid Storage Component
appliedenergistics2:material:54, §61k§r ME Fluid Storage Component
appliedenergistics2:material:55, §e4k§r ME Fluid Storage Component
appliedenergistics2:material:57, §b64k§r ME Fluid Storage Component
appliedenergistics2:material:7, Fluix Crystal
appliedenergistics2:material:8, Fluix Dust
appliedenergistics2:material:9, Fluix Pearl
appliedenergistics2:material:43, Formation Core
appliedenergistics2:material:51, Gold Dust
appliedenergistics2:material:49, Iron Dust
appliedenergistics2:material:22, Logic Processor
appliedenergistics2:material:15, Inscriber Logic Press
appliedenergistics2:material:18, Printed Logic Circuit
appliedenergistics2:material:6, Matter Ball
appliedenergistics2:material:21, Inscriber Name Press
appliedenergistics2:material:3, Nether Quartz Dust
appliedenergistics2:material:10, Pure Certus Quartz Crystal
appliedenergistics2:material:12, Pure Fluix Crystal
appliedenergistics2:material:11, Pure Nether Quartz Crystal
appliedenergistics2:material:48, Quantum Entangled Singularity
appliedenergistics2:material:5, Silicon
appliedenergistics2:material:19, Inscriber Silicon Press
appliedenergistics2:material:20, Printed Silicon
appliedenergistics2:material:47, Singularity
appliedenergistics2:material:45, Sky Stone Dust
appliedenergistics2:material:41, Wireless Receiver
appliedenergistics2:material:42, Wireless Booster
appliedenergistics2:material:40, Wooden Gear
appliedenergistics2:part:300, ME Annihilation Plane
appliedenergistics2:part:120, Cable Anchor
appliedenergistics2:part:20, ME Covered Cable - White
appliedenergistics2:part:21, ME Covered Cable - Orange
appliedenergistics2:part:22, ME Covered Cable - Magenta
appliedenergistics2:part:23, ME Covered Cable - Light Blue
appliedenergistics2:part:24, ME Covered Cable - Yellow
appliedenergistics2:part:25, ME Covered Cable - Lime
appliedenergistics2:part:26, ME Covered Cable - Pink
appliedenergistics2:part:27, ME Covered Cable - Gray
appliedenergistics2:part:28, ME Covered Cable - Light Gray
appliedenergistics2:part:29, ME Covered Cable - Cyan
appliedenergistics2:part:30, ME Covered Cable - Purple
appliedenergistics2:part:31, ME Covered Cable - Blue
appliedenergistics2:part:32, ME Covered Cable - Brown
appliedenergistics2:part:33, ME Covered Cable - Green
appliedenergistics2:part:34, ME Covered Cable - Red
appliedenergistics2:part:35, ME Covered Cable - Black
appliedenergistics2:part:36, ME Covered Cable - Fluix
appliedenergistics2:part:500, ME Dense Covered Cable - White
appliedenergistics2:part:501, ME Dense Covered Cable - Orange
appliedenergistics2:part:502, ME Dense Covered Cable - Magenta
appliedenergistics2:part:503, ME Dense Covered Cable - Light Blue
appliedenergistics2:part:504, ME Dense Covered Cable - Yellow
appliedenergistics2:part:505, ME Dense Covered Cable - Lime
appliedenergistics2:part:506, ME Dense Covered Cable - Pink
appliedenergistics2:part:507, ME Dense Covered Cable - Gray
appliedenergistics2:part:508, ME Dense Covered Cable - Light Gray
appliedenergistics2:part:509, ME Dense Covered Cable - Cyan
appliedenergistics2:part:510, ME Dense Covered Cable - Purple
appliedenergistics2:part:511, ME Dense Covered Cable - Blue
appliedenergistics2:part:512, ME Dense Covered Cable - Brown
appliedenergistics2:part:513, ME Dense Covered Cable - Green
appliedenergistics2:part:514, ME Dense Covered Cable - Red
appliedenergistics2:part:515, ME Dense Covered Cable - Black
appliedenergistics2:part:516, ME Dense Covered Cable - Fluix
appliedenergistics2:part:60, ME Dense Smart Cable - White
appliedenergistics2:part:61, ME Dense Smart Cable - Orange
appliedenergistics2:part:62, ME Dense Smart Cable - Magenta
appliedenergistics2:part:63, ME Dense Smart Cable - Light Blue
appliedenergistics2:part:64, ME Dense Smart Cable - Yellow
appliedenergistics2:part:65, ME Dense Smart Cable - Lime
appliedenergistics2:part:66, ME Dense Smart Cable - Pink
appliedenergistics2:part:67, ME Dense Smart Cable - Gray
appliedenergistics2:part:68, ME Dense Smart Cable - Light Gray
appliedenergistics2:part:69, ME Dense Smart Cable - Cyan
appliedenergistics2:part:70, ME Dense Smart Cable - Purple
appliedenergistics2:part:71, ME Dense Smart Cable - Blue
appliedenergistics2:part:72, ME Dense Smart Cable - Brown
appliedenergistics2:part:73, ME Dense Smart Cable - Green
appliedenergistics2:part:74, ME Dense Smart Cable - Red
appliedenergistics2:part:75, ME Dense Smart Cable - Black
appliedenergistics2:part:76, ME Dense Smart Cable - Fluix
appliedenergistics2:part:0, ME Glass Cable - White
appliedenergistics2:part:1, ME Glass Cable - Orange
appliedenergistics2:part:2, ME Glass Cable - Magenta
appliedenergistics2:part:3, ME Glass Cable - Light Blue
appliedenergistics2:part:4, ME Glass Cable - Yellow
appliedenergistics2:part:5, ME Glass Cable - Lime
appliedenergistics2:part:6, ME Glass Cable - Pink
appliedenergistics2:part:7, ME Glass Cable - Gray
appliedenergistics2:part:8, ME Glass Cable - Light Gray
appliedenergistics2:part:9, ME Glass Cable - Cyan
appliedenergistics2:part:10, ME Glass Cable - Purple
appliedenergistics2:part:11, ME Glass Cable - Blue
appliedenergistics2:part:12, ME Glass Cable - Brown
appliedenergistics2:part:13, ME Glass Cable - Green
appliedenergistics2:part:14, ME Glass Cable - Red
appliedenergistics2:part:15, ME Glass Cable - Black
appliedenergistics2:part:16, ME Glass Cable - Fluix
appliedenergistics2:part:40, ME Smart Cable - White
appliedenergistics2:part:41, ME Smart Cable - Orange
appliedenergistics2:part:42, ME Smart Cable - Magenta
appliedenergistics2:part:43, ME Smart Cable - Light Blue
appliedenergistics2:part:44, ME Smart Cable - Yellow
appliedenergistics2:part:45, ME Smart Cable - Lime
appliedenergistics2:part:46, ME Smart Cable - Pink
appliedenergistics2:part:47, ME Smart Cable - Gray
appliedenergistics2:part:48, ME Smart Cable - Light Gray
appliedenergistics2:part:49, ME Smart Cable - Cyan
appliedenergistics2:part:50, ME Smart Cable - Purple
appliedenergistics2:part:51, ME Smart Cable - Blue
appliedenergistics2:part:52, ME Smart Cable - Brown
appliedenergistics2:part:53, ME Smart Cable - Green
appliedenergistics2:part:54, ME Smart Cable - Red
appliedenergistics2:part:55, ME Smart Cable - Black
appliedenergistics2:part:56, ME Smart Cable - Fluix
appliedenergistics2:part:420, ME Conversion Monitor
appliedenergistics2:part:360, ME Crafting Terminal
appliedenergistics2:part:200, Dark Illuminated Panel
appliedenergistics2:part:341, ME Extended Processing Pattern Terminal
appliedenergistics2:part:260, ME Export Bus
appliedenergistics2:part:302, ME Fluid Annihilation Plane
appliedenergistics2:part:261, ME Fluid Export Bus
appliedenergistics2:part:321, ME Fluid Formation Plane
appliedenergistics2:part:241, ME Fluid Import Bus
appliedenergistics2:part:441, ME Fluid Interface
appliedenergistics2:part:522, ME Fluid Interface Configuration Terminal
appliedenergistics2:part:281, ME Fluid Level Emitter
appliedenergistics2:part:221, ME Fluid Storage Bus
appliedenergistics2:part:520, ME Fluid Terminal
appliedenergistics2:part:320, ME Formation Plane
appliedenergistics2:part:301, ME Identity Annihilation Plane
appliedenergistics2:part:240, ME Import Bus
appliedenergistics2:part:440, ME Interface
appliedenergistics2:part:521, ME Interface Configuration Terminal
appliedenergistics2:part:480, ME Interface Terminal
appliedenergistics2:part:100, ME Inverted Toggle Bus
appliedenergistics2:part:280, ME Level Emitter
appliedenergistics2:part:160, Bright Illuminated Panel
appliedenergistics2:part:222, ME OreDict Storage Bus
appliedenergistics2:part:469, P2P Tunnel - FE
appliedenergistics2:part:463, P2P Tunnel - Fluid
appliedenergistics2:part:462, P2P Tunnel - Item
appliedenergistics2:part:467, P2P Tunnel - Light
appliedenergistics2:part:460, P2P Tunnel - ME
appliedenergistics2:part:461, P2P Tunnel - Redstone
appliedenergistics2:part:340, ME Pattern Terminal
appliedenergistics2:part:140, Quartz Fiber
appliedenergistics2:part:180, Illuminated Panel
appliedenergistics2:part:220, ME Storage Bus
appliedenergistics2:part:400, ME Storage Monitor
appliedenergistics2:part:380, ME Terminal
appliedenergistics2:part:80, ME Toggle Bus
ags_modernmarkings:chalk, Chalk
ags_modernmarkings:floor_marking_black_singleline, Black Line Floor Marking
ags_modernmarkings:floor_marking_blue_singleline, Blue Line Floor Marking
ags_modernmarkings:floor_marking_danger_red, Red Danger Floor Marking
ags_modernmarkings:floor_marking_danger_yellow, Yellow Danger Floor Marking
ags_modernmarkings:floor_marking_exit, Exit Floor Marking
ags_modernmarkings:floor_marking_green_singleline, Green Line Floor Marking
ags_modernmarkings:floor_marking_noentry, No Entry Floor Marking
ags_modernmarkings:floor_marking_nostep, No Step Floor Marking
ags_modernmarkings:floor_marking_orange_singleline, Orange Line Floor Marking
ags_modernmarkings:floor_marking_red_hazardline, Red Hazard Line Floor Marking
ags_modernmarkings:floor_marking_red_singleline, Red Line Floor Marking
ags_modernmarkings:floor_marking_redx, Red X Floor Marking
ags_modernmarkings:floor_marking_white_arrow, White Arrow Floor Marking
ags_modernmarkings:floor_marking_white_lane, White Lane Floor Marking
ags_modernmarkings:floor_marking_white_lane_cross, White Lane Cross Floor Marking
ags_modernmarkings:floor_marking_white_singleline, White Line Floor Marking
ags_modernmarkings:floor_marking_white_square, White Square Floor Marking
ags_modernmarkings:floor_marking_whiteblack_hazardline, White Hazard Line Floor Marking
ags_modernmarkings:floor_marking_yellow_arrow, Yellow Arrow Floor Marking
ags_modernmarkings:floor_marking_yellow_hazardline, Yellow Hazard Line Floor Marking
ags_modernmarkings:floor_marking_yellow_lane, Yellow Lane Floor Marking
ags_modernmarkings:floor_marking_yellow_sideline, Yellow Sideline Floor Marking
ags_modernmarkings:floor_marking_yellow_singleline, Yellow Line Floor Marking
ags_modernmarkings:floor_marking_yellow_square, Yellow Square Floor Marking
ags_modernmarkings:floor_marking_yellow_stripes, Yellow Stripes Floor Marking
ags_modernmarkings:floor_marking_black_corner, Black Corner Floor Marking
ags_modernmarkings:floor_marking_blue_corner, Blue Corner Floor Marking
ags_modernmarkings:floor_marking_green_corner, Green Corner Floor Marking
ags_modernmarkings:floor_marking_orange_corner, Orange Corner Floor Marking
ags_modernmarkings:floor_marking_white_corner, White Corner Floor Marking
ags_modernmarkings:floor_marking_yellow_corner, Yellow Corner Floor Marking
ags_modernmarkings:floor_marking_red_corner, Red Corner Floor Marking
ags_modernmarkings:wall_marking_number_0, 0 Wall Marking
ags_modernmarkings:wall_marking_number_1, 1 Wall Marking
ags_modernmarkings:wall_marking_number_2, 2 Wall Marking
ags_modernmarkings:wall_marking_number_3, 3 Wall Marking
ags_modernmarkings:wall_marking_number_4, 4 Wall Marking
ags_modernmarkings:wall_marking_number_5, 5 Wall Marking
ags_modernmarkings:wall_marking_number_6, 6 Wall Marking
ags_modernmarkings:wall_marking_number_7, 7 Wall Marking
ags_modernmarkings:wall_marking_number_8, 8 Wall Marking
ags_modernmarkings:wall_marking_number_9, 9 Wall Marking
ags_modernmarkings:wall_marking_number_no, No. Wall Marking
ags_modernmarkings:wall_marking_number_numero, Numero Wall Marking
ags_modernmarkings:wall_marking_number_dash, - Wall Marking
ags_modernmarkings:wall_marking_number_comma, Comma Wall Marking
ags_modernmarkings:wall_marking_number_period, Period Wall Marking
ags_modernmarkings:wall_marking_hazard_diamond, Hazard Diamond Wall Marking
ags_modernmarkings:wall_marking_exclamation_mark, Exclamation Mark Wall Marking
ags_modernmarkings:wall_marking_question_mark, Question Mark Wall Marking
ags_modernmarkings:wall_marking_symbol_chemical, Chemical Wall Symbol
ags_modernmarkings:wall_marking_symbol_electric, Electric Wall Symbol
ags_modernmarkings:wall_marking_symbol_fire, Fire Wall Symbol
ags_modernmarkings:wall_marking_symbol_fluid, Fluid Wall Symbol
ags_modernmarkings:wall_marking_symbol_frost, Frost Wall Symbol
ags_modernmarkings:wall_marking_symbol_gears, Gears Wall Symbol
ags_modernmarkings:wall_marking_symbol_laser, Laser Wall Symbol
ags_modernmarkings:wall_marking_symbol_magic, Magic Wall Symbol
ags_modernmarkings:wall_marking_symbol_mob, Mob Wall Symbol
ags_modernmarkings:wall_marking_symbol_pinch, Pinch Point Wall Symbol
ags_modernmarkings:wall_marking_symbol_production, Production Wall Symbol
ags_modernmarkings:wall_marking_symbol_radiation, Radiation Wall Symbol
ags_modernmarkings:wall_marking_symbol_storage, Storage Wall Symbol
ags_modernmarkings:wall_marking_warning_danger, Warning Wall Marking
ags_modernmarkings:wall_marking_arrowleft, Arrow Left Wall Marking
ags_modernmarkings:wall_marking_arrowright, Arrow Right Wall Marking
ags_modernmarkings:wall_marking_exit, Exit Wall Marking
ags_modernmarkings:wall_marking_hazardline_left, Hazardline Left Corner Marking
ags_modernmarkings:wall_marking_hazardline_right, Hazardline Right Corner Wall Marking
ags_modernmarkings:wall_marking_symbol_yellow_chemical, Yellow Chemical Wall Symbol
ags_modernmarkings:wall_marking_symbol_yellow_electric, Yellow Electric Wall Symbol
ags_modernmarkings:wall_marking_symbol_yellow_fire, Yellow Fire Wall Symbol
ags_modernmarkings:wall_marking_symbol_yellow_fluid, Yellow Fluid Wall Symbol
ags_modernmarkings:wall_marking_symbol_yellow_frost, Yellow Frost Wall Symbol
ags_modernmarkings:wall_marking_symbol_yellow_gears, Yellow Gears Wall Symbol
ags_modernmarkings:wall_marking_symbol_yellow_laser, Yellow Laser Wall Symbol
ags_modernmarkings:wall_marking_symbol_yellow_magic, Yellow Magic Wall Symbol
ags_modernmarkings:wall_marking_symbol_yellow_mob, Yellow Mob Wall Symbol
ags_modernmarkings:wall_marking_symbol_yellow_pinch, Pinch Point Wall Symbol
ags_modernmarkings:wall_marking_symbol_yellow_production, Production Wall Symbol
ags_modernmarkings:wall_marking_symbol_yellow_radiation, Radiation Wall Symbol
ags_modernmarkings:wall_marking_symbol_yellow_storage, Yellow Storage Wall Symbol
ags_modernmarkings:wall_marking_symbol_jeo, Just Enough Opinions Podcast Symbol(product placement!)
ags_modernmarkings:wall_marking_voltage_ulv, ULV Voltage Wall Symbol
ags_modernmarkings:wall_marking_voltage_steam, Steam Tier Wall Symbol
ags_modernmarkings:wall_marking_voltage_eu, EU Wall Symbol
ags_modernmarkings:wall_marking_voltage_ev, Extreme Voltage Wall Symbol
ags_modernmarkings:wall_marking_voltage_fe, Forge Energy Wall Symbol
ags_modernmarkings:wall_marking_voltage_hv, High Voltage Wall Symbol
ags_modernmarkings:wall_marking_voltage_iv, Insane Voltage Wall Symbol
ags_modernmarkings:wall_marking_voltage_luv, Ludicrous Voltage Wall Symbol
ags_modernmarkings:wall_marking_voltage_lv, Low Voltage Wall Symbol
ags_modernmarkings:wall_marking_voltage_max, MAX Voltage Wall Symbol
ags_modernmarkings:wall_marking_voltage_mv, Medium Voltage Wall Symbol
ags_modernmarkings:wall_marking_voltage_pert, per tick Wall Symbol
ags_modernmarkings:wall_marking_voltage_rf, Redstone Flux Wall Symbol
ags_modernmarkings:wall_marking_voltage_uev, UEV Voltage Wall Symbol
ags_modernmarkings:wall_marking_voltage_uhv, UHV Voltage Wall Symbol
ags_modernmarkings:wall_marking_voltage_uiv, UIV Voltage Wall Symbol
ags_modernmarkings:wall_marking_voltage_umv, UMV Voltage Wall Symbol
ags_modernmarkings:wall_marking_voltage_uv, UV Voltage Wall Symbol
ags_modernmarkings:wall_marking_voltage_uxv, UXV Voltage Wall Symbol
ags_modernmarkings:wall_marking_voltage_zpm, Zero Point Module Voltage Wall Symbol
avaritiarecipemaker:avaritiarecipemakerblock, Avaritia Recipe Factory
avaritiarecipemaker:vanillarecipemakerblock, Vanilla Recipe Factory
betterquesting:placeholder, Item Placeholder
betterquesting:extra_life:0, Extra Life
betterquesting:extra_life:1, Half Heart
betterquesting:extra_life:2, Quarter Heart
betterquesting:guide_book, Better Questing Starter Guide
bq_standard:loot_chest, Loot Chest
betterquesting:quest_book, Quest Book
betterquesting:submit_station, Object Submission Station (OSS)
chisel:auto_chisel, Auto Chisel
chisel:chisel_iron, Chisel
chisel:chisel_diamond, Diamond Chisel
chisel:chisel_hitech, iChisel
chisel:offsettool, Ender Offset Wand
comforts:sleeping_bag:0, White Sleeping Bag
comforts:sleeping_bag:1, Orange Sleeping Bag
comforts:sleeping_bag:2, Magenta Sleeping Bag
comforts:sleeping_bag:3, Light Blue Sleeping Bag
comforts:sleeping_bag:4, Yellow Sleeping Bag
comforts:sleeping_bag:5, Lime Sleeping Bag
comforts:sleeping_bag:6, Pink Sleeping Bag
comforts:sleeping_bag:7, Gray Sleeping Bag
comforts:sleeping_bag:8, Light Gray Sleeping Bag
comforts:sleeping_bag:9, Cyan Sleeping Bag
comforts:sleeping_bag:10, Purple Sleeping Bag
comforts:sleeping_bag:11, Blue Sleeping Bag
comforts:sleeping_bag:12, Brown Sleeping Bag
comforts:sleeping_bag:13, Green Sleeping Bag
comforts:sleeping_bag:14, Red Sleeping Bag
comforts:sleeping_bag:15, Black Sleeping Bag
comforts:hammock:0, White Hammock Cloth
comforts:hammock:1, Orange Hammock Cloth
comforts:hammock:2, Magenta Hammock Cloth
comforts:hammock:3, Light Blue Hammock Cloth
comforts:hammock:4, Yellow Hammock Cloth
comforts:hammock:5, Lime Hammock Cloth
comforts:hammock:6, Pink Hammock Cloth
comforts:hammock:7, Gray Hammock Cloth
comforts:hammock:8, Light Gray Hammock Cloth
comforts:hammock:9, Cyan Hammock Cloth
comforts:hammock:10, Purple Hammock Cloth
comforts:hammock:11, Blue Hammock Cloth
comforts:hammock:12, Brown Hammock Cloth
comforts:hammock:13, Green Hammock Cloth
comforts:hammock:14, Red Hammock Cloth
comforts:hammock:15, Black Hammock Cloth
comforts:rope, Rope and Nail
cookingforblockheads:cooking_table, Cooking Table
cookingforblockheads:oven, Oven
cookingforblockheads:fridge, Fridge
cookingforblockheads:sink, Sink
cookingforblockheads:tool_rack, Tool Rack
cookingforblockheads:toaster, Toaster
cookingforblockheads:milk_jar, Milk Jar
cookingforblockheads:cow_jar, Cow in a Jar
cookingforblockheads:spice_rack, Spice Rack
cookingforblockheads:counter, Kitchen Counter
cookingforblockheads:cabinet, Kitchen Cabinet
cookingforblockheads:corner, Kitchen Corner
cookingforblockheads:kitchen_floor, Kitchen Floor
cookingforblockheads:fruit_basket, Fruit Basket
cookingforblockheads:cutting_board, Cutting Board
cookingforblockheads:recipe_book:0, Cooking for Blockheads
cookingforblockheads:recipe_book:1, Cooking for Blockheads I
cookingforblockheads:recipe_book:2, Cooking for Blockheads II
cookingforblockheads:heating_unit, Heating Unit
cookingforblockheads:ice_unit, Ice Unit
cookingforblockheads:preservation_chamber, Preservation Chamber
coroutil:repairing_block, Repairing Block
coroutil:item_repairing_gel, Repairing Gel
industrialrenewal:chunk_hematite, Hematite Chunk
industrialrenewal:prospecting_pan, Prospecting Pan
industrialrenewal:ir_manual, Industrial Renewal Manual
industrialrenewal:ingot_steel, Steel Ingot
industrialrenewal:sponge_iron, Sponge Iron
industrialrenewal:screwdrive, Powered Screwdrive
industrialrenewal:cart_linkable, item.industrialrenewal.cart_linkable.name
industrialrenewal:steel_saw, Steel Saw
industrialrenewal:cargo_container, Cargo Cart
industrialrenewal:cart_hopper, Bulk Cargo Cart
industrialrenewal:fluid_container, Fluid Tank Cart
industrialrenewal:steam_locomotive, Steam Locomotive (WIP)
industrialrenewal:log_cart, Log Cart
industrialrenewal:passenger_car, Passenger Cart
industrialrenewal:minecart_flat, Flat Cart
industrialrenewal:tender, Tender
industrialrenewal:small_slab, Small Slab
industrialrenewal:stick_iron, Iron Rod
industrialrenewal:stick_steel, Steel Rod
industrialrenewal:medkit, MedKit
industrialrenewal:item_fire_extinguisher, Fire Extinguisher
industrialrenewal:safety_helmet, Safety Helmet
industrialrenewal:safety_belt, Safety Belt
industrialrenewal:record_royal_entrance, Music Disc
industrialrenewal:plow_iron, Iron Snow Plow (WIP)
industrialrenewal:cartridge_plus, Redstone Cartridge Plus
industrialrenewal:cartridge_minus, Redstone Cartridge Minus
industrialrenewal:cartridge_half, Redstone Cartridge Half
industrialrenewal:cartridge_double, Redstone Cartridge Double
industrialrenewal:cartridge_inverter, Redstone Cartridge Inverter
industrialrenewal:coil_hv, Ultra-HV Wire Coil
industrialrenewal:pointer, item.industrialrenewal.pointer.name
industrialrenewal:limiter, item.industrialrenewal.limiter.name
industrialrenewal:pointer_long, item.industrialrenewal.pointer_long.name
industrialrenewal:bar_level, item.industrialrenewal.bar_level.name
industrialrenewal:fire, item.industrialrenewal.fire.name
industrialrenewal:barrel_item, Barrel
industrialrenewal:firebox_solid, Firebox for Solid Fuel
industrialrenewal:firebox_fluid, Firebox for Liquid Fuel
industrialrenewal:battery, Battery
industrialrenewal:battery_lithium, Lithium Battery
industrialrenewal:motor, Motor
industrialrenewal:small_wind_blade, Wind Generator Blades
industrialrenewal:drill_steel, Steel Drill
industrialrenewal:drill_diamond, Diamond Drill
industrialrenewal:drill_deep, Deep Drill
industrialrenewal:fluid_loader_arm, item.industrialrenewal.fluid_loader_arm.name
industrialrenewal:rotary_drum, item.industrialrenewal.rotary_drum.name
industrialrenewal:lathecutter, item.industrialrenewal.lathecutter.name
industrialrenewal:indicator_on, item.industrialrenewal.indicator_on.name
industrialrenewal:indicator_off, item.industrialrenewal.indicator_off.name
industrialrenewal:switch_on, item.industrialrenewal.switch_on.name
industrialrenewal:switch_off, item.industrialrenewal.switch_off.name
industrialrenewal:push_button, item.industrialrenewal.push_button.name
industrialrenewal:label_5, item.industrialrenewal.label_5.name
industrialrenewal:disc_r, item.industrialrenewal.disc_r.name
industrialrenewal:regen_wand, Wand of Deep Vein Search
industrialrenewal:orevein_hematite, Hematite
industrialrenewal:block_hazard, Physical Hazard
industrialrenewal:aisle_hazard, Housekeeping and Aisle Hazard
industrialrenewal:caution_hazard, Traffic and Caution Hazard
industrialrenewal:defective_hazard, Defective Machinery Hazard
industrialrenewal:fire_hazard, Fire Prevention Hazard
industrialrenewal:radiation_hazard, Radiation Hazard
industrialrenewal:safety_hazard, Safety and First Aid Hazard
industrialrenewal:concrete, Concrete
industrialrenewal:block_steel, Block of Steel
industrialrenewal:platform, Platform
industrialrenewal:roof, Roof
industrialrenewal:frame, Rail Frame
industrialrenewal:catwalk_hatch, Hatch
industrialrenewal:bunker_hatch, Bunker Hatch
industrialrenewal:window, Windows
industrialrenewal:catwalk, Catwalk
industrialrenewal:handrail, Handrail
industrialrenewal:catwalk_stair, Stair
industrialrenewal:catwalk_ladder, Caged Ladder
industrialrenewal:catwalk_gate, Catwalk Gate
industrialrenewal:catwalk_pillar, Pillar
industrialrenewal:catwalk_column, Column
industrialrenewal:brace, Brace Beam
industrialrenewal:catwalk_steel, Steel Catwalk
industrialrenewal:handrail_steel, Steel Handrail
industrialrenewal:catwalk_stair_steel, Steel Stair
industrialrenewal:catwalk_ladder_steel, Caged Steel Ladder
industrialrenewal:catwalk_steel_pillar, Steel Pillar
industrialrenewal:catwalk_column_steel, Steel Column
industrialrenewal:brace_steel, Steel Brace Beam
industrialrenewal:lathe, Lathe Machine
industrialrenewal:alarm, Industrial Alarm
industrialrenewal:entity_detector, Entity Detector
industrialrenewal:flame_detector, Flame Detector
industrialrenewal:sensor_rain, Rain Sensor
industrialrenewal:fuse_box, Fuse Box
industrialrenewal:conduit_extension, Fuse Box Extension
industrialrenewal:conduit_connector, Redstone Fuse Box Connector
industrialrenewal:signal_indicator, Signal Indicator
industrialrenewal:traffic_light, Traffic Light
industrialrenewal:firstaid_kit, First-aid Box
industrialrenewal:record_player, Multi Record Player
industrialrenewal:locker, Locker
industrialrenewal:bunkbed, Bunk Bed
industrialrenewal:gutter, Gutter
industrialrenewal:block_chimney, Chimney
industrialrenewal:scaffold, Scaffold
industrialrenewal:electric_fence, Electric Fence
industrialrenewal:fence_big_column, Big Fence Column
industrialrenewal:fence_big_corner, Big Fence Corner
industrialrenewal:fence_big_corner_inner, Big Fence Inner Corner
industrialrenewal:wall_concrete, Concrete Wall
industrialrenewal:fence_big_wire, Big Fence Wire
industrialrenewal:electric_gate, Electric Gate
industrialrenewal:razor_wire, Razor Wire
industrialrenewal:dam_intake, Dam Intake
industrialrenewal:dam_outflow, Dam OutFlow
industrialrenewal:sign_hv, Hazard Sign
industrialrenewal:fluorescent, Fluorescent Light
industrialrenewal:light, External Light
industrialrenewal:industrial_floor, Industrial Floor
industrialrenewal:isolator_hv, Ultra-HV Isolator
industrialrenewal:energy_cable_lv, Energy Cable LV
industrialrenewal:energy_cable, Energy Cable MV
industrialrenewal:energy_cable_hv, Energy Cable HV
industrialrenewal:cable_tray, Cable Tray
industrialrenewal:fluid_pipe, Fluid Pipe
industrialrenewal:energy_switch, Energy Breaker
industrialrenewal:valve_pipe_large, Fluid Valve
industrialrenewal:infinity_generator, Creative Infinity §mScam§r §fEnergy Generator
industrialrenewal:solar_panel, Basic Solar Panel
industrialrenewal:solar_panel_frame, Solar Panel Frame
industrialrenewal:small_wind_turbine, Wind Turbine
industrialrenewal:small_wind_turbine_pillar, Wind Turbine Pillar
industrialrenewal:portable_generator, Portable Generator
industrialrenewal:normal_rail, Rail
industrialrenewal:booster_rail, Booster Rail
industrialrenewal:crossing_rail, Crossing Rail
industrialrenewal:detector_rail, Detector Rail
industrialrenewal:rail_loader, Transfer Rail
industrialrenewal:rail_gate, Rail Gate
industrialrenewal:buffer_stop_rail, Buffer Stop Rail
industrialrenewal:cargo_loader, Cargo Cart Transfer
industrialrenewal:fluid_loader, Fluid Cart Transfer
industrialrenewal:fluid_gauge, Fluid Gauge
industrialrenewal:energy_level, Energy Level Indicator
industrialrenewal:button_red, Emergency Button
industrialrenewal:battery_bank, Battery Bank
industrialrenewal:electric_pump, Electric Pump
industrialrenewal:trash, Trash Bin
industrialrenewal:transformer_hv, Ultra-HV Transformer
industrialrenewal:dam_turbine, Dam Turbine
industrialrenewal:dam_generator, Dam Generator
industrialrenewal:dam_axis, Turbine Shaft
industrialrenewal:high_pressure_pipe, High Pressure Pipe
industrialrenewal:fluid_tank, Fluid Tank
industrialrenewal:ind_battery_bank, Industrial Battery Bank
industrialrenewal:storage_rack, Storage Rack (Crate)
industrialrenewal:storage_chest, Storage Rack (Chest)
industrialrenewal:steam_boiler, Steam Boiler
industrialrenewal:steam_turbine, Steam Turbine
industrialrenewal:mining, Mining Drill
industrialrenewal:eotm, Employee of the Month Award
industrialrenewal:eotm_andrboot, Employee of the Month (andrboot)
industrialrenewal:eotm_ic2exp, Employee of the Month (ic2exp)
industrialrenewal:chunk_loader, Chunk Loader
industrialrenewal:conveyor_bulk, Bulk Conveyor
industrialrenewal:steam, Steam
ironbackpacks:backpack:0, Basic Backpack
ironbackpacks:backpack:0, Iron Backpack
ironbackpacks:backpack:0, Iron Backpack
ironbackpacks:backpack:0, Gold Backpack
ironbackpacks:backpack:0, Gold Backpack
ironbackpacks:backpack:0, Diamond Backpack
ironbackpacks:backpack:0, Diamond Backpack
ironbackpacks:upgrade:0, Blank Upgrade
ironbackpacks:upgrade:0, Damage Bar Upgrade
ironbackpacks:upgrade:0, Latch Upgrade
ironbackpacks:upgrade:0, Extra Upgrade Point
ironjetpacks:strap, Leather Strap
ironjetpacks:basic_coil, Basic Coil
ironjetpacks:advanced_coil, Advanced Coil
ironjetpacks:elite_coil, Elite Coil
ironjetpacks:ultimate_coil, Ultimate Coil
ironjetpacks:creative_cell, Energy Cell
ironjetpacks:wood_cell, Energy Cell
ironjetpacks:copper_cell, Energy Cell
ironjetpacks:stone_cell, Energy Cell
ironjetpacks:bronze_cell, Energy Cell
ironjetpacks:iron_cell, Energy Cell
ironjetpacks:silver_cell, Energy Cell
ironjetpacks:electrum_cell, Energy Cell
ironjetpacks:gold_cell, Energy Cell
ironjetpacks:invar_cell, Energy Cell
ironjetpacks:steel_cell, Energy Cell
ironjetpacks:diamond_cell, Energy Cell
ironjetpacks:platinum_cell, Energy Cell
ironjetpacks:emerald_cell, Energy Cell
ironjetpacks:creative_thruster, Thruster
ironjetpacks:wood_thruster, Thruster
ironjetpacks:copper_thruster, Thruster
ironjetpacks:stone_thruster, Thruster
ironjetpacks:bronze_thruster, Thruster
ironjetpacks:iron_thruster, Thruster
ironjetpacks:silver_thruster, Thruster
ironjetpacks:electrum_thruster, Thruster
ironjetpacks:gold_thruster, Thruster
ironjetpacks:invar_thruster, Thruster
ironjetpacks:steel_thruster, Thruster
ironjetpacks:diamond_thruster, Thruster
ironjetpacks:platinum_thruster, Thruster
ironjetpacks:emerald_thruster, Thruster
ironjetpacks:creative_capacitor, Capacitor
ironjetpacks:wood_capacitor, Capacitor
ironjetpacks:copper_capacitor, Capacitor
ironjetpacks:stone_capacitor, Capacitor
ironjetpacks:bronze_capacitor, Capacitor
ironjetpacks:iron_capacitor, Capacitor
ironjetpacks:silver_capacitor, Capacitor
ironjetpacks:electrum_capacitor, Capacitor
ironjetpacks:gold_capacitor, Capacitor
ironjetpacks:invar_capacitor, Capacitor
ironjetpacks:steel_capacitor, Capacitor
ironjetpacks:diamond_capacitor, Capacitor
ironjetpacks:platinum_capacitor, Capacitor
ironjetpacks:emerald_capacitor, Capacitor
ironjetpacks:creative_jetpack, Jetpack
ironjetpacks:wood_jetpack, Jetpack
ironjetpacks:copper_jetpack, Jetpack
ironjetpacks:stone_jetpack, Jetpack
ironjetpacks:bronze_jetpack, Jetpack
ironjetpacks:iron_jetpack, Jetpack
ironjetpacks:silver_jetpack, Jetpack
ironjetpacks:electrum_jetpack, Jetpack
ironjetpacks:gold_jetpack, Jetpack
ironjetpacks:invar_jetpack, Jetpack
ironjetpacks:steel_jetpack, Jetpack
ironjetpacks:diamond_jetpack, Jetpack
ironjetpacks:platinum_jetpack, Jetpack
ironjetpacks:emerald_jetpack, Jetpack
itemfilters:filter, Item Filter
itemfilters:missing, Missing Item
modulardiversity:blockbiomedetector, Biome Detector
modulardiversity:blockdaylightdetector, Time Detector
modulardiversity:blockweatherdetector, Weather Detector
moreavaritia:infinitympick, Infinity-1 Pick
moreavaritia:infinitymhoe, Infinity-1 Hoe
moreavaritia:infinitymsword, Infinity-1 Sword
moreavaritia:balancedinfinitysword, Infinity Sword (Balanced)
mutantbeasts:chemical_x, Chemical X
mutantbeasts:creeper_minion_tracker, Creeper Minion Tracker
mutantbeasts:creeper_shard, Creeper Shard
mutantbeasts:endersoul_hand, Endersoul Hand
mutantbeasts:hulk_hammer, Hulk Hammer
mutantbeasts:mutant_skeleton_arms, Mutant Skeleton Arms
mutantbeasts:mutant_skeleton_limb, Mutant Skeleton Limb
mutantbeasts:mutant_skeleton_shoulder_pad, Mutant Skeleton Shoulder Pad
mutantbeasts:mutant_skeleton_rib, Mutant Skeleton Rib
mutantbeasts:mutant_skeleton_rib_cage, Mutant Skeleton Rib Cage
mutantbeasts:mutant_skeleton_pelvis, Mutant Skeleton Pelvis
mutantbeasts:mutant_skeleton_skull, Mutant Skeleton Skull
mutantbeasts:mutant_skeleton_chestplate, Mutant Skeleton Chestplate
mutantbeasts:mutant_skeleton_leggings, Mutant Skeleton Leggings
mutantbeasts:mutant_skeleton_boots, Mutant Skeleton Boots
notreepunching:cobblestone/andesite, Andesite Cobblestone
notreepunching:cobblestone/granite, Granite Cobblestone
notreepunching:cobblestone/diorite, Diorite Cobblestone
notreepunching:cobblestone/marble, Marble Cobblestone
notreepunching:cobblestone/limestone, Limestone Cobblestone
notreepunching:cobblestone/basalt, Basalt Cobblestone
notreepunching:pottery/large_vessel, Clay Large Vessel
notreepunching:pottery/small_vessel, Clay Small Vessel
notreepunching:pottery/bucket, Clay Bucket
notreepunching:pottery/flower_pot, Clay Flower Pot
notreepunching:ceramic_large_vessel, Ceramic Large Vessel
notreepunching:grass_fiber, Plant Fiber
notreepunching:clay_tool, Clay Tool
notreepunching:fire_starter, Fire Starter
notreepunching:ceramic_small_vessel, Ceramic Small Vessel
notreepunching:ceramic_bucket, Ceramic Bucket
notreepunching:grass_string, Plant String
notreepunching:flint_shard, Flint Shard
notreepunching:clay_brick, Clay Brick
notreepunching:rock/stone, Rock
notreepunching:rock/andesite, Andesite Rock
notreepunching:rock/granite, Granite Rock
notreepunching:rock/diorite, Diorite Rock
notreepunching:rock/sandstone, Sandstone Rock
notreepunching:rock/red_sandstone, Red Sandstone Rock
notreepunching:rock/marble, Marble Rock
notreepunching:rock/limestone, Limestone Rock
notreepunching:rock/basalt, Basalt Rock
notreepunching:pickaxe/flint, Flint Pickaxe
notreepunching:axe/flint, Flint Hatchet
notreepunching:shovel/flint, Flint Shovel
notreepunching:hoe/flint, Flint Hoe
notreepunching:knife/flint, Flint Knife
notreepunching:knife/iron, Iron Knife
notreepunching:knife/gold, Gold Knife
notreepunching:knife/diamond, Diamond Knife
notreepunching:knife/copper, Copper Knife
notreepunching:knife/tin, Tin Knife
notreepunching:knife/bronze, Bronze Knife
notreepunching:knife/steel, Steel Knife
notreepunching:mattock/iron, Iron Mattock
notreepunching:mattock/gold, Gold Mattock
notreepunching:mattock/diamond, Diamond Mattock
notreepunching:mattock/copper, Copper Mattock
notreepunching:mattock/tin, Tin Mattock
notreepunching:mattock/bronze, Bronze Mattock
notreepunching:mattock/steel, Steel Mattock
notreepunching:saw/iron, Iron Saw
notreepunching:saw/gold, Gold Saw
notreepunching:saw/diamond, Diamond Saw
notreepunching:saw/copper, Copper Saw
notreepunching:saw/tin, Tin Saw
notreepunching:saw/bronze, Bronze Saw
notreepunching:saw/steel, Steel Saw
pollutantpump:pump, Pollutant Pump
pollutantpump:pipe, Pump Pipe
rflux:lightblock_on, Light Block (on)
rflux:lightblock_off, Light Block (off)
rflux:flatlightblock_on, Flat Light Block (on)
rflux:flatlightblock_off, Flat Light Block (off)
rflux:invisible_block, tile.rflux.invisibleblock.name
rftools:smartwrench, Smart Wrench
rftools:rftools_manual, RFTools Manual
rftools:rftools_shape_manual, RFTools Shape Manual
rftools:dimensional_shard, Dimensional Shard
rftools:shard_wand, Shard Wand
rftools:infused_diamond, Infused Diamond
rftools:infused_enderpearl, Infused Enderpearl
rftools:syringe, Syringe
rftools:peace_essence, Peace Essence
rftools:developers_delight, Developers Delight
rftools:network_monitor, RF Network Monitor
rftools:modifier_module, Modifier
rftools:storage_module_tablet, Storage Tablet
rftools:storage_module:0, Tier 1 Storage Module
rftools:storage_module:1, Tier 2 Storage Module
rftools:storage_module:2, Tier 3 Storage Module
rftools:storage_module:6, Remote Storage Module
rftools:oredict_module, Ore Dictionary Type Module
rftools:generic_module, Generic Type Module
rftools:filter_module, Filter Module
rftools:teleport_probe, Teleporter Probe
rftools:charged_porter, Charged Porter
rftools:advanced_charged_porter, Advanced Charged Porter
rftools:text_module, Text Screen Module
rftools:inventory_module, Inventory Screen Module
rftools:inventoryplus_module, Inventory Plus Screen Module
rftools:energy_module, Energy Screen Module
rftools:energyplus_module, Energy Plus Screen Module
rftools:clock_module, Clock Screen Module
rftools:fluid_module, Fluid Screen Module
rftools:fluidplus_module, Fluid Plus Screen Module
rftools:machineinformation_module, Machine Information Screen Module
rftools:computer_module, Computer Screen Module
rftools:button_module, Button Screen Module
rftools:elevator_button_module, Elevator Button Screen Module
rftools:redstone_module, Redstone Screen Module
rftools:counter_module, Counter Screen Module
rftools:counterplus_module, Counter Plus Screen Module
rftools:storage_control_module, Storage Control Screen Module
rftools:dump_module, Dump Screen Module
rftools:space_chamber_card, Space Chamber Card
rftools:shape_card:0, Shape Card
rftools:shape_card:1, Shape Card (Void)
rftools:shape_card:2, Shape Card (Quarry)
rftools:shape_card:3, Shape Card (Silk Quarry)
rftools:shape_card:4, Shape Card (Fortune Quarry)
rftools:shape_card:5, Shape Card (Clearing Quarry)
rftools:shape_card:6, Shape Card (Clearing Silk Quarry)
rftools:shape_card:7, Shape Card (Clearing Fortune Quarry)
rftools:shape_card:8, Shape Card (Pump)
rftools:shape_card:9, Shape Card (Clearing Pump)
rftools:shape_card:10, Shape Card (Placing Liquids)
rftools:powercell_card, Powercell Card
rftools:regeneration_module, Regeneration Environmental Module
rftools:regenerationplus_module, Regeneration Plus Environmental Module
rftools:speed_module, Speed Environmental Module
rftools:speedplus_module, Speed Plus Environmental Module
rftools:haste_module, Haste Environmental Module
rftools:hasteplus_module, Haste Plus Environmental Module
rftools:saturation_module, Saturation Environmental Module
rftools:saturationplus_module, Saturation Plus Environmental Module
rftools:featherfalling_module, Feather Falling Environmental Module
rftools:featherfallingplus_module, Feather Falling Plus Environmental Module
rftools:flight_module, Flight Environmental Module
rftools:peaceful_module, Peaceful Environmental Module
rftools:waterbreathing_module, Water Breathing Environmental Module
rftools:nightvision_module, Night Vision Environmental Module
rftools:blindness_module, Blindness Environmental Module
rftools:weakness_module, Weakness Environmental Module
rftools:poison_module, Poison Environmental Module
rftools:slowness_module, Slowness Environmental Module
rftools:glowing_module, Glowing Environmental Module
rftools:luck_module, Luck Environmental Module
rftools:noteleport_module, No Teleport Environmental Module
rftools:orphaning_card, Orphaning Card
rftools:security_card, Security Card
rftools:machine_frame, Machine Frame
rftools:machine_base, Machine Base
rftools:dimensional_shard_ore:0, Dimensional Shard Ore
rftools:dimensional_shard_ore:1, Dimensional Shard Ore
rftools:dimensional_shard_ore:2, Dimensional Shard Ore
rftools:coalgenerator, Coal Generator
rftools:crafter1, Crafter Tier 1
rftools:crafter2, Crafter Tier 2
rftools:crafter3, Crafter Tier 3
rftools:modular_storage, Modular Storage
rftools:remote_storage, Remote Storage
rftools:storage_terminal, Storage Terminal
rftools:level_emitter, Level Emitter
rftools:matter_transmitter, Matter Transmitter
rftools:matter_receiver, Matter Receiver
rftools:dialing_device, Dialing Device
rftools:simple_dialer, Simple Dialer
rftools:destination_analyzer, Destination Analyzer
rftools:matter_booster, Matter Booster
rftools:screen, Screen
rftools:creative_screen, Creative Screen
rftools:screen_controller, Screen Controller
rftools:redstone_transmitter_block, Redstone Transmitter
rftools:redstone_receiver_block, Redstone Receiver
rftools:sequencer_block, Sequencer
rftools:counter_block, Counter
rftools:logic_block, Logic Gate
rftools:invchecker_block, Inventory Checker
rftools:sensor_block, Sensor
rftools:analog_block, Analog
rftools:digit_block, Digit
rftools:wire_block, Wire
rftools:timer_block, Timer
rftools:machine_infuser, Machine Infuser
rftools:space_chamber, Space Chamber Corner Block
rftools:space_chamber_controller, Space Chamber Controller Block
rftools:support_block, Support Block
rftools:builder, Builder
rftools:composer, Composer
rftools:locator, Locator
rftools:projector, Projector
rftools:scanner, Scanner
rftools:remote_scanner, Remote Scanner
rftools:powercell, Powercell
rftools:powercell_advanced, Advanced Powercell
rftools:powercell_creative, Creative Powercell
rftools:powercell_simple, Simple Powercell
rftools:relay, Power Relay
rftools:rf_monitor, RF Monitor
rftools:liquid_monitor, Liquid Monitor
rftools:shield_block1, Shield Projector Tier 1
rftools:shield_block2, Shield Projector Tier 2
rftools:shield_block3, Shield Projector Tier 3
rftools:shield_block4, Shield Projector Tier 4
rftools:invisible_shield_block, Invisible Shield Block
rftools:notick_invisible_shield_block, Invisible Shield Block
rftools:invisible_shield_block_opaque, Invisible Shield Block
rftools:notick_invisible_shield_block_opaque, Invisible Shield Block
rftools:shield_template_block:0, Shield Template
rftools:shield_template_block:1, Shield Template
rftools:shield_template_block:2, Shield Template
rftools:shield_template_block:3, Shield Template
rftools:solid_shield_block, Solid Shield Block
rftools:notick_solid_shield_block, Solid Shield Block
rftools:camo_shield_block, Camo Shield Block
rftools:notick_camo_shield_block, Camo Shield Block
rftools:solid_shield_block_opaque, Solid Shield Block
rftools:notick_solid_shield_block_opaque, Solid Shield Block
rftools:camo_shield_block_opaque, Camo Shield Block
rftools:notick_camo_shield_block_opaque, Camo Shield Block
rftools:environmental_controller, Environmental Controller
rftools:spawner, Spawner
rftools:matter_beamer, Matter Beamer
rftools:block_protector, Block Protector
rftools:item_filter, Item Filter
rftools:security_manager, Security Manager
rftools:endergenic, Endergenic Generator
rftools:pearl_injector, Pearl Injector
rftools:ender_monitor, Ender Monitor
rftools:storage_scanner, Storage Scanner
rftools:elevator, Elevator
rftools:booster, Booster
rftoolsdim:dimlet_base, Dimlet Base Part
rftoolsdim:dimlet_control_circuit:0, Dimlet Control Circuit Rarity 0
rftoolsdim:dimlet_control_circuit:1, Dimlet Control Circuit Rarity 1
rftoolsdim:dimlet_control_circuit:2, Dimlet Control Circuit Rarity 2
rftoolsdim:dimlet_control_circuit:3, Dimlet Control Circuit Rarity 3
rftoolsdim:dimlet_control_circuit:4, Dimlet Control Circuit Rarity 4
rftoolsdim:dimlet_control_circuit:5, Dimlet Control Circuit Rarity 5
rftoolsdim:dimlet_control_circuit:6, Dimlet Control Circuit Rarity 6
rftoolsdim:dimlet_energy_module:0, Dimlet Basic Energy Module
rftoolsdim:dimlet_energy_module:1, Dimlet Regular Energy Module
rftoolsdim:dimlet_energy_module:2, Dimlet Advanced Energy Module
rftoolsdim:dimlet_memory_unit:0, Dimlet Basic Memory Unit
rftoolsdim:dimlet_memory_unit:1, Dimlet Regular Memory Unit
rftoolsdim:dimlet_memory_unit:2, Dimlet Advanced Memory Unit
rftoolsdim:dimlet_type_controller:0, Dimlet Biome Type Controller
rftoolsdim:dimlet_type_controller:1, Dimlet Liquid Type Controller
rftoolsdim:dimlet_type_controller:2, Dimlet Material Type Controller
rftoolsdim:dimlet_type_controller:3, Dimlet Mob Type Controller
rftoolsdim:dimlet_type_controller:4, Dimlet Sky Type Controller
rftoolsdim:dimlet_type_controller:5, Dimlet Structure Type Controller
rftoolsdim:dimlet_type_controller:6, Dimlet Terrain Type Controller
rftoolsdim:dimlet_type_controller:7, Dimlet Feature Type Controller
rftoolsdim:dimlet_type_controller:8, Dimlet Time Type Controller
rftoolsdim:dimlet_type_controller:9, Dimlet Digit Type Controller
rftoolsdim:dimlet_type_controller:10, Dimlet Effect Type Controller
rftoolsdim:dimlet_type_controller:11, Dimlet Special Type Controller
rftoolsdim:dimlet_type_controller:12, Dimlet Controller Type Controller
rftoolsdim:dimlet_type_controller:13, Dimlet Weather Type Controller
rftoolsdim:dimlet_type_controller:14, Dimlet Patreon Type Controller
rftoolsdim:structure_essence:0, Structure None Essence
rftoolsdim:structure_essence:1, Structure Village Essence
rftoolsdim:structure_essence:2, Structure Stronghold Essence
rftoolsdim:structure_essence:3, Structure Dungeon Essence
rftoolsdim:structure_essence:4, Structure Fortress Essence
rftoolsdim:structure_essence:5, Structure Mineshaft Essence
rftoolsdim:structure_essence:6, Structure Scattered Essence
rftoolsdim:structure_essence:7, Structure Ocean Monument Essence
rftoolsdim:structure_essence:8, Structure Swamp Hut Essence
rftoolsdim:structure_essence:9, Structure Desert Temple Essence
rftoolsdim:structure_essence:10, Structure Jungle Temple Essence
rftoolsdim:structure_essence:11, Structure Igloo Essence
rftoolsdim:known_dimlet:5, Structure Dimlet (None)
rftoolsdim:known_dimlet:3, Mob Dimlet (Default)
rftoolsdim:known_dimlet:2, Material Dimlet (Stone)
rftoolsdim:known_dimlet:4, Sky Dimlet (Normal day)
rftoolsdim:known_dimlet:4, Sky Dimlet (Normal)
rftoolsdim:known_dimlet:13, Weather Dimlet (Default)
rftoolsdim:known_dimlet:9, Digit Dimlet (0)
rftoolsdim:known_dimlet:9, Digit Dimlet (1)
rftoolsdim:known_dimlet:9, Digit Dimlet (2)
rftoolsdim:known_dimlet:9, Digit Dimlet (3)
rftoolsdim:known_dimlet:12, Controller Dimlet (Default)
rftoolsdim:known_dimlet:9, Digit Dimlet (4)
rftoolsdim:known_dimlet:9, Digit Dimlet (5)
rftoolsdim:known_dimlet:6, Terrain Dimlet (Void)
rftoolsdim:known_dimlet:1, Liquid Dimlet (Water)
rftoolsdim:known_dimlet:9, Digit Dimlet (6)
rftoolsdim:known_dimlet:9, Digit Dimlet (7)
rftoolsdim:known_dimlet:9, Digit Dimlet (8)
rftoolsdim:known_dimlet:9, Digit Dimlet (9)
rftoolsdim:known_dimlet:10, Effect Dimlet (None)
rftoolsdim:known_dimlet:6, Terrain Dimlet (Flat)
rftoolsdim:known_dimlet:12, Controller Dimlet (Single)
rftoolsdim:known_dimlet:8, Time Dimlet (Normal)
rftoolsdim:known_dimlet:7, Feature Dimlet (None)
rftoolsdim:known_dimlet:4, Sky Dimlet (Normal night)
rftoolsdim:efficiency_essence, Efficiency Essence
rftoolsdim:mediocre_efficiency_essence, Mediocre Efficiency Essence
rftoolsdim:empty_dimension_tab, Empty Dimension Tab
rftoolsdim:realized_dimension_tab, Realized Dimension Tab
rftoolsdim:dimlet_template, Dimlet Template
rftoolsdim:dimlet_parcel, Dimlet Parcel
rftoolsdim:rftoolsdim_manual, RFTools Dimension Manual
rftoolsdim:dimension_monitor, Dimension Monitor
rftoolsdim:dimension_module, Dimension Screen Module
rftoolsdim:phased_field_generator, Phased Field Generator
rftoolsdim:dimensional_blank_block, Dimensional Blank Block
rftoolsdim:dimensional_block, Dimensional Block
rftoolsdim:dimensional_cross2_block, Dimensional Cross 2 Block
rftoolsdim:dimensional_cross_block, Dimensional Cross Block
rftoolsdim:dimensional_pattern1_block, Dimensional Pattern 1 Block
rftoolsdim:dimensional_pattern2_block, Dimensional Pattern 2 Block
rftoolsdim:dimensional_small_blocks, Dimensional Small Blocks
rftoolsdim:dimension_enscriber, Dimension Enscriber
rftoolsdim:dimension_builder, Dimension Builder
rftoolsdim:dimension_editor, Dimension Editor
rftoolsdim:dimlet_workbench, Dimlet Workbench
rftoolsdim:activity_probe, Activity Probe
rftoolsdim:energy_extractor, Energy Extractor
rftoolsdim:material_absorber, Material Absorber
rftoolsdim:liquid_absorber, Liquid Absorber
rftoolsdim:biome_absorber, Biome Absorber
rftoolsdim:terrain_absorber, Terrain Absorber
rftoolsdim:feature_absorber, Feature Absorber
rftoolsdim:time_absorber, Time Absorber
rftoolsdim:fake_water, retaW
rftoolsdim:fake_gravel, levarG
rftoolsdim:fake_sand, dnaS
rftoolspower:power_core1, Power Core (Low)
rftoolspower:power_core2, Power Core (Medium)
rftoolspower:power_core3, Power Core (High)
rftoolspower:cell1, Powercell (Low)
rftoolspower:cell2, Powercell (Medium)
rftoolspower:cell3, Powercell (High)
rftoolspower:information_screen, Information Screen
rsgauges:bistableswitch2, Industrial Contact Lever
rsgauges:bistableswitch8, Industrial Lever
rsgauges:bistableswitch7, Industrial Rotary Lever
rsgauges:bistableswitch1, Rotary Machine Switch
rsgauges:bistableswitch3, Two-Button Machine Switch
rsgauges:bistableswitch5, ESTOP Button
rsgauges:bistableswitch6, Hopper Blocker
rsgauges:pulseswitch1, Machine Button
rsgauges:pulseswitch2, Fenced Machine Button
rsgauges:pulseswitch6, Industrial Button
rsgauges:pulseswitch5, Industrial Foot Button
rsgauges:pulseswitch3, Industrial Pull Handle Button
rsgauges:dimmerswitch1, Industrial Dimmer
rsgauges:contactmat1, Industrial Door Contact Mat
rsgauges:contactmat2, Industrial Contact Mat
rsgauges:contactmat3, Industrial Shock Sensitive Contact Mat
rsgauges:trapdoorswitch1, Industrial Shock Activated Trapdoor
rsgauges:trapdoorswitch2, Industrial Sensitive Shock Activated Trapdoor
rsgauges:trapdoorswitch3, Industrial Fall-Through Detection Frame
rsgauges:automaticswitch4, Industrial Day Timer Clock
rsgauges:automaticswitch7, Industrial Interval Signal Timer
rsgauges:automaticswitch1, Industrial Infrared Entity Detector
rsgauges:automaticswitch2, Industrial Linear Laser Entity Detector
rsgauges:automaticswitch3, Industrial Local Light Sensor
rsgauges:automaticswitch5, Industrial Rain Sensor
rsgauges:automaticswitch6, Industrial Thunderstorm Detector
rsgauges:observerswitch1, Industrial Block Category Detector
rsgauges:relay_pulseswitchrx1, Industrial Pulse Switch Link Receiver
rsgauges:relay_pulseswitchrx2, Industrial Cased Pulse Switch Link Receiver
rsgauges:relay_bistableswitchrx1, Industrial Switch Link Receiver
rsgauges:relay_bistableswitchrx2, Industrial Cased Switch Link Receiver
rsgauges:relay_pulseswitchtx1, Industrial Switch Link Pulse Sender
rsgauges:relay_bistableswitchtx1, Industrial Switch Link Sender
rsgauges:industrial_knock_switch, Knock Detector Bistable Switch (industrial)
rsgauges:industrial_knock_button, Knock Detector Pulse Switch (industrial)
rsgauges:flatgauge1, Analog Voltmeter Redstone Gauge
rsgauges:flatgauge6, Small Analog Voltmeter Redstone Gauge
rsgauges:flatgauge2, Analog Bar Redstone Gauge
rsgauges:flatgauge3, Small Digital Display Redstone Gauge
rsgauges:flatgauge5, Glass Tube Redstone Gauge
rsgauges:indicator4, Alarm Lamp
rsgauges:soundindicator1, Alarm Siren
rsgauges:indicator1, Green LED Redstone Indicator
rsgauges:indicator1blink1, Green Blinking LED Redstone Indicator
rsgauges:indicator2, Yellow LED Redstone Indicator
rsgauges:indicator2blink1, Yellow Blinking LED Redstone Indicator
rsgauges:indicator3, Red LED Redstone Indicator
rsgauges:indicator3blink1, Red LED Redstone Indicator
rsgauges:indicator_led_white, White LED Redstone Indicator
rsgauges:indicator_led_white_blink, White Blinking LED Redstone Indicator
rsgauges:bistableswitch_rustic1, Rustic Lever
rsgauges:bistableswitch_rustic2, Rustic Two-Hinge Lever
rsgauges:bistableswitch_rustic3, Rustic Rotary Lever
rsgauges:bistableswitch_rustic7, Rustic Nail Lever
rsgauges:pulseswitch_rustic1, Rustic Button
rsgauges:pulseswitch_rustic2, Rustic Small Button
rsgauges:pulseswitch_rustic3, Rustic Chain Button
rsgauges:pulseswitch_rustic7, Rustic Nail Button
rsgauges:contactmat_rustic1, Rustic Door Pressure Plate
rsgauges:contactmat_rustic2, Rustic Pressure Plate
rsgauges:contactmat_rustic3, Rustic Shock Sensitive Pressure Plate
rsgauges:trapdoorswitch_rustic1, Rustic Shock Activated Trapdoor
rsgauges:trapdoorswitch_rustic2, Rustic Sensitive Shock Activated Trapdoor
rsgauges:trapdoorswitch_rustic3, Rustic Fall-Through Detector Trapdoor
rsgauges:gauge_rustic2, Rustic Circular Wall Meter Redstone gauge
rsgauges:indicator_rustic_flag, Rustic Redstone Semaphore
rsgauges:bistableswitch_glass1, Bistable Glass Switch
rsgauges:bistableswitch_glass2, Bistable Glass Touch Switch
rsgauges:pulseswitch_glass1, Glass Button
rsgauges:pulseswitch_glass2, Small Glass Button
rsgauges:pulseswitch_glass3, Glass Touch Button
rsgauges:contactmat_glass1, Configurable Glass Contact Plate
rsgauges:contactmat_glass2, Glass Contact Plate
rsgauges:daytimeswitch_glass1, Glass Day Timer Clock
rsgauges:timerswitch_glass1, Glass Interval Signal Timer
rsgauges:detectorswitch_glass1, Glass Infrared Entity Detector
rsgauges:detectorswitch_glass2, Glass Linear Laser Entity Detector
rsgauges:industrial_comparator_switch, Industrial Comparator Switch
rsgauges:flatgauge4, Glass Bar Redstone Gauge
rsgauges:bistableswitch_oldfancy1, Old Fancy Lever
rsgauges:bistableswitch_oldfancy2, Old Fancy Rotary Lever
rsgauges:pulseswitch_oldfancy1, Old Fancy Button
rsgauges:pulseswitch_oldfancy2, Old Fancy Chain Button
rsgauges:pulseswitch_oldfancy4, Small Old Fancy Button
rsgauges:powerplant_yellow, Yellow power plant
rsgauges:powerplant_red, Red power plant
rsgauges:bistableswitch4, Small Light Switch
rsgauges:arrowtarget, Arrow Target
rsgauges:valve_wheel_switch, Valve Switch
rsgauges:elevator_button, Elevator Button
rsgauges:door_sensor_switch, Door sensor
rsgauges:sensitiveglass, Redstone-Sensitive Glass Block (Light Emitting)
rsgauges:sensitiveglass_white, Redstone-Sensitive Glass Block (White-Stained)
rsgauges:sensitiveglass_red, Redstone-Sensitive Glass Block (Red-Stained)
rsgauges:sensitiveglass_green, Redstone-Sensitive Glass Block (Green-Stained)
rsgauges:sensitiveglass_blue, Redstone-Sensitive Glass Block (Blue-Stained)
rsgauges:sensitiveglass_yellow, Redstone-Sensitive Glass Block (Yellow-Stained)
rsgauges:sensitiveglass_orange, Redstone-Sensitive Glass Block (Orange-Stained)
rsgauges:sensitiveglass_magenta, Redstone-Sensitive Glass Block (Magenta-Stained)
rsgauges:sensitiveglass_lightblue, Redstone-Sensitive Glass Block (Light-Blue-Stained)
rsgauges:sensitiveglass_lime, Redstone-Sensitive Glass Block (Lime-Stained)
rsgauges:sensitiveglass_pink, Redstone-Sensitive Glass Block (Pink-Stained)
rsgauges:sensitiveglass_gray, Redstone-Sensitive Glass Block (Gray-Stained)
rsgauges:sensitiveglass_lightgray, Redstone-Sensitive Glass Block (Light-Gray-Stained)
rsgauges:sensitiveglass_cyan, Redstone-Sensitive Glass Block (Cyan-Stained)
rsgauges:sensitiveglass_purple, Redstone-Sensitive Glass Block (Purple-Stained)
rsgauges:sensitiveglass_brown, Redstone-Sensitive Glass Block (Brown-Stained)
rsgauges:sensitiveglass_black, Redstone-Sensitive Glass Block (Black-Stained)
rsgauges:sensitiveglass_inverted, Redstone-Sensitive Glass Block (Inverted, Light Emitting)
rsgauges:pulseswitch_rustic4, Pulse switch
rsgauges:pulseswitch_rustic5, Pulse switch
rsgauges:pulseswitch_rustic6, Pulse switch
rsgauges:pulseswitch_oldfancy3, Pulse Switch
rsgauges:bistableswitch_oldfancy3, Bistable Switch
rsgauges:bistableswitch_oldfancy4, Bistable Switch
rsgauges:bistableswitch_oldfancy5, Bistable Switch
rsgauges:bistableswitch_oldfancy6, Bistable Switch
rsgauges:bistableswitch_oldfancy7, Bistable Switch
rsgauges:bistableswitch_rustic4, Bistable Switch
rsgauges:bistableswitch_rustic5, Bistable Switch
rsgauges:bistableswitch_rustic6, Bistable Switch
rsgauges:switchlink_pearl, Switch Link Pearl
storagedrawers:basicdrawers:0, Basic Drawer
storagedrawers:basicdrawers:0, Basic Drawer
storagedrawers:basicdrawers:0, Basic Drawer
storagedrawers:basicdrawers:0, Basic Drawer
storagedrawers:basicdrawers:0, Basic Drawer
storagedrawers:basicdrawers:0, Basic Drawer
storagedrawers:basicdrawers:1, Basic Drawers 1x2
storagedrawers:basicdrawers:1, Basic Drawers 1x2
storagedrawers:basicdrawers:1, Basic Drawers 1x2
storagedrawers:basicdrawers:1, Basic Drawers 1x2
storagedrawers:basicdrawers:1, Basic Drawers 1x2
storagedrawers:basicdrawers:1, Basic Drawers 1x2
storagedrawers:basicdrawers:2, Basic Drawers 2x2
storagedrawers:basicdrawers:2, Basic Drawers 2x2
storagedrawers:basicdrawers:2, Basic Drawers 2x2
storagedrawers:basicdrawers:2, Basic Drawers 2x2
storagedrawers:basicdrawers:2, Basic Drawers 2x2
storagedrawers:basicdrawers:2, Basic Drawers 2x2
storagedrawers:basicdrawers:3, Half Drawers 1x2
storagedrawers:basicdrawers:3, Half Drawers 1x2
storagedrawers:basicdrawers:3, Half Drawers 1x2
storagedrawers:basicdrawers:3, Half Drawers 1x2
storagedrawers:basicdrawers:3, Half Drawers 1x2
storagedrawers:basicdrawers:3, Half Drawers 1x2
storagedrawers:basicdrawers:4, Half Drawers 2x2
storagedrawers:basicdrawers:4, Half Drawers 2x2
storagedrawers:basicdrawers:4, Half Drawers 2x2
storagedrawers:basicdrawers:4, Half Drawers 2x2
storagedrawers:basicdrawers:4, Half Drawers 2x2
storagedrawers:basicdrawers:4, Half Drawers 2x2
storagedrawers:keybutton:0, Drawer Key Button
storagedrawers:keybutton:1, Concealment Key Button
storagedrawers:keybutton:2, Personal Key Button
storagedrawers:keybutton:3, Quantify Key Button
storagedrawers:compdrawers, Compacting Drawer
storagedrawers:controller, Drawer Controller
storagedrawers:controllerslave, Controller Slave
storagedrawers:trim:0, Oak Trim
storagedrawers:trim:1, Spruce Trim
storagedrawers:trim:2, Birch Trim
storagedrawers:trim:3, Jungle Trim
storagedrawers:trim:4, Acacia Trim
storagedrawers:trim:5, Dark Oak Trim
storagedrawers:customdrawers:0, Framed Drawer
storagedrawers:customdrawers:1, Framed Drawers 1x2
storagedrawers:customdrawers:2, Framed Drawers 2x2
storagedrawers:customdrawers:3, Framed Half Drawers 1x2
storagedrawers:customdrawers:4, Framed Half Drawers 2x2
storagedrawers:customtrim, Framed Trim
storagedrawers:framingtable, Framing Table
storagedrawers:upgrade_template, Upgrade Template
storagedrawers:upgrade_storage:0, Storage Upgrade (I)
storagedrawers:upgrade_storage:1, Storage Upgrade (II)
storagedrawers:upgrade_storage:2, Storage Upgrade (III)
storagedrawers:upgrade_storage:3, Storage Upgrade (IV)
storagedrawers:upgrade_storage:4, Storage Upgrade (V)
storagedrawers:upgrade_one_stack, Storage Downgrade
storagedrawers:upgrade_status:0, Status Upgrade (I)
storagedrawers:upgrade_status:1, Status Upgrade (II)
storagedrawers:upgrade_void, Void Upgrade
storagedrawers:upgrade_conversion, Conversion Upgrade
storagedrawers:upgrade_creative:0, Creative Storage Upgrade
storagedrawers:upgrade_creative:1, Creative Vending Upgrade
storagedrawers:upgrade_redstone:0, Redstone Upgrade
storagedrawers:upgrade_redstone:1, Redstone Max Upgrade
storagedrawers:upgrade_redstone:2, Redstone Min Upgrade
storagedrawers:drawer_key, Drawer Key
storagedrawers:shroud_key, Concealment Key
storagedrawers:personal_key, Personal Key
storagedrawers:quantify_key, Quantify Key
storagedrawers:tape, Packing Tape
architecturecraft:sawblade, Circular Saw Blade
architecturecraft:largepulley, Large Pulley
architecturecraft:chisel, Architect's Chisel
architecturecraft:hammer, Architect's Hammer
architecturecraft:sawbench, Architect's Sawbench
avaritiaddons:extreme_auto_crafter:0, Auto Extreme Crafting Table
avaritiaddons:avaritiaddons_chest:0, Compressed Chest
avaritiaddons:avaritiaddons_chest:1, Infinity Chest
avaritiaddons:infinity_compressor, tile.infinity_compressor.name
avaritiaddons:infinity_glass, Infinity Glass
avaritiatweaks:enhancement_crystal, Enhancement Crystal
base:wrench, Wrench
betterbuilderswands:wandstone, Stone Wand
betterbuilderswands:wandiron, Iron Wand
betterbuilderswands:wanddiamond:0, Diamond Wand
betterbuilderswands:wandunbreakable:12, Unbreakable Wand
betterbuilderswands:wandunbreakable:13, Unbreakable Wand
betterbuilderswands:wandunbreakable:14, Unbreakable Wand
byg:cherryleavespink, Pink Cherry Leaves
byg:cherryleaveswhite, White Cherry Leaves
byg:cherrylog, Cherry Log
byg:cherryplanks, Cherry Planks
byg:cikaleaves, Cika Leaves
byg:cikalog, Cika Log
byg:cikaplanks, Cika Planks
byg:enchantedleavesblue, Blue Enchanted Leaves
byg:enchantedleavespink, Pink Enchanted Leaves
byg:enchantedleavespurple, Purple Enchanted Leaves
byg:enchantedlog, Blue Enchanted Log
byg:enchantedplanks, Blue Enchanted Planks
byg:greatoakleaves, Great Oak Leaves
byg:greatoaklog, Great Oak Log
byg:greatoakplanks, Great Oak Planks
byg:jacarandaleaves, Jacaranda Leaves
byg:jacarandalog, Jacaranda Log
byg:jacarandaplanks, Jacaranda Planks
byg:mangroveleaves, Mangrove Leaves
byg:mangrovelog, Mangrove Log
byg:mangroveplanks, Mangrove Planks
byg:mapleleavesred, Red Maple Leaves
byg:mapleleavessilver, Silver Maple Leaves
byg:maplelog, Maple Log
byg:mapleplanks, Maple Planks
byg:frozenoakleaves, Frozen Oak Leaves
byg:frozenoaklog, Frozen Oak Log
byg:frozenoakplanks, Frozen Oak Planks
byg:oakleavesdrybrown, Dry Brown Oak Leaves
byg:oakleavesdrygreen, Green Dry Oak Leaves
byg:oakleavesorange, Orange Oak Leaves
byg:oakleavesred, Red Oak Leaves
byg:orchardleaves, Orchard Leaves
byg:orchardleavesapple, Apple Orchard Leaves
byg:orchardleavesflowering, Flowering Orchard Leaves
byg:paloverdeleaves, Palo Verde Leaves
byg:paloverdeleavesflowering, Flowering Palo Verde Leaves
byg:paloverdelog, Palo Verde Log
byg:pineleaves, Pine Leaves
byg:pinelog, Pine Log
byg:pineplanks, Pine Planks
byg:skyrisleaves, Skyris Leaves
byg:skyrisleavesgreenapple, Green Apple Skyris Leaves
byg:skyrislog, Skyris Log
byg:skyrisplanks, Skyris Planks
byg:sonorancactus, Sonoran Cactus
byg:sonorancactusflowering, Flowering Sonoran Cactus
byg:spruceleavesblue, Blue Spruce Leaves
byg:spruceleavesorange, Orange Spruce Leaves
byg:spruceleavesred, Red Spruce Leaves
byg:spruceleavesyellow, Yellow Spruce Leaves
byg:stellataleavespink, Pink Stellata Leaves
byg:stellataleaveswhite, Stellata Leaves White
byg:willowleaves, Willow Leaves
byg:willowlog, Willow Log
byg:willowplanks, Willow Planks
byg:birchleavesyellow, Yellow Birch Leaves
byg:zelkovaleaves, Zelkova Leaves
byg:zelkovalog, Zelkova Log
byg:zelkovaplanks, Zelkova Planks
byg:glowshroomblockblue, Blue Glowshroom Block
byg:glowshroomblockpurple, Purple Glowshroom Block
byg:glowshroomstemyellow, Yellow Glowshroom Stem
byg:meadowgrass, Meadow Grass Block
byg:meadowdirt, Meadow Dirt Block
byg:pasturegrass, Pasture Grass Block
byg:pasturdirt, Pasture Dirt Block
byg:peatgrass, Peat Grass Block
byg:peatdirt, Peat Dirt Block
byg:mudblock, Mud Block
byg:mudbricks, Mud Bricks
byg:mudballs, Mud Ball
byg:whitesand, White Sand
byg:pinkallium, Pink Allium
byg:redcornflower, Red Cornflower
byg:sacreddatura, Sacred Datura
byg:firecracker, Firecracker
byg:kovan, Kovan
byg:orangedaisy, Orange Daisy
byg:pinkorchid, Pink Orchid
byg:californiapoppy, California Poppy
byg:purpleorchid, Purple Orchid
byg:redorchid, Red Orchid
byg:cyanrose, Cyan Rose
byg:rose, Rose
byg:cyantulip, Cyan Tulip
byg:greentuilp, Green Tulip
byg:magentatulip, Magenta Tulip
byg:purpletulip, Purple Tulip
byg:yellowtulip, Yellow Tulip
byg:tinylilypad, Tiny Lily Pad
byg:leafpile, Leaf Pile
byg:leafpiledead, Dead Leaf Pile
byg:deadgrass, Dead Grass
byg:glowcaneblockblue, Blue Glowcane Block
byg:glowcaneblockred, Red Glowcane Block
byg:glowcaneblue, Blue Glowcane
byg:glowcanered, Red Glowcane
byg:glowcanedustred, Red Glowcane Dust
byg:glowcanedustblue, Blue Glowcane Dust
byg:blueberrybush, Blueberry Bush
byg:strawberrybush, Strawberry Bush
byg:rudostalk, Rudo Stalk
byg:blueberry, Blueberry
byg:strawberry, Strawberry
byg:rudobeans, Rudo Beans
byg:rudobeansroasted, Roasted Rudo Beans
byg:goldenbeetroot, Golden Beetroot
byg:greenapple, Green Apple
byg:cookedcarrot, Cooked Carrot
byg:cookedflesh, Cooked Flesh
byg:cookedspidereye, Cooked Spidereye
byg:cookedpufferfish, Cooked Pufferfish
byg:cookedtropicalfish, Cooked Tropical Fish
byg:glowshroomsoupblue, Blue Glowshroom Soup
byg:glowshroomsouppurple, Purple Glowshroom Soup
byg:blueberrypie, Blueberry Pie
byg:strawberrypie, Strawberry Pie
byg:greenapplepie, Green Apple Pie
byg:pumpkinmash, Pumpkin Mash
byg:pumpkinbread, Pumpkin Bread
byg:cookedpumpkinseeds, Cooked Pumpkin Seeds
byg:carrotsoup, Carrot Soup
byg:tropicalfishsoup, Tropical Fish Soup
byg:spidereyesoup, Spider Eye Soup
byg:glowcelium, Glowcelium
byg:redwoodleaves, Redwood Leaves
byg:redwoodlog, Redwood Log
byg:redwoodplanks, Redwood Planks
byg:byglogo, BYG Logo
byg:cherrybookshelf, Cherry Bookshelf
byg:cikabookshelf, Cika Bookshelf
byg:enchantedbookshelf, Blue Enchanted Bookshelf
byg:greatoakbookshelf, Great Oak Bookshelf
byg:jacarandabookshelf, Jacaranda Bookshelf
byg:mangrovebookshelf, Mangrove Bookshelf
byg:maplebookshelf, Maple Bookshelf
byg:frozenoakbookshelf, Frozen Oak Bookshelf
byg:pinebookshelf, Pine Bookshelf
byg:skyrisbookshelf, Skyris Bookshelf
byg:willowbookshelf, Willow Bookshelf
byg:zelkovabookshelf, Zelkova Bookshelf
byg:redwoodbookshelf, Redwood Bookshelf
byg:poisionivy, Poision Ivy
byg:tamreliteore, Tamrelite Ore
byg:tamrelitegem, Tamrelite Gem
byg:tamrelitesword, Tamrelite Sword
byg:tamrelitepickaxe, Tamrelite 
byg:tamreliteaxe, Tamrelite Axe
byg:tamreliteshovel, Tamrelite Shovel
byg:tamrelitehoe, Tamrlite Hoe
byg:tamrelitearmourhelmet, Tamrelite Helmet
byg:tamrelitearmourbody, Tamrelite Body
byg:tamrelitearmourlegs, Tamrelite Leggings
byg:tamrelitearmourboots, Tamrelite Boots
byg:tamreliteblock, Tamrelite Block
byg:stonespike, Stone Spike
byg:clover, Clover
byg:minicactus, Mini Cactus
byg:crate, Crate
byg:blacksand, Black Sand
byg:pendoriteore, Pendorite Ore
byg:pendoritegem, Pendorite Gem
byg:stonestick, Stone Stick
byg:pendoritesword, Pendorite Sword
byg:pendoritepickaxe, Pendorite Pickaxe
byg:pendoriteaxe, Pendorite Axe
byg:pendoriteshovel, Pendorite Shovel
byg:pendoritehoe, Pendorite Hoe
byg:pendoritearmourhelmet, Pendorite Helmet
byg:pendoritearmourbody, Pendorite Body
byg:pendoritearmourlegs, Pendorite Leggings
byg:pendoritearmourboots, Pendorite Boots
byg:whitecherrysapling, White Cherry Sapling
byg:pinkcherrysapling, Pink Cherry Sapling
byg:cikasapling, Cika Sapling
byg:greatoaksapling, Great Oak Sapling
byg:jacarandasapling, Jacaranda Sapling
byg:mangrovesapling, Mangrove Sapling
byg:redmaplesapling, Red Maple Sapling
byg:silvermaplesapling, Silver Maple Sapling
byg:orangeoaksapling, Orange Oak Sapling
byg:redoaksapling, Red Oak Sapling
byg:orchardsapling, Orchard Sapling
byg:paloverdesapling, Palo Verde Sapling
byg:pinesapling, Pine Sapling
byg:skyrissapling, Skyris Sapling
byg:bluesprucesapling, Blue Spruce Sapling
byg:redsprucesapling, Red Spruce Sapling
byg:orangesprucesapling, Orange Spruce Sapling
byg:yellowsprucesapling, Yellow Spruce Sapling
byg:pinkstellatasapling, Pink Stellata Sapling
byg:whitestellatasapling, White Stellata Sapling
byg:redwoodsapling, Redwood Sapling
byg:zelkovasapling, Zelkova Sapling
byg:pendoriteblock, Pendorite Block
byg:kasaiore, Kasai Ore
byg:kasaiingot, Kasai Ingot
byg:kasaiblock, Kasai Block
byg:obsidianingot, Obsidian Ingot
byg:chainplating, Chain Plating
byg:kasaichainplating, Kasai Chain Plating
byg:netherfurnace, Nether Furnace
byg:netherfurnacelit, Lit Nether Furnace
byg:baobableaves, Baobab Leaves
byg:baobablog, Baobab Log
byg:baobabplanks, Baobab Planks
byg:baobabbookshelf, Baobab Bookshelf
byg:baobabsapling, Baobab Sapling
byg:baobabfruitblock, Baobab Fruit 
byg:baobabfruit, Baobab Fruit
byg:willowsapling, Willow Sapling
byg:amaranth, Amaranth
byg:foxglove, Foxglove
byg:incanlily, Incan Lily
byg:crocus, Crocus
byg:kasaiarmourhelmet, Kasai Helmet
byg:kasaiarmourbody, Kasai Body
byg:kasaiarmourlegs, Kasai Leggings
byg:kasaiarmourboots, Kasai Boots
byg:kasaisword, Kasai Sword
byg:kasaipickaxe, Kasai Pickaxe
byg:kasaishovel, Kasai Shovel
byg:hollyberries, Holly Berries
byg:hollyleaves, Holly Leaves
byg:hollyberryleaves, Holly Berry Leaves
byg:hollylog, Holly Log
byg:hollyplanks, Holly Planks
byg:hollybookshelf, Holly Bookshelf
byg:rainboweucalyptusleaves, Rainbow Eucalyptus
byg:rainboweucalyptuslog, Rainbow Eucalyptus
byg:rainboweucalyptusplanks, Rainbow Eucalyptus Planks
byg:rainboweucalyptusbookshelf, Rainbow Eucalyptus Bookshelf
byg:cherryslab, Cherry Slab
byg:baobabslab, Baoab Slab
byg:cikaslab, Cika Slab
byg:greatoakslab, Great Oak Slab
byg:hollyslab, Holly Slab
byg:jacarandaslab, Jacaranda Slab
byg:mangroveslab, Jacaranda Slab
byg:mapleslab, Maple Slab
byg:pineslab, Pine Slab
byg:rainboweucalyptusslab, Rainbow Eucalyptus Slab
byg:redwoodslab, Redwood Slab
byg:skyrisslab, Skyris Slab
byg:willowslab, Willow Slab
byg:zelkovaslab, Zelkova Slab
byg:rainboweucalyptussapling, Rainbow Eucalyptus Sapling
byg:hollysapling, Holly Sapling
byg:witchhazellog, Witch Hazel Log
byg:witchhazelplanks, Witch Hazel Planks
byg:witchhazelleaves, Witch Hazel Leaves
byg:witchhazelleavesblooming, Blooming Witch Hazel Leaves
byg:witchhazelbookshelf, Witch Hazel Bookshelf
byg:witchhazelsapling, Witch Hazel Sapling
byg:witchhazelslab, Witch Hazel Slab
byg:snowdrops, Snowdrops
byg:wintercyclamen, Winter Cyclamen
byg:rudostage0, Rudo Stage 0
byg:rudostage1, Rudo Stage 1
byg:rudostage2, Rudo Stage 2
byg:rudostage3, Rudo Stage 3
byg:blueberrybushstage0, Blueberry Bush Stage 0
byg:blueberrybushstage1, Blueberry Bush Stage 1
byg:strawberrybushstage0, Strawberry Bush Stage 0
byg:strawberrybushstage1, Strawberry Bush Stage 1
byg:wildstrawberry, Wild Strawberry
byg:wildrudo, Wild Rudo
byg:glowcanepink, Pink Glowcane
byg:glowcanepurple, Purple Glowcane
byg:glowcaneblockpink, Pink Glowcane Block
byg:glowcaneblockpurple, Purple Glowcane Block
byg:glowcanedustpink, Pink Glowcane Dust
byg:glowcanedustpurple, Purple Glowcane Dust
byg:enchantedslab, Blue Enchanted Slab
byg:pendoritebattleaxe, Pendorite Battleaxe
byg:tamrelitebattleaxe, Tamrelite Battleaxe
byg:enchantedstick, Enchanted Stick
byg:lathariumgem, Latharium Gem
byg:lathariumore, Latharium Ore
byg:lathariumarmorhelmet, Latharium  Helmet
byg:lathariumarmorbody, Latharium  Body
byg:lathariumarmorlegs, Latharium  Leggings
byg:lathariumarmorboots, Latharium  Boots
byg:lathariumsword, Latharium Sword
byg:lathariumpickaxe, Latharium Pickaxe
byg:lathariumaxe, Latharium Axe
byg:lathariumshovel, Latharium Shovel
byg:lathariumhoe, Latharium Hoe
byg:lathariumbattleaxe, Latharium Battleaxe
byg:lathariumblock, Latharium Block
byg:blacksandstone, Black Sandstone
byg:blackchiseledsandstone, Chiseled Black Sandstone
byg:blacksmoothsandstone, Smooth Black Sandstone
byg:whitesandstone, White Sandstone
byg:whitechiseledsandstone, Chiseled White Sandstone
byg:whitesmoothsandstone, Smooth White Sandstone
byg:baobabpowder, Baobab Powder
byg:baobabstage0, Stage0 Baobab
byg:baobabastage1, Baobab Stage0
byg:baobabstage2, Baobab Stage2
byg:baobabstage3, BaobabStage3
byg:ebonylog, Ebony Log
byg:ebonyleaves, Ebony Leaves
byg:ebonyplanks, Ebony Planks
byg:rowanlog, Rowan Log
byg:rowanleaves, Rowan leaves
byg:rowanberryleaves, Rowan Berry Leaves
byg:rowanberries, Rowan Berries
byg:hawthornberries, Hawthorn Berries
byg:hawthornlog, Hawthorn Log
byg:hawthornleaves, Hawthorn Leaves
byg:hawthornberryleaves, Hawthorn Berry Leaves
byg:hawthornplanks, Hawthorn Planks
byg:rowanplanks, Rowan Planks
byg:ironwoodlog, Ironwood Log
byg:ironwoodleaves, Ironwood Leaves
byg:ironwoodplanks, Ironwood Planks
byg:redbirchleaves, Red Birch Leaves
byg:orangebirchleaves, Orange Birch Leaves
byg:brownbirchleaves, Brown Birch Leaves
byg:ebonysapling, Ebony Sapling
byg:rowansapling, Rowan Sapling
byg:hawthornsapling, Hawthorn Sapling
byg:ironwoodsapling, Ironwood Sapling
byg:ebonybookshelf, Ebony Bookshelf
byg:rowanbookshelf, Rowan Bookshelf
byg:hawthornbookshelf, Hawthorn Bookshelf
byg:ironwoodbookshelf, Ironwood Bookshelf
byg:ebonyslab, Ebony Slab
byg:rowanslab, Rowan Slab
byg:hawthornslab, Hawthorn Slab
byg:ironwoodslab, Ironwood Slab
byg:sandygrass, Sandy Grass
byg:sandydirt, Sandy Dirt
byg:hardeneddirt, Hardened Dirt
byg:glowcanestalkred, Red Glowcane
byg:glowcanestalkblue, Blue Glowcane
byg:glowcanestalkpink, Pink Glowcane
byg:glowcanestalkpurple, Purple Glowcane
byg:rockystone, Rocky Stone
byg:yellowdaffodil, Yellow Daffodil
byg:pinkdaffodil, Pink Daffodil
byg:peachleatherflower, Peach Leather Flower
byg:violetleatherflower, Violet Leather Flower
byg:whiteanemone, White Anemone
byg:pinkanemone, Pink Anemone
byg:bluesage, Blue Sage
byg:purplesage, Purple Sage
byg:whitesage, White Sage
byg:firlog, Fir Log
byg:firleaves, Fir Leaves
byg:firplanks, Fir Planks
byg:firbookshelf, Fir Bookshelf
byg:firwood, Fir Wood
byg:strippedfirlog, Stripped Fir Log
byg:strippedfirwood, Stripped Fir Wood
byg:structurecheckblock, Structure Check Block
byg:winterscilla, Winter Scilla
byg:redcelosia, Red Celosia
byg:whitecelosia, White Celosia
byg:magentacelosia, Magenta Celosia
byg:yellowcelosia, Yellow Celosia
byg:orangecelosia, Orange Celosia
byg:purplecelosia, Purple Celosia
byg:greenenchantedlog, Green Enchanted Log
byg:greenenchantedplanks, Green Enchanted Planks
byg:firsapling, Fir Sapling
byg:green_enchanted_bookshelf, Green Enchanted Bookshelf
byg:sepinite, Sepinite
byg:sepinite_tile, Sepinite Tile
byg:sepinite_pillars, Sepinite Pillars
byg:sepinite_bricks, Sepinite
byg:soapstone, Soapstone
byg:polished_soapstone, Polished Soapstone
byg:soapstone_tile, Soapstone Tile
byg:soapstone_pillars, Soapstone Pillars
byg:sodalite, Sodalite
byg:polished_sodalite, Polished Sodalite
byg:sodalite_tile, Sodalite Tile
byg:sodalite_bricks, Sodalite Bricks
byg:scoria, Scoria
byg:scoria_bricks, Scoria Bricks
byg:scoria_pillars, Scoria Pillars
byg:cyan_amaranth, Cyan Amaranth
byg:purple_amaranth, Purple Amaranth
byg:short_dead_grass, Short Dead Grass
byg:prairie_grass, Prairie Grass
byg:cracked_sand, Cracked Sand
byg:red_cracked_sand, Red Cracked Sand
byg:cypresslog, Cypress Log
byg:cypressleaves, Cypress Leaves
byg:cypressplanks, Cypress Planks
byg:cypresssapling, Cypress Sapling
byg:orange_amaranth, Orange Amaranth
byg:magenta_amaranth, Magenta Amaranth
byg:allium_bush, Allium Bush
byg:allium_bush2, Allium Bush
byg:allium_bush3, Allium Bush
byg:allium_bush4, Allium Bush
byg:allium_bush5, Allium Bush
byg:allium_bush6, Pink Allium Bush
byg:allium_bush7, Pink Allium Bush
byg:allium_bush8, Pink Allium Bush
byg:prairie_grass2, Prairie Grass
byg:prairie_grass3, Prairie Grass
byg:prairie_grass4, Prairie Grass
byg:prairie_grass5, Prairie Grass
byg:prairie_grass6, Prairie Grass
byg:prairie_grass7, Prairie Grass
byg:prairie_grass8, Prairie Grass
byg:white_skyris_leaves, White Skyris Leaves
byg:silver_apple_white_skyris_leaves, Silver Apple White Skyris Leaves
byg:silver_apple, Silver Apple
byg:blueglowshroom, Blue Glowshroom
byg:purple_glowshroom, Purple Glowshroom
byg:green_glowshroom, Green Glowshroom
byg:blanket_weed, Blanket Weed
byg:medium_blue_glowshroom, Medium Blue Glowshroom
byg:medium_purple_glowshroom, Medium Purple Glowshroom
byg:medium_green_glowshroom, Medium green Glowshroom
byg:small_blue_glowshroom, Small Blue Glowshroom
byg:small_purple_glowshroom, Small Purple Glowshroom
byg:small_green_glowshroom, Small Green Glowshroom
byg:blueglowshroomitem, Blue Glowshroom
byg:purpleglowshroomitem, Purple Glowshroom
byg:greenglowshroomitem, Green Glowshroom
byg:green_glowshroom_stew, Green Glowshroom Soup
byg:structure_check_block_disabled, Structure Check Block
byg:light_blue_sand, Light Blue Sand
byg:pink_sand, Pink Sand
byg:purple_sand, Purple Sand
byg:light_blue_sandstone, Light Blue Sandstone
byg:light_blue_chiseled_sandstone, Chiseled Light Blue Sandstone
byg:light_blue_smooth_sandstone, Smooth Light Blue Sandstone
byg:pink_sandstone, Pink Sandstone
byg:pink_chiseled_sandstone, Chiseled Pink Sandstone
byg:pink_smooth_sandstone, Smooth Pink Sandstone
byg:purple_sandstone, Purple Sandstone
byg:purple_chiseled_sandstone, Chiseled Purple Sandstone
byg:purple_smooth_sandstone, Smooth Purple Sandstone
byg:mahogany_leaves, Mahogany Leaves
byg:mahogany_log, Mahogany Log
byg:mahogany_planks, Mahogany Planks
byg:mahogany_bookshelf, Mahogany Bookshelf
byg:mahogany_sapling, Mahogany Sapling
byg:palm_leaves, Palm Leaves
byg:palm_log, Palm Log
byg:palm_planks, Palm Planks
byg:palm_bookshelf, Palm Bookshelf
byg:palm_sapling, Palm Sapling
byg:aspen_leaves, Aspen Leaves
byg:aspen_log, Aspen Log
byg:aspen_planks, Aspen Planks
byg:aspen_bookshelf, Aspen Bookshelf
byg:aspen_sapling, Aspen Sapling
byg:hawthorn_leaves_flowering, Flowering Hawthorn Leaves
byg:rockystone2, Rocky Stone
byg:yellow_birch_sapling, Yellow Birch Sapling
byg:rocky_grass, Rocky Grass
byg:aspen_wood, Aspen Wood
byg:stripped_aspen_log, Stripped Aspen Log
byg:stripped_aspen_wood, Stripped Aspen Wood
byg:cika_wood, Cika Wood
byg:stripped_cika_log, Stripped Cika Log
byg:stripped_cika_wood, Stripped Cika Wood
byg:cherry_wood, Cherry Wood
byg:stripped_cherry_log, Stripped Cherry Log
byg:stripped_cherry_wood, Stripped Cherry Wood
byg:baobab_wood, Baobab Wood
byg:stripped_baobab_log, Stripped Baobab Log
byg:stripped_baobab_wood, Stripped Baobab Wood
byg:blue_enchanted_wood, Blue Enchanted Wood
byg:stripped_blue_enchanted_log, Stripped Blue Enchanted Log
byg:stripped_blue_enchanted_wood, Stripped Blue Enchanted Wood
byg:green_enchanted_wood, Green Enchanted Wood
byg:stripped_green_enchanted_log, Stripped Green Enchanted Log
byg:stripped_green_enchanted_wood, Stripped Green Enchanted Wood
byg:great_oak_wood, Great Oak Wood
byg:stripped_great_oak_log, Stripped Great Oak Log
byg:stripped_great_oak_wood, Stripped Great Oak Wood
byg:jacaranda_wood, Jacaranda Wood
byg:stripped_jacaranda_log, Stripped Jacaranda Log
byg:stripped_jacaranda_wood, Stripped Jacaranda Wood
byg:maple_wood, Maple Wood
byg:stripped_maple_log, Stripped Maple Log
byg:stripped_maple_wood, Stripped Maple Wood
byg:mangrove_wood, Mangrove Wood
byg:stripped_mangrove_log, Stripped Mangrove Log
byg:stripped_mangrove_wood, Stripped Mangrove Wood
byg:frozen_oak_wood, Frozen Oak Wood
byg:palo_verde_wood, Palo Verde Wood
byg:stripped_palo_verde_log, Stripped Palo Verde Log
byg:stripped_palo_verde_wood, Stripped Palo Verde Wood
byg:pine_wood, Pine Wood
byg:stripped_pine_log, Stripped Pine Log
byg:stripped_pine_wood, Stripped Pine Wood
byg:skyris_wood, Skyris Wood
byg:stripped_skyris_log, Stripped Skyris Log
byg:stripped_skyris_wood, Stripped Skyirs Wood
byg:willow_wood, Willow Wood
byg:stripped_willow_log, Stripped Willow Log
byg:stripped_willow_wood, Stripped WillowWood
byg:zelkova_wood, Zelkova Wood
byg:stripped_zelkova_log, Stripped Zelkova Log
byg:stripped_zelkova_wood, Stripped Zelkova Wood
byg:redwood_wood, Redwood Wood
byg:stripped_redwood_log, Stripped Redwood Log
byg:stripped_redwood_wood, Stripped Redwood Wood
byg:holly_wood, Holly Wood
byg:stripped_holly_log, Stripped Holly Log
byg:stripped_holly_wood, Stripped Holly Wood
byg:witch_hazel_wood, Witch Hazel Wood
byg:stripped_witch_hazel_log, Stripped Witch Hazel Log
byg:stripped_witch_hazel_wood, Stripped Witch Hazel Wood
byg:ebony_wood, Ebony Wood
byg:stripped_ebony_log, Stripped Ebony Log
byg:stripped_ebony_wood, Stripped Ebony Wood
byg:rowan_wood, Rowan Wood
byg:stripped_rowan_log, Stripped Rowan Log
byg:stripped_rowan_wood, Stripped Rowan Wood
byg:hawthorn_wood, Hawthorn Wood
byg:stripped_hawthorn_log, Stripped Hawthorn Log
byg:stripped_hawthorn_wood, Stripped Hawthorn Wood
byg:cypress_wood, Cypress Wood
byg:rainbow_eucalyptus_wood, Rainbow Eucalyptus Wood
byg:stripped_rainbow_eucalyptus_log, Stripped Rainbow Eucalyptus Log
byg:stripped_rainbow_eucalyptus_wood, Stripped Rainbow Eucalyptus Wood
byg:stripped_cypress_log, Stripped Cypress Log
byg:stripped_cypress_wood, Stripped Cypress Wood
byg:ironwood_wood, Ironwood Wood
byg:stripped_ironwood_log, Stripped Ironwood Log
byg:stripped_ironwood_wood, Stripped Ironwood Wood
byg:pink_allium_bush, Pink Allium Bush
byg:daffodil, Daffodil
byg:baobabdooritem, Baobab Door
byg:reed, Reed Block
byg:reeds, Reeds
byg:cattails, Cattail
byg:cattail, Cattail
byg:osiriarose, Osiria Rose
byg:japanese_orchid, Japanese Orchid
byg:baobab_stairs, Baobab Stairs
byg:baobab_fence, Baobab Fence
byg:baobab_wall, Baobab Wall
byg:cherry_wood_wall, Cherry Wall
byg:cika_wood_wall, Cika Wall
byg:blue_enchanted_wood_wall, Blue Enchanted Wall
byg:great_oak_wood_wall, Great Oak Wall
byg:jacaranda_wood_wall, Jacaranda Wall
byg:mangrove_wood_wall, Mangrove Wall
byg:maple_wood_wall, Maple Wall
byg:frozen_oak_wood_wall, Frozen Oak Wall
byg:palo_verde_wood_wall, Palo Verde Wall
byg:pine_wood_wall, Pine Wall
byg:skyris_wood_wall, Skyris Wall
byg:willow_wood_wall, Willow Wall
byg:zelkova_wood_wall, Zelkova Wall
byg:redwood_wood_wall, Redwood Wall
byg:holly_wood_wall, Holly Wall
byg:rainbow_eucalyptus_wood_wall, Rainbow Eucalyptus Wall
byg:witch_hazel_wood_wall, Witch Hazel Wall
byg:ebony_wood_wall, Ebony Wall
byg:roawan_wood_wall, Rowan Wall
byg:hawthorn_wood_wall, Hawthorn Wall
byg:ironwood_wood_wall, Ironwood Wall
byg:fir_wood_wall, Fir Wall
byg:green_enchanted_wood_wall, Green Enchanted Wall
byg:cypress_wood_wall, Cypress Wall
byg:mahogany_wood_wall, Mahogany Wall
byg:palm_wood_wall, Palm Wall
byg:aspen_wood_wall, Aspen Wall
byg:cherry_fence, Cherry Fence
byg:cherry_stairs, Cherry Stairs
byg:cika_fence, Cika Fence
byg:cika_stairs, Cika Stairs
byg:blue_enchanted_fence, Blue Enchanted Fence
byg:blue_enchanted_stairs, Blue Enchanted Stairs
byg:great_oak_fence, Great Oak Fence
byg:great_oak_stairs, Great Oak Stairs
byg:jacaranda_fence, Jacaranda Fence
byg:jacaranda_stairs, Jacaranda Stairs
byg:mangrove_fence, Mangrove Fence
byg:mangrove_stairs, Mangrove Stairs
byg:maple_fence, Maple Fence
byg:maple_stairs, Maple Stairs
byg:frozen_oak_fence, Frozen Oak Fence
byg:frozen_oak_stairs, Frozen Oak Stairs
byg:pine_fence, Pine Fence
byg:pine_stairs, Pine Stairs
byg:skyris_fence, Skyris Fence
byg:skyris_stairs, Skyris Stairs
byg:willow_fence, Willow Fence
byg:willow_stairs, Willow Stairs
byg:zelkova_fence, Zelkova Fence
byg:zelkova_stairs, Zelkova Stairs
byg:redwood_fence, Redwood Fence
byg:redwood_stairs, Redwood Stairs
byg:holly_fence, Holly Fence
byg:holly_stairs, Holly Stairs
byg:rainbow_eucalyptus_fence, Rainbow Eucalyptus Fence
byg:rainbow_eucalyptus_stairs, Rainbow Eucalyptus Stairs
byg:witch_hazel_fence, Witch Hazel Fence
byg:witch_hazel_stairs, Witch Hazel Stairs
byg:ebony_fence, Ebony Fence
byg:ebony_stairs, Ebony Stairs
byg:hawthorn_fence, Hawthorn Fence
byg:hawthorn_stairs, Hawthorn Stairs
byg:rowan_fence, Rowan Fence
byg:rowan_stairs, Rowan Stairs
byg:ironwood_fence, Ironwood Fence
byg:ironwood_stairs, Ironwood Stairs
byg:fir_fence, Fir Fence
byg:fir_stairs, Fir Stairs
byg:green_enchanted_fence, Green Enchanted Fence
byg:green_enchanted_stairs, Green Enchanted Stairs
byg:cypress_fence, Cypress Fence
byg:cypress_stairs, Cypress Stairs
byg:mahogany_fence, Mahogany Fence
byg:mahogany_stairs, Mahogany Stairs
byg:palm_fence, Palm Fence
byg:palm_stairs, Palm Stairs
byg:aspen_fence, Aspen Fence
byg:aspen_stairs, Aspen Stairs
byg:aspen_gate, Aspen Gate
byg:aspen_gate_closed, Aspen Gate
byg:baobab_gate, Baobab Gate
byg:baobab_gate_open, Baobab Gate
byg:aspen_door_item, Aspen Door
byg:willow_gate_open, Willow Gate
byg:sepinite_stairs, Sepinite Stairs
byg:sepinite_walls, Sepinite Walls
byg:scoria_stairs, Scoria Stairs
byg:scoria_walls, Scoria Walls
byg:polished_soapstone_stairs, Polished Soapstone Stairs
byg:polished_soapstone_walls, Polished Soapstone Walls
byg:polished_sodalite_stairs, Polished Sodalite Stairs
byg:polished_sodalite_walls, Polished Sodalite Walls
byg:sodalite_brick_stairs, Sodalite Brick Stairs
byg:sodalite_brick_walls, Sodalite Brick Walls
byg:aspen_door_bottom, Aspen Door
byg:aspen_door_top, Aspen Door
byg:aspen_door_open_bottom, Aspen Door
byg:aspen_door_open_top, Aspen Door
byg:baobab_door_bottom, Baobab Door
byg:baobab_door_top, Baobab Door
byg:baobab_door_open_bottom, Baobab Door
byg:baobab_door_open_top, Baobab Door
byg:blue_enchanted_door, Blue Enchanted Door
byg:blue_enchanted_door_bottom, Blue Enchanted Door
byg:blue_enchanted_door_top, Baobab Door
byg:blue_enchanted_door_open_bottom, Baobab Door
byg:blue_enchanted_door_open_top, Baobab Door
byg:cherry_door, Cherry Door
byg:cika_door, Cika Door
byg:cypress_door, Cypress Door
byg:ebony_door, Ebony Door
byg:fir_door, Fir Door
byg:frozen_oak_door, Frozen Oak Door
byg:green_enchanted_door, Green Enchanted Door
byg:hawthorn_door, Hawthorn Door
byg:holly_door, Holly Door
byg:ironwood_door, Ironwood Door
byg:jacaranda_door, Jacaranda Door
byg:mahogany_door, Mahogany Door
byg:mangrove_door, Mangrove Door
byg:maple_door, Maple Door
byg:palm_door, Palm Door
byg:pine_door, Pine Door
byg:eucalyptus_door, Rainbow Eucalyptus Door
byg:rowan_door, Rowan Door
byg:skyris_door, Skyris Door
byg:willow_door, Willow Door
byg:witch_hazel_door, Witch Hazel Door
byg:zelkova_door, Zelkova Door
byg:cherry_door_bottom, Baobab Door
byg:cika_door_bottom, Baobab Door
byg:cypress_door_bottom, Baobab Door
byg:ebony_door_bottom, Baobab Door
byg:fir_door_bottom, Baobab Door
byg:great_oak_door_bottom, Baobab Door
byg:green_enchanted_door_bottom, Baobab Door
byg:hawthorn_door_bottom, Baobab Door
byg:holly_door_bottom, Baobab Door
byg:ironwood_door_bottom, Baobab Door
byg:jacaranda_door_bottom, Baobab Door
byg:mahogany_door_bottom, Baobab Door
byg:mangrove_door_bottom, Baobab Door
byg:maple_door_bottom, Baobab Door
byg:palm_door_bottom, Baobab Door
byg:pine_door_bottom, Baobab Door
byg:eucalyptus_door_bottom, Baobab Door
byg:rowan_door_bottom, Baobab Door
byg:skyris_door_bottom, Baobab Door
byg:willow_door_bottom, Baobab Door
byg:witch_hazel_door_bottom, Baobab Door
byg:zelkova_door_bottom, Baobab Door
byg:frozen_oak_door_bottom, Baobab Door
byg:cherry_door_top, Baobab Door
byg:cika_door_top, Baobab Door
byg:cypress_door_top, Baobab Door
byg:ebony_door_top, Baobab Door
byg:fir_door_top, Baobab Door
byg:frozen_oak_door_top, Baobab Door
byg:green_enchanted_door_top, Baobab Door
byg:hawthorn_door_top, Baobab Door
byg:holly_door_top, Baobab Door
byg:ironwood_door_top, Baobab Door
byg:jacaranda_door_top, Baobab Door
byg:mahogany_door_top, Baobab Door
byg:mangrove_door_top, Baobab Door
byg:maple_door_top, Baobab Door
byg:palm_door_top, Baobab Door
byg:pine_door_top, Baobab Door
byg:eucalyptus_door_top, Baobab Door
byg:rowan_door_top, Baobab Door
byg:skyris_door_top, Baobab Door
byg:willow_door_top, Baobab Door
byg:witch_hazel_door_top, Baobab Door
byg:zelkova_door_top, Baobab Door
byg:cherry_door_open_bottom, Baobab Door
byg:cika_door_open_bottom, Baobab Door
byg:cypress_door_open_bottom, Baobab Door
byg:ebony_door_open_bottom, Baobab Door
byg:fir_door_open_bottom, Baobab Door
byg:great_oak_door_open_bottom, Baobab Door
byg:green_enchanted_door_open_bottom, Baobab Door
byg:hawthorn_door_open_bottom, Baobab Door
byg:holly_door_open_bottom, Baobab Door
byg:ironwood_door_open_bottom, Baobab Door
byg:jacaranda_door_open_bottom, Baobab Door
byg:mahogany_door_open_bottom, Baobab Door
byg:mangrove_door_open_bottom, Baobab Door
byg:maple_door_open_bottom, Baobab Door
byg:palm_door_open_bottom, Baobab Door
byg:pine_door_open_bottom, Baobab Door
byg:rowan_door_open_bottom, Baobab Door
byg:skyris_door_open_bottom, Baobab Door
byg:willow_door_open_bottom, Baobab Door
byg:witch_hazel_door_open_bottom, Baobab Door
byg:zelkova_door_open_bottom, Baobab Door
byg:frozen_oak_door_open_bottom, Baobab Door
byg:cherry_door_open_top, Baobab Door
byg:cika_door_open_top, Baobab Door
byg:cypress_door_open_top, Baobab Door
byg:ebony_door_open_top, Baobab Door
byg:fir_door_open_top, Baobab Door
byg:frozen_oak_door_open_top, Baobab Door
byg:green_enchanted_door_open_top, Baobab Door
byg:hawthorn_door_open_top, Baobab Door
byg:holly_door_open_top, Baobab Door
byg:ironwood_door_open_top, Baobab Door
byg:jacaranda_door_open_top, Baobab Door
byg:mahogany_door_open_top, Baobab Door
byg:mangrove_door_open_top, Baobab Door
byg:maple_door_open_top, Baobab Door
byg:palm_door_open_top, Baobab Door
byg:pine_door_open_top, Baobab Door
byg:eucalyptus_door_open_top, Baobab Door
byg:rowan_door_open_top, Baobab Door
byg:skyris_door_open_top, Baobab Door
byg:willow_door_open_top, Baobab Door
byg:witch_hazel_open_top, Baobab Door
byg:zelkova_door_open_top, Baobab Door
byg:great_oak_door_top, Baobab Door
byg:great_oak_door_open_top, Baobab Door
byg:eucalyptus_door_open_bottom, Baobab Door
byg:great_oak_door, Great Oak Door
byg:jackomelon, Jack o'Melon
byg:blue_enchanted_gate, Blue Enchanted Gate
byg:blue_enchanted_gate_closed, Aspen Gate
byg:cherry_gate, Cherry Gate
byg:cherry_gate_closed, Aspen Gate
byg:cika_gate, Cika Gate
byg:cika_gate_closed, Aspen Gate
byg:cypress_gate, Cypress Gate
byg:cypress_gate_closed, Aspen Gate
byg:ebony_gate, Ebony Gate
byg:ebony_gate_closed, Ebony Gate
byg:fir_gate, Fir Gate
byg:fir_gate_closed, Aspen Gate
byg:great_oak_gate, Great Oak Gate
byg:great_oak_gate_closed, Aspen Gate
byg:green_enchanted_gate, Green Enchanted Gate
byg:green_enchanted_gate_closed, Aspen Gate
byg:hawthorn_gate, Hawthorn Gate
byg:hawthorn_gate_closed, Aspen Gate
byg:holly_gate, Holly Gate
byg:holly_gate_closed, Aspen Gate
byg:ironwood_gate, Ironwood Gate
byg:ironwood_gate_closed, Aspen Gate
byg:jacaranda_gate, Jacaranda Gate
byg:jacaranda_gate_closed, Aspen Gate
byg:mahogany_gate, Mahogany Gate
byg:mahogany_gate_closed, Aspen Gate
byg:mangrove_gate, Mangrove Gate
byg:mangrove_gate_closed, Aspen Gate
byg:maple_gate, Maple Gate
byg:maple_gate_closed, Aspen Gate
byg:frozen_oak_gate, Frozen Oak Gate
byg:frozen_oak_gate_closed, Aspen Gate
byg:palm_gate, Palm Gate
byg:palm_gate_closed, Aspen Gate
byg:pine_gate, Pine Gate
byg:pine_gate_closed, Aspen Gate
byg:rainbow_eucalyptus_gate, Rainbow Eucalyptus Gate
byg:rainbow_eucalyptus_gate_closed, Aspen Gate
byg:redwood_gate, Redwood Gate
byg:redwood_gate_closed, Aspen Gate
byg:rowan_gate, Rowan Gate
byg:rowan_gate_closed, Aspen Gate
byg:skyris_gate, Skyris Gate
byg:skyris_gate_closed, Aspen Gate
byg:willow_gate, Willow Gate
byg:witch_hazel_gate, Witch Hazel Gate
byg:witch_hazel_gate_closed, Aspen Gate
byg:zelkova_gate, Zelkova Gate
byg:zelkova_gate_closed, Aspen Gate
byg:woodenmortar, Wooden Mortar
byg:mahogany_wood, Mahogany Wood
byg:palm_wood, Palm Wood
byg:overgrown_stone, Overgrown Stone
byg:thornblock, Thorn Block
byg:thorn_branches, Thorn Branches
byg:plant_stem, Plant Stem
byg:red_petal, Red Petal Block
byg:white_petal, White Petal Block
byg:blue_petal, Blue Petal Block
byg:light_blue_petal, Light Blue Petal Block
byg:yellow_petal, Yellow Petal Block
byg:purple_petal, Purple Petal Block
byg:springwater, tile.springwater.name
byg:rocky_grass_alps, Rocky Grass
byg:alpine_bellflower, Alpine Bellflower
byg:angelica, Angelica
byg:azalea, Azalea
byg:begonia, Begonia
byg:bistort, Bistort
byg:black_rose, Black Rose
byg:fairy_slipper, Fairy Slipper
byg:delphinium, Delphinium
byg:golden_spined_cactus, Golden Spined Cactus
byg:guzmania, Guzmania
byg:iris, Iris
byg:lazarus_bell_flower, Lazarus Bell 
byg:lollipop_flower, Lollipop Flower
byg:ivy, Ivy
byg:flowers, Flowers
byg:prickly_pear, Prickly Pear
byg:protea_flower, Protea Flower
byg:richea, Richea
byg:salal_bush, Salal Bush
byg:salal_bush_ripe, Ripe Salal Bush
byg:silver_vase_flower, Silver Vase Flower
byg:torch_ginger, Torch Ginger
byg:winter_rose, Winter Rose
byg:winter_succulent, Winter Succulent
byg:black_puff, Black Puff
byg:weeping_milk_cap, Weeping Milk Cap
byg:wood_blewit, Wood Blewit
byg:salal_berry, Salal Berries
byg:horseweed, Horseweed
byg:aspenstickpile, Aspen Stick Pile
byg:stone_pebbles, Stone Pebbles
byg:light_blue_crystal_block, Light Blue Crystal Block
byg:white_crystal_block, White Crystal Block
byg:purple_crystal_block, Purple Crystal Block
byg:red_crystal_block, Red Crystal Block
byg:light_blue_crystals, Light Blue Crystals
byg:white_crystals, White Crystals
byg:purple_crystals, Purple Crystals
byg:red_crystals, Red Crystals
byg:carved_melon, Carved Melon
byg:frozen_oak_sapling, Frozen Oak Sapling
byg:red_birch_sapling, Red Birch Sapling
byg:orange_birch_sapling, Orange Birch Sapling
byg:brown_birch_sapling, Brown Birch Sapling
byg:dry_brown_oak_sapling, Dry Brown Oak Sapling
byg:dry_green_oak_sapling, Dry Green Oak Sapling
byg:blue_enchanted_sapling, Blue Enchanted Sapling
byg:pink_enchanted_sapling, Pink Enchanted Sapling
byg:purple_enchanted_sapling, Purple Enchanted Sapling
byg:structure_spawn_block, Structure Spawn Block
contenttweaker:fnzp_tablet, Flunitrazepam Tablet
contenttweaker:xanax, NAXA Anti-Rad Medication
contenttweaker:entepills, Enteramine Pills
contenttweaker:pill_iodine, Iodine Pill
contenttweaker:radaway_strong, Strong RadAway
contenttweaker:radaway_flush, Elite RadAway
contenttweaker:modular_blend, Modular Blend
contenttweaker:catalyst, Catalyst
contenttweaker:billet_hes, HES billet
contenttweaker:billet_mes, MES billet
contenttweaker:billet_les, LES billet
contenttweaker:pellet_fuel_hes, HES Fuel Pellet
contenttweaker:pellet_fuel_mes, MES Fuel Pellet
contenttweaker:pellet_fuel_les, LES Fuel Pellet
contenttweaker:pellet_depleted_fuel_hes, HES Fuel Pellet [Depleted]
contenttweaker:pellet_depleted_fuel_mes, MES Fuel Pellet [Depleted]
contenttweaker:pellet_depleted_fuel_les, LES Fuel Pellet [Depleted]
contenttweaker:li_infused_schrabidate_quad_rod,  Lithium-Infused Ferric Schrabidate Quad Fuel Rod
contenttweaker:rod_dilithium_pure, Pure Dilithium Rod
contenttweaker:expensive_versatile_circuit, Multipurpose Advanced SoC
contenttweaker:speed_upgrade_research, Speed Upgrade Research
contenttweaker:energy_upgrade_research, Energy Upgrade Research
contenttweaker:enderium_gem, Enderium Crystal
contenttweaker:powder_molybdenum_tiny, Tiny Pile of Molybdenum Powder
contenttweaker:powder_pr147_tiny, Tiny Pile of Promethium-147 Powder
contenttweaker:powder_eu155_tiny, Tiny Pile of Europium-155 Powder
contenttweaker:powder_ru106_tiny, Tiny Pile of Ruthenium-106 Powder
exchangers:tuberous_exchanger, Tuberous Exchanger
exchangers:creative_exchanger, Creative Exchanger
exchangers:wooden_exchanger, Wooden Exchanger
exchangers:stone_exchanger, Stone Exchanger
exchangers:golden_exchanger, Golden Exchanger
exchangers:iron_exchanger, Iron Exchanger
exchangers:diamond_exchanger, Diamond Exchanger
exchangers:emerald_exchanger, Emerald Exchanger
exchangers:obsidian_exchanger, Obsidian Exchanger
exchangers:end_exchanger, End Exchanger
exchangers:exchanger_core_tier1, Exchanger Core (Tier 1)
exchangers:exchanger_core_tier2, Exchanger Core (Tier 2)
exchangers:exchanger_core_tier3, Exchanger Core (Tier 3)
exchangers:conductive_iron_exchanger, Conductive Iron Exchanger
exchangers:pulsating_iron_exchanger, Pulsating Iron Exchanger
exchangers:electrical_steel_exchanger, Electrical Steel Exchanger
exchangers:energetic_exchanger, Energetic Exchanger
exchangers:dark_steel_exchanger, Dark Steel Exchanger
exchangers:vibrant_exchanger, Vibrant Exchanger
exchangers:end_steel_exchanger, End Steel Exchanger
exchangers:eio_exchanger_core_tier1, Ender IO Exchanger Core (Tier 1)
exchangers:eio_exchanger_core_tier2, Ender IO Exchanger Core (Tier 2)
exchangers:eio_exchanger_core_tier3, Ender IO Exchanger Core (Tier 3)
exchangers:crude_steel_exchanger, Crude Steel Exchanger
exchangers:energetic_silver_exchanger, Energetic Silver Exchanger
exchangers:vivid_exchanger, Vivid Exchanger
exchangers:crystalline_exchanger, Crystalline Exchanger
exchangers:melodic_exchanger, Melodic Exchanger
exchangers:stellar_exchanger, Stellar Exchanger
exchangers:eio_endergy_exchanger_core_tier1, Ender IO Endergy Exchanger Core (Tier 1)
exchangers:eio_endergy_exchanger_core_tier2, Ender IO Endergy Exchanger Core (Tier 2)
exchangers:eio_endergy_exchanger_core_tier3, Ender IO Endergy Exchanger Core (Tier 3)
exchangers:leadstone_exchanger, Leadstone Exchanger
exchangers:hardened_exchanger, Hardened Exchanger
exchangers:reinforced_exchanger, Reinforced Exchanger
exchangers:signalum_exchanger, Signalum Exchanger
exchangers:resonant_exchanger, Resonant Exchanger
exchangers:te_exchanger_core_tier1, Thermal Expansion Exchanger Core (Tier 1)
exchangers:te_exchanger_core_tier2, Thermal Expansion Exchanger Core (Tier 2)
exchangers:te_exchanger_core_tier3, Thermal Expansion Exchanger Core (Tier 3)
exchangers:basic_exchanger, Basic Exchanger
exchangers:advanced_exchanger, Advanced Exchanger
exchangers:elite_exchanger, Elite Exchanger
exchangers:ultimate_exchanger, Ultimate Exchanger
exchangers:mekanism_exchanger_core_tier1, Mekanism Exchanger Core (Tier 1)
exchangers:mekanism_exchanger_core_tier2, Mekanism Exchanger Core (Tier 2)
exchangers:mekanism_exchanger_core_tier3, Mekanism Exchanger Core (Tier 3)
exchangers:lv_exchanger, LV Exchanger
exchangers:mv_exchanger, MV Exchanger
exchangers:hv_exchanger, HV Exchanger
exchangers:ie_exchanger_core_tier1, Immersive Engineering Exchanger Core (Tier 1)
exchangers:ie_exchanger_core_tier2, Immersive Engineering Exchanger Core (Tier 2)
exchangers:ie_exchanger_core_tier3, Immersive Engineering Exchanger Core (Tier 3)
mcjtylib_ng:multipart, tile.mcjtylib_ng.multipart.name
modularmachinery:blockcontroller, Machine Controller
modularmachinery:blockcasing:0, Machine Casing
modularmachinery:blockcasing:1, Machine Vent
modularmachinery:blockcasing:2, Firebox Casing
modularmachinery:blockcasing:3, Machine Gearbox
modularmachinery:blockcasing:4, Reinforced Machine Casing
modularmachinery:blockcasing:5, Machine Circuitry
modularmachinery:blockinputbus:0, Tiny Item Input
modularmachinery:blockinputbus:1, Small Item Input
modularmachinery:blockinputbus:2, Normal Item Input
modularmachinery:blockinputbus:3, Reinforced Item Input
modularmachinery:blockinputbus:4, Big Item Input
modularmachinery:blockinputbus:5, Huge Item Input
modularmachinery:blockinputbus:6, Ludicrous Item Input
modularmachinery:blockoutputbus:0, Tiny Item Output
modularmachinery:blockoutputbus:1, Small Item Output
modularmachinery:blockoutputbus:2, Normal Item Output
modularmachinery:blockoutputbus:3, Reinforced Item Output
modularmachinery:blockoutputbus:4, Big Item Output
modularmachinery:blockoutputbus:5, Huge Item Output
modularmachinery:blockoutputbus:6, Ludicrous Item Output
modularmachinery:blockfluidinputhatch:0, Tiny Fluid Input Hatch
modularmachinery:blockfluidinputhatch:1, Small Fluid Input Hatch
modularmachinery:blockfluidinputhatch:2, Normal Fluid Input Hatch
modularmachinery:blockfluidinputhatch:3, Reinforced Fluid Input Hatch
modularmachinery:blockfluidinputhatch:4, Big Fluid Input Hatch
modularmachinery:blockfluidinputhatch:5, Huge Fluid Input Hatch
modularmachinery:blockfluidinputhatch:6, Ludicrous Fluid Input Hatch
modularmachinery:blockfluidinputhatch:7, Vacuum Fluid Input Hatch
modularmachinery:blockfluidoutputhatch:0, Tiny Fluid Output Hatch
modularmachinery:blockfluidoutputhatch:1, Small Fluid Output Hatch
modularmachinery:blockfluidoutputhatch:2, Normal Fluid Output Hatch
modularmachinery:blockfluidoutputhatch:3, Reinforced Fluid Output Hatch
modularmachinery:blockfluidoutputhatch:4, Big Fluid Output Hatch
modularmachinery:blockfluidoutputhatch:5, Huge Fluid Output Hatch
modularmachinery:blockfluidoutputhatch:6, Ludicrous Fluid Output Hatch
modularmachinery:blockfluidoutputhatch:7, Vacuum Fluid Output Hatch
modularmachinery:blockenergyinputhatch:0, Tiny Energy Input Hatch
modularmachinery:blockenergyinputhatch:1, Small Energy Input Hatch
modularmachinery:blockenergyinputhatch:2, Normal Energy Input Hatch
modularmachinery:blockenergyinputhatch:3, Reinforced Energy Input Hatch
modularmachinery:blockenergyinputhatch:4, Big Energy Input Hatch
modularmachinery:blockenergyinputhatch:5, Huge Energy Input Hatch
modularmachinery:blockenergyinputhatch:6, Ludicrous Energy Input Hatch
modularmachinery:blockenergyinputhatch:7, Ultimate Energy Input Hatch
modularmachinery:blockenergyoutputhatch:0, Tiny Energy Output Hatch
modularmachinery:blockenergyoutputhatch:1, Small Energy Output Hatch
modularmachinery:blockenergyoutputhatch:2, Normal Energy Output Hatch
modularmachinery:blockenergyoutputhatch:3, Reinforced Energy Output Hatch
modularmachinery:blockenergyoutputhatch:4, Big Energy Output Hatch
modularmachinery:blockenergyoutputhatch:5, Huge Energy Output Hatch
modularmachinery:blockenergyoutputhatch:6, Ludicrous Energy Output Hatch
modularmachinery:blockenergyoutputhatch:7, Ultimate Energy Output Hatch
modularmachinery:itemblueprint, Machine Blueprint
modularmachinery:itemmodularium, Modularium
modularmachinery:itemconstructtool, Construct Selection Tool
harvestcraft:blackberryitem, Blackberry
harvestcraft:blackberryseeditem, Blackberry Seed
harvestcraft:blueberryitem, Blueberry
harvestcraft:blueberryseeditem, Blueberry Seed
harvestcraft:candleberryitem, Candleberry
harvestcraft:candleberryseeditem, Candleberry Seed
harvestcraft:raspberryitem, Raspberry
harvestcraft:raspberryseeditem, Raspberry Seed
harvestcraft:strawberryitem, Strawberry
harvestcraft:strawberryseeditem, Strawberry Seed
harvestcraft:cactusfruititem, Cactus Fruit
harvestcraft:cactusfruitseeditem, Cactus Fruit Seed
harvestcraft:asparagusitem, Asparagus
harvestcraft:asparagusseeditem, Asparagus Seed
harvestcraft:barleyitem, Barley
harvestcraft:barleyseeditem, Barley Seed
harvestcraft:oatsitem, Oats
harvestcraft:oatsseeditem, Oats Seed
harvestcraft:ryeitem, Rye
harvestcraft:ryeseeditem, Rye Seed
harvestcraft:cornitem, Corn
harvestcraft:cornseeditem, Corn Seed
harvestcraft:bambooshootitem, Bamboo Shoot
harvestcraft:bambooshootseeditem, Bamboo Shoot Seed
harvestcraft:cantaloupeitem, Cantaloupe
harvestcraft:cantaloupeseeditem, Cantaloupe Seed
harvestcraft:cucumberitem, Cucumber
harvestcraft:cucumberseeditem, Cucumber Seed
harvestcraft:wintersquashitem, Winter Squash
harvestcraft:wintersquashseeditem, Winter Squash Seed
harvestcraft:zucchiniitem, Zucchini
harvestcraft:zucchiniseeditem, Zucchini Seed
harvestcraft:beetitem, Beet
harvestcraft:beetseeditem, Beet Seed
harvestcraft:onionitem, Onion
harvestcraft:onionseeditem, Onion Seed
harvestcraft:parsnipitem, Parsnip
harvestcraft:parsnipseeditem, Parsnip Seed
harvestcraft:peanutitem, Peanut
harvestcraft:peanutseeditem, Peanut Seed
harvestcraft:radishitem, Radish
harvestcraft:radishseeditem, Radish Seed
harvestcraft:rutabagaitem, Rutabaga
harvestcraft:rutabagaseeditem, Rutabaga Seed
harvestcraft:sweetpotatoitem, Sweet Potato
harvestcraft:sweetpotatoseeditem, Sweet Potato Seed
harvestcraft:turnipitem, Turnip
harvestcraft:turnipseeditem, Turnip Seed
harvestcraft:rhubarbitem, Rhubarb
harvestcraft:rhubarbseeditem, Rhubarb Seed
harvestcraft:celeryitem, Celery
harvestcraft:celeryseeditem, Celery Seed
harvestcraft:garlicitem, Garlic
harvestcraft:garlicseeditem, Garlic Seed
harvestcraft:gingeritem, Ginger
harvestcraft:gingerseeditem, Ginger Seed
harvestcraft:spiceleafitem, Spice Leaf
harvestcraft:spiceleafseeditem, Spice Leaf Seed
harvestcraft:tealeafitem, Tea Leaf
harvestcraft:teaseeditem, Tea Seed
harvestcraft:coffeebeanitem, Coffee Beans
harvestcraft:coffeeseeditem, Coffee Seed
harvestcraft:mustardseedsitem, Mustard Seeds
harvestcraft:mustardseeditem, Mustard Seed
harvestcraft:broccoliitem, Broccoli
harvestcraft:broccoliseeditem, Broccoli Seed
harvestcraft:caulifloweritem, Cauliflower
harvestcraft:cauliflowerseeditem, Cauliflower Seed
harvestcraft:leekitem, Leek
harvestcraft:leekseeditem, Leek Seed
harvestcraft:lettuceitem, Lettuce
harvestcraft:lettuceseeditem, Lettuce Seed
harvestcraft:scallionitem, Scallion
harvestcraft:scallionseeditem, Scallion Seed
harvestcraft:artichokeitem, Artichoke
harvestcraft:artichokeseeditem, Artichoke Seed
harvestcraft:brusselsproutitem, Brussel Sprout
harvestcraft:brusselsproutseeditem, Brussel Sprout Seed
harvestcraft:cabbageitem, Cabbage
harvestcraft:cabbageseeditem, Cabbage Seed
harvestcraft:spinachitem, Spinach
harvestcraft:spinachseeditem, Spinach Seed
harvestcraft:whitemushroomitem, White Mushroom
harvestcraft:whitemushroomseeditem, White Mushroom Spore
harvestcraft:beanitem, Beans
harvestcraft:beanseeditem, Bean Seed
harvestcraft:soybeanitem, Soybean
harvestcraft:soybeanseeditem, Soybean Seed
harvestcraft:bellpepperitem, Bellpepper
harvestcraft:bellpepperseeditem, Bellpepper Seed
harvestcraft:chilipepperitem, Chili Pepper
harvestcraft:chilipepperseeditem, Chili Pepper Seed
harvestcraft:eggplantitem, Eggplant
harvestcraft:eggplantseeditem, Eggplant Seed
harvestcraft:okraitem, Okra
harvestcraft:okraseeditem, Okra Seed
harvestcraft:peasitem, Peas
harvestcraft:peasseeditem, Peas Seed
harvestcraft:tomatoitem, Tomato
harvestcraft:tomatoseeditem, Tomato Seed
harvestcraft:cottonitem, Cotton
harvestcraft:cottonseeditem, Cotton Seed
harvestcraft:pineappleitem, Pineapple
harvestcraft:pineappleseeditem, Pineapple Seed
harvestcraft:grapeitem, Grape
harvestcraft:grapeseeditem, Grape Seed
harvestcraft:kiwiitem, Kiwi
harvestcraft:kiwiseeditem, Kiwi Seed
harvestcraft:cranberryitem, Cranberry
harvestcraft:cranberryseeditem, Cranberry Seed
harvestcraft:riceitem, Rice
harvestcraft:riceseeditem, Rice Seed
harvestcraft:seaweeditem, Seaweed
harvestcraft:seaweedseeditem, Seaweed Seed
harvestcraft:curryleafitem, Curry Leaf
harvestcraft:curryleafseeditem, Curry Leaf Seed
harvestcraft:sesameseedsitem, Sesame Seeds
harvestcraft:sesameseedsseeditem, Sesame Seeds Seed
harvestcraft:waterchestnutitem, Water Chestnut
harvestcraft:waterchestnutseeditem, Water Chestnut Seed
harvestcraft:gigapickleitem, Giga Pickle
harvestcraft:gigapickleseeditem, Giga Pickle Seed
harvestcraft:kaleitem, Kale
harvestcraft:kaleseeditem, Kale Seed
harvestcraft:agaveitem, Agave
harvestcraft:agaveseeditem, Agave Seed
harvestcraft:amaranthitem, Amaranth
harvestcraft:amaranthseeditem, Amaranth Seed
harvestcraft:arrowrootitem, Arrowroot
harvestcraft:arrowrootseeditem, Arrowroot Seed
harvestcraft:cassavaitem, Cassava
harvestcraft:cassavaseeditem, Cassava Seed
harvestcraft:chickpeaitem, Chickpeas
harvestcraft:chickpeaseeditem, Chickpea Seed
harvestcraft:elderberryitem, Elderberry
harvestcraft:elderberryseeditem, Elderberry Seed
harvestcraft:flaxitem, Flax
harvestcraft:flaxseeditem, Flax Seed
harvestcraft:greengrapeitem, Green Grape
harvestcraft:greengrapeseeditem, Green Grape Seed
harvestcraft:huckleberryitem, Huckleberry
harvestcraft:huckleberryseeditem, Huckleberry Seed
harvestcraft:jicamaitem, Jicama
harvestcraft:jicamaseeditem, Jicama Seed
harvestcraft:juteitem, Jute
harvestcraft:juteseeditem, Jute Seed
harvestcraft:kenafitem, Kenaf
harvestcraft:kenafseeditem, Kenaf Seed
harvestcraft:kohlrabiitem, Kohlrabi
harvestcraft:kohlrabiseeditem, Kohlrabi Seed
harvestcraft:lentilitem, Lentils
harvestcraft:lentilseeditem, Lentil Seed
harvestcraft:milletitem, Millet
harvestcraft:milletseeditem, Millet Seed
harvestcraft:mulberryitem, Mulberry
harvestcraft:mulberryseeditem, Mulberry Seed
harvestcraft:quinoaitem, Quinoa
harvestcraft:quinoaseeditem, Quinoa Seed
harvestcraft:sisalitem, Sisal
harvestcraft:sisalseeditem, Sisal Seed
harvestcraft:taroitem, Taro
harvestcraft:taroseeditem, Taro Seed
harvestcraft:tomatilloitem, Tomatillo
harvestcraft:tomatilloseeditem, Tomatillo Seed
harvestcraft:juniperberryitem, Juniperberry
harvestcraft:juniperberryseeditem, Juniperberry Seed
harvestcraft:date_sapling, Date Sapling
harvestcraft:dateitem, Date
harvestcraft:pamdate, Date
harvestcraft:papaya_sapling, Papaya Sapling
harvestcraft:papayaitem, Papaya
harvestcraft:pampapaya, Papaya
harvestcraft:cherry_sapling, Cherry Sapling
harvestcraft:cherryitem, Cherry
harvestcraft:pamcherry, Cherry
harvestcraft:fig_sapling, Fig Sapling
harvestcraft:figitem, Fig
harvestcraft:pamfig, Fig
harvestcraft:soursop_sapling, Soursop Sapling
harvestcraft:soursopitem, Soursop
harvestcraft:pamsoursop, Soursop
harvestcraft:dragonfruit_sapling, Dragonfruit Sapling
harvestcraft:dragonfruititem, Dragonfruit
harvestcraft:pamdragonfruit, Dragonfruit
harvestcraft:rambutan_sapling, Rambutan Sapling
harvestcraft:rambutanitem, Rambutan
harvestcraft:pamrambutan, Rambutan
harvestcraft:jackfruit_sapling, Jackfruit Sapling
harvestcraft:jackfruititem, Jackfruit
harvestcraft:pamjackfruit, Jackfruit
harvestcraft:passionfruit_sapling, Passion Fruit Sapling
harvestcraft:passionfruititem, Passion Fruit
harvestcraft:pampassionfruit, Passionfruit
harvestcraft:apple_sapling, Apple Sapling
harvestcraft:pamapple, Apple
harvestcraft:lemon_sapling, Lemon Sapling
harvestcraft:lemonitem, Lemon
harvestcraft:pamlemon, Lemon
harvestcraft:pear_sapling, Pear Sapling
harvestcraft:pearitem, Pear
harvestcraft:pampear, Pear
harvestcraft:olive_sapling, Olive Sapling
harvestcraft:oliveitem, Olive
harvestcraft:pamolive, Olive
harvestcraft:spiderweb_sapling, Spider Web Sapling
harvestcraft:pamspiderweb, Spider Web
harvestcraft:grapefruit_sapling, Grapefruit Sapling
harvestcraft:grapefruititem, Grapefruit
harvestcraft:pamgrapefruit, Grapefruit
harvestcraft:pomegranate_sapling, Pomegranate Sapling
harvestcraft:pomegranateitem, Pomegranate
harvestcraft:pampomegranate, Pomegranate
harvestcraft:cashew_sapling, Cashew Sapling
harvestcraft:cashewitem, Cashew
harvestcraft:pamcashew, Cashew
harvestcraft:vanillabean_sapling, Vanilla Sapling
harvestcraft:vanillabeanitem, Vanilla Bean
harvestcraft:pamvanillabean, Vanilla Bean
harvestcraft:starfruit_sapling, Starfruit Sapling
harvestcraft:starfruititem, Starfruit
harvestcraft:pamstarfruit, Starfruit
harvestcraft:banana_sapling, Banana Sapling
harvestcraft:bananaitem, Banana
harvestcraft:pambanana, Banana
harvestcraft:plum_sapling, Plum Sapling
harvestcraft:plumitem, Plum
harvestcraft:pamplum, Plum
harvestcraft:avocado_sapling, Avocado Sapling
harvestcraft:avocadoitem, Avocado
harvestcraft:pamavocado, Avocado
harvestcraft:pecan_sapling, Pecan Sapling
harvestcraft:pecanitem, Pecan
harvestcraft:pampecan, Pecan
harvestcraft:pistachio_sapling, Pistachio Sapling
harvestcraft:pistachioitem, Pistachio
harvestcraft:pampistachio, Pistachio
harvestcraft:hazelnut_sapling, Hazelnut Sapling
harvestcraft:hazelnutitem, Hazelnut
harvestcraft:pamhazelnut, Hazelnut
harvestcraft:lime_sapling, Lime Sapling
harvestcraft:limeitem, Lime
harvestcraft:pamlime, Lime
harvestcraft:peppercorn_sapling, Peppercorn Sapling
harvestcraft:peppercornitem, Peppercorn
harvestcraft:pampeppercorn, Peppercorn
harvestcraft:almond_sapling, Almond Sapling
harvestcraft:almonditem, Almond
harvestcraft:pamalmond, Almond
harvestcraft:gooseberry_sapling, Gooseberry Sapling
harvestcraft:gooseberryitem, Gooseberry
harvestcraft:pamgooseberry, Gooseberry
harvestcraft:peach_sapling, Peach Sapling
harvestcraft:peachitem, Peach
harvestcraft:pampeach, Peach
harvestcraft:chestnut_sapling, Chestnut Sapling
harvestcraft:chestnutitem, Chestnut
harvestcraft:pamchestnut, Chestnut
harvestcraft:pawpaw_sapling, Pawpaw Sapling
harvestcraft:pawpawitem, Pawpaw
harvestcraft:pampawpaw, Pawpaw
harvestcraft:coconut_sapling, Coconut Sapling
harvestcraft:coconutitem, Coconut
harvestcraft:pamcoconut, Coconut
harvestcraft:mango_sapling, Mango Sapling
harvestcraft:mangoitem, Mango
harvestcraft:pammango, Mango
harvestcraft:apricot_sapling, Apricot Sapling
harvestcraft:apricotitem, Apricot
harvestcraft:pamapricot, Apricot
harvestcraft:orange_sapling, Orange Sapling
harvestcraft:orangeitem, Orange
harvestcraft:pamorange, Orange
harvestcraft:walnut_sapling, Walnut Sapling
harvestcraft:walnutitem, Walnut
harvestcraft:pamwalnut, Walnut
harvestcraft:lychee_sapling, Lychee Sapling
harvestcraft:lycheeitem, Lychee
harvestcraft:pamlychee, Lychee
harvestcraft:persimmon_sapling, Persimmon Sapling
harvestcraft:persimmonitem, Persimmon
harvestcraft:pampersimmon, Persimmon
harvestcraft:guava_sapling, Guava Sapling
harvestcraft:guavaitem, Guava
harvestcraft:pamguava, Guava
harvestcraft:breadfruit_sapling, Breadfruit Sapling
harvestcraft:breadfruititem, Breadfruit
harvestcraft:pambreadfruit, Breadfruit
harvestcraft:nutmeg_sapling, Nutmeg Sapling
harvestcraft:nutmegitem, Nutmeg
harvestcraft:pamnutmeg, Nutmeg
harvestcraft:durian_sapling, Durian Sapling
harvestcraft:durianitem, Durian
harvestcraft:pamdurian, Durian
harvestcraft:tamarind_sapling, Tamarind Sapling
harvestcraft:tamarinditem, Tamarind
harvestcraft:pamtamarind, Tamarind
harvestcraft:cinnamon_sapling, Cinnamon Sapling
harvestcraft:cinnamonitem, Cinnamon
harvestcraft:pamcinnamon, Cinnamon Wood
harvestcraft:maple_sapling, Maple Sapling
harvestcraft:maplesyrupitem, Maple Syrup
harvestcraft:pammaple, Maple Wood
harvestcraft:paperbark_sapling, Paperbark Sapling
harvestcraft:pampaperbark, Paperbark Wood
harvestcraft:market, Market
harvestcraft:shippingbin, Shipping Bin
harvestcraft:well, Well
harvestcraft:groundtrap, Ground Trap
harvestcraft:watertrap, Water Trap
harvestcraft:waterfilter, Water Filter
harvestcraft:grinder, Grinder
harvestcraft:beehive, Beehive
harvestcraft:apiary, Apiary
harvestcraft:honey, Honey Block
harvestcraft:honeycomb, Honeycomb Block
harvestcraft:pressedwax, Pressed Wax Block
harvestcraft:waxcomb, Waxcomb Block
harvestcraft:candledeco1, White Candle
harvestcraft:candledeco2, Orange Candle
harvestcraft:candledeco3, Magenta Candle
harvestcraft:candledeco4, Light Blue Candle
harvestcraft:candledeco5, Yellow Candle
harvestcraft:candledeco6, Lime Candle
harvestcraft:candledeco7, Pink Candle
harvestcraft:candledeco8, Dark Grey Candle
harvestcraft:candledeco9, Light Grey Candle
harvestcraft:candledeco10, Cyan Candle
harvestcraft:candledeco11, Purple Candle
harvestcraft:candledeco12, Blue Candle
harvestcraft:candledeco13, Brown Candle
harvestcraft:candledeco14, Green Candle
harvestcraft:candledeco15, Red Candle
harvestcraft:candledeco16, Black Candle
harvestcraft:aridgarden, Arid Garden
harvestcraft:frostgarden, Frost Garden
harvestcraft:shadedgarden, Shaded Garden
harvestcraft:soggygarden, Soggy Garden
harvestcraft:tropicalgarden, Tropical Garden
harvestcraft:windygarden, Windy Garden
harvestcraft:presser, Presser
harvestcraft:carrotcake, Carrot Cake
harvestcraft:cheesecake, Cheese Cake
harvestcraft:cherrycheesecake, Cherry Cheese Cake
harvestcraft:chocolatesprinklecake, Chocolate Sprinkles Cake
harvestcraft:holidaycake, Holiday Cake
harvestcraft:lamingtoncake, Lamington
harvestcraft:pavlovacake, Pavlova
harvestcraft:pineappleupsidedowncake, Pineapple Upside Down Cake
harvestcraft:pumpkincheesecake, Pumpkin Cheese Cake
harvestcraft:redvelvetcake, Red Velvet Cake
harvestcraft:garliccoinitem, Garlic Coin
harvestcraft:ediblerootitem, Edible Root
harvestcraft:sunflowerseedsitem, Sunflower Seeds
harvestcraft:calamarirawitem, Raw Calamari
harvestcraft:calamaricookeditem, Cooked Calamari
harvestcraft:saltitem, Salt
harvestcraft:wovencottonitem, Woven Cotton
harvestcraft:freshwateritem, Fresh Water
harvestcraft:freshmilkitem, Fresh Milk
harvestcraft:grilledasparagusitem, Grilled Asparagus
harvestcraft:bakedsweetpotatoitem, Baked Sweet Potato
harvestcraft:grilledeggplantitem, Grilled Eggplant
harvestcraft:toastitem, Toast
harvestcraft:cheeseitem, Cheese
harvestcraft:icecreamitem, Ice Cream
harvestcraft:grilledcheeseitem, Grilled Cheese
harvestcraft:applesauceitem, Apple Sauce
harvestcraft:pumpkinbreaditem, Pumpkin Bread
harvestcraft:caramelappleitem, Caramel Apple
harvestcraft:applepieitem, Apple Pie
harvestcraft:teaitem, Cup of Tea
harvestcraft:coffeeitem, Cup of Coffee
harvestcraft:popcornitem, Popcorn
harvestcraft:raisinsitem, Raisins
harvestcraft:ricecakeitem, Rice Cake
harvestcraft:toastedcoconutitem, Toasted Coconut
harvestcraft:roastedpumpkinseedsitem, Roasted Pumpkin Seeds
harvestcraft:vanillaitem, Vanilla
harvestcraft:toastedsesameseedsitem, Toasted Sesame Seeds
harvestcraft:flouritem, Flour
harvestcraft:doughitem, Dough
harvestcraft:pastaitem, Pasta
harvestcraft:heavycreamitem, Heavy Cream
harvestcraft:butteritem, Butter
harvestcraft:applejuiceitem, Apple Juice
harvestcraft:melonjuiceitem, Melon Juice
harvestcraft:carrotjuiceitem, Carrot Juice
harvestcraft:strawberryjuiceitem, Strawberry Juice
harvestcraft:grapejuiceitem, Grape Juice
harvestcraft:blueberryjuiceitem, Blueberry Juice
harvestcraft:cherryjuiceitem, Cherry Juice
harvestcraft:papayajuiceitem, Papaya Juice
harvestcraft:starfruitjuiceitem, Starfruit Juice
harvestcraft:orangejuiceitem, Orange Juice
harvestcraft:peachjuiceitem, Peach Juice
harvestcraft:limejuiceitem, Lime Juice
harvestcraft:mangojuiceitem, Mango Juice
harvestcraft:pomegranatejuiceitem, Pomegranate Juice
harvestcraft:blackberryjuiceitem, Blackberry Juice
harvestcraft:raspberryjuiceitem, Raspberry Juice
harvestcraft:kiwijuiceitem, Kiwi Juice
harvestcraft:cranberryjuiceitem, Cranberry Juice
harvestcraft:cactusfruitjuiceitem, Cactus Fruit Juice
harvestcraft:plumjuiceitem, Plum Juice
harvestcraft:pearjuiceitem, Pear Juice
harvestcraft:apricotjuiceitem, Apricot Juice
harvestcraft:figjuiceitem, Fig Juice
harvestcraft:grapefruitjuiceitem, Grapefruit Juice
harvestcraft:persimmonjuiceitem, Persimmon Juice
harvestcraft:pumpkinsoupitem, Pumpkin Soup
harvestcraft:melonsmoothieitem, Melon Smoothie
harvestcraft:carrotsoupitem, Carrot Soup
harvestcraft:glazedcarrotsitem, Glazed Carrots
harvestcraft:butteredpotatoitem, Buttered Potato
harvestcraft:loadedbakedpotatoitem, Loaded Baked Potato
harvestcraft:mashedpotatoesitem, Mashed Potatoes
harvestcraft:potatosaladitem, Potato Salad
harvestcraft:potatosoupitem, Potato Soup
harvestcraft:friesitem, Fries
harvestcraft:grilledmushroomitem, Grilled Mushroom
harvestcraft:stuffedmushroomitem, Stuffed Mushroom
harvestcraft:chickensandwichitem, Chicken Sandwich
harvestcraft:chickennoodlesoupitem, Chicken Noodle Soup
harvestcraft:chickenpotpieitem, Chicken Pot Pie
harvestcraft:breadedporkchopitem, Breaded Porkchop
harvestcraft:hotdogitem, Hotdog
harvestcraft:bakedhamitem, Baked Ham
harvestcraft:hamburgeritem, Hamburger
harvestcraft:cheeseburgeritem, Cheeseburger
harvestcraft:potroastitem, Pot Roast
harvestcraft:fishsandwichitem, Fish Sandwich
harvestcraft:fishsticksitem, Fish Sticks
harvestcraft:fishandchipsitem, Fish and Chips
harvestcraft:mayoitem, Mayo
harvestcraft:friedeggitem, Fried Egg
harvestcraft:scrambledeggitem, Scrambled Egg
harvestcraft:boiledeggitem, Boiled Egg
harvestcraft:eggsaladitem, Egg Salad
harvestcraft:caramelitem, Caramel
harvestcraft:taffyitem, Taffy
harvestcraft:spidereyesoupitem, Spider Eye Soup
harvestcraft:zombiejerkyitem, Zombie Jerky
harvestcraft:cocoapowderitem, Cocoa Powder
harvestcraft:chocolatebaritem, Chocolate Bar
harvestcraft:hotchocolateitem, Hot Chocolate
harvestcraft:chocolateicecreamitem, Chocolate Ice Cream
harvestcraft:vegetablesoupitem, Vegetable Soup
harvestcraft:stockitem, Stock
harvestcraft:fruitsaladitem, Fruit Salad
harvestcraft:spagettiitem, Spaghetti
harvestcraft:spagettiandmeatballsitem, Spaghetti and Meatballs
harvestcraft:tomatosoupitem, Tomato Soup
harvestcraft:ketchupitem, Ketchup
harvestcraft:chickenparmasanitem, Chicken Parmesan
harvestcraft:springsaladitem, Spring Salad
harvestcraft:porklettucewrapitem, Pork Lettuce Wrap
harvestcraft:fishlettucewrapitem, Fish Lettuce Wrap
harvestcraft:bltitem, BLT
harvestcraft:leafychickensandwichitem, Leafy Chicken Sandwich
harvestcraft:leafyfishsandwichitem, Leafy Fish Sandwich
harvestcraft:potatocakesitem, Potato Cakes
harvestcraft:hashitem, Hash
harvestcraft:braisedonionsitem, Braised Onions
harvestcraft:cornonthecobitem, Corn on the Cob
harvestcraft:cornmealitem, Cornmeal
harvestcraft:cornbreaditem, Cornbread
harvestcraft:tortillaitem, Tortilla
harvestcraft:nachoesitem, Nachos
harvestcraft:tacoitem, Taco
harvestcraft:fishtacoitem, Fish Taco
harvestcraft:creamedcornitem, Creamed Corn
harvestcraft:strawberrysmoothieitem, Strawberry Smoothie
harvestcraft:strawberrypieitem, Strawberry Pie
harvestcraft:strawberrysaladitem, Strawberry Salad
harvestcraft:chocolatestrawberryitem, Chocolate Strawberry
harvestcraft:peanutbutteritem, Peanut Butter
harvestcraft:trailmixitem, Trail Mix
harvestcraft:pbandjitem, PB&J
harvestcraft:peanutbuttercookiesitem, Peanut Butter Cookies
harvestcraft:vinegaritem, Vinegar
harvestcraft:grapejellyitem, Grape Jelly
harvestcraft:grapesaladitem, Grape Salad
harvestcraft:raisincookiesitem, Raisin Cookies
harvestcraft:picklesitem, Pickles
harvestcraft:cucumbersaladitem, Cucumber Salad
harvestcraft:cucumbersoupitem, Cucumber Soup
harvestcraft:vegetarianlettucewrapitem, Vegetarian Lettuce Wrap
harvestcraft:marinatedcucumbersitem, Marinated Cucumbers
harvestcraft:ricesoupitem, Rice Soup
harvestcraft:friedriceitem, Fried Rice
harvestcraft:mushroomrisottoitem, Mushroom Risotto
harvestcraft:curryitem, Curry Rice
harvestcraft:rainbowcurryitem, Rainbow Curry
harvestcraft:refriedbeansitem, Refried Beans
harvestcraft:bakedbeansitem, Baked Beans
harvestcraft:beansandriceitem, Beans and Rice
harvestcraft:chiliitem, Chili
harvestcraft:beanburritoitem, Bean Burrito
harvestcraft:stuffedpepperitem, Stuffed Pepper
harvestcraft:veggiestirfryitem, Veggie Stirfry
harvestcraft:grilledskewersitem, Grilled Skewer
harvestcraft:omeletitem, Omelet
harvestcraft:hotwingsitem, Hot Wings
harvestcraft:chilipoppersitem, Chili Poppers
harvestcraft:extremechiliitem, Extreme Chili
harvestcraft:chilichocolateitem, Chili Chocolate
harvestcraft:lemonaideitem, Lemonade
harvestcraft:lemonbaritem, Lemon Bar
harvestcraft:fishdinneritem, Fish Dinner
harvestcraft:lemonsmoothieitem, Lemon Smoothie
harvestcraft:lemonmeringueitem, Lemon Meringue
harvestcraft:candiedlemonitem, Candied Lemon
harvestcraft:lemonchickenitem, Lemon Chicken
harvestcraft:blueberrysmoothieitem, Blueberry Smoothie
harvestcraft:blueberrypieitem, Blueberry Pie
harvestcraft:blueberrymuffinitem, Blueberry Muffin
harvestcraft:pancakesitem, Pancakes
harvestcraft:blueberrypancakesitem, Blueberry Pancakes
harvestcraft:cherrypieitem, Cherry Pie
harvestcraft:chocolatecherryitem, Chocolate Cherry
harvestcraft:cherrysmoothieitem, Cherry Smoothie
harvestcraft:stuffedeggplantitem, Stuffed Eggplant
harvestcraft:eggplantparmitem, Eggplant Parm
harvestcraft:raspberryicedteaitem, Raspberry Iced Tea
harvestcraft:chaiteaitem, Chai Tea
harvestcraft:espressoitem, Espresso
harvestcraft:coffeeconlecheitem, Coffee con Leche
harvestcraft:mochaicecreamitem, Mocha Ice Cream
harvestcraft:pickledbeetsitem, Pickled Beets
harvestcraft:beetsaladitem, Beet Salad
harvestcraft:beetsoupitem, Beet Soup
harvestcraft:bakedbeetsitem, Baked Beets
harvestcraft:broccolimacitem, Broccoli Mac
harvestcraft:broccolindipitem, Broccoli n Dip
harvestcraft:creamedbroccolisoupitem, Creamed Broccoli Soup
harvestcraft:sweetpotatopieitem, Sweet Potato Pie
harvestcraft:candiedsweetpotatoesitem, Candied Sweet Potatoes
harvestcraft:mashedsweetpotatoesitem, Mashed Sweet Potatoes
harvestcraft:steamedpeasitem, Steamed Peas
harvestcraft:splitpeasoupitem, Split Pea Soup
harvestcraft:pineapplehamitem, Pineapple Ham
harvestcraft:pineappleyogurtitem, Pineapple Yogurt
harvestcraft:turnipsoupitem, Turnip Soup
harvestcraft:roastedrootveggiemedleyitem, Roasted Root Veggie Medley
harvestcraft:bakedturnipsitem, Baked Turnips
harvestcraft:gingerbreaditem, Ginger Bread
harvestcraft:gingersnapsitem, Ginger Snaps
harvestcraft:candiedgingeritem, Candied Ginger
harvestcraft:mustarditem, Mustard
harvestcraft:softpretzelandmustarditem, Soft Pretzel and Mustard
harvestcraft:spicymustardporkitem, Spicy Mustard Pork
harvestcraft:spicygreensitem, Spicy Greens
harvestcraft:garlicbreaditem, Garlic Bread
harvestcraft:garlicmashedpotatoesitem, Garlic Mashed Potatoes
harvestcraft:garlicchickenitem, Garlic Chicken
harvestcraft:summerradishsaladitem, Summer Radish Salad
harvestcraft:summersquashwithradishitem, Summer Squash with Radish
harvestcraft:celeryandpeanutbutteritem, Celery and Peanut Butter
harvestcraft:chickencelerycasseroleitem, Chicken Celery Casserole
harvestcraft:peasandceleryitem, Peas and Celery
harvestcraft:celerysoupitem, Celery Soup
harvestcraft:zucchinibreaditem, Zucchini Bread
harvestcraft:zucchinifriesitem, Zucchini Fries
harvestcraft:zestyzucchiniitem, Zesty Zucchini
harvestcraft:zucchinibakeitem, Zucchini Bake
harvestcraft:asparagusquicheitem, Asparagus Quiche
harvestcraft:asparagussoupitem, Asparagus Soup
harvestcraft:walnutraisinbreaditem, Walnut Raisin Bread
harvestcraft:candiedwalnutsitem, Candied Walnuts
harvestcraft:brownieitem, Brownie
harvestcraft:papayasmoothieitem, Papaya Smoothie
harvestcraft:papayayogurtitem, Papaya Yogurt
harvestcraft:starfruitsmoothieitem, Starfruit Smoothie
harvestcraft:starfruityogurtitem, Starfruit Yogurt
harvestcraft:guacamoleitem, Guacamole
harvestcraft:creamofavocadosoupitem, Cream of Avocado Soup
harvestcraft:avocadoburritoitem, Avocado Burrito
harvestcraft:poachedpearitem, Poached Pear
harvestcraft:fruitcrumbleitem, Fruit Crumble
harvestcraft:pearyogurtitem, Pear Yogurt
harvestcraft:plumyogurtitem, Plum Yogurt
harvestcraft:bananasplititem, Banana Split
harvestcraft:banananutbreaditem, Banana Nut Bread
harvestcraft:bananasmoothieitem, Banana Smoothie
harvestcraft:bananayogurtitem, Banana Yogurt
harvestcraft:coconutmilkitem, Coconut Milk
harvestcraft:chickencurryitem, Chicken Curry
harvestcraft:coconutshrimpitem, Coconut Shrimp
harvestcraft:coconutyogurtitem, Coconut Yogurt
harvestcraft:orangechickenitem, Orange Chicken
harvestcraft:orangesmoothieitem, Orange Smoothie
harvestcraft:orangeyogurtitem, Orange Yogurt
harvestcraft:peachcobbleritem, Peach Cobbler
harvestcraft:peachsmoothieitem, Peach Smoothie
harvestcraft:peachyogurtitem, Peach Yogurt
harvestcraft:keylimepieitem, Keylime Pie
harvestcraft:limesmoothieitem, Lime Smoothie
harvestcraft:limeyogurtitem, Lime Yogurt
harvestcraft:mangosmoothieitem, Mango Smoothie
harvestcraft:mangoyogurtitem, Mango Yogurt
harvestcraft:pomegranatesmoothieitem, Pomegranate Smoothie
harvestcraft:pomegranateyogurtitem, Pomegranate Yogurt
harvestcraft:vanillayogurtitem, Vanilla Yogurt
harvestcraft:cinnamonrollitem, Cinnamon Roll
harvestcraft:frenchtoastitem, French Toast
harvestcraft:marshmellowsitem, Marshmallows
harvestcraft:donutitem, Donut
harvestcraft:chocolatedonutitem, Chocolate Donut
harvestcraft:powdereddonutitem, Powdered Donut
harvestcraft:jellydonutitem, Jelly Donut
harvestcraft:frosteddonutitem, Frosted Donut
harvestcraft:cactussoupitem, Cactus Soup
harvestcraft:wafflesitem, Waffles
harvestcraft:seedsoupitem, Seed Soup
harvestcraft:softpretzelitem, Soft Pretzel
harvestcraft:jellybeansitem, Jellybeans
harvestcraft:biscuititem, Biscuit
harvestcraft:creamcookieitem, Cream Cookie
harvestcraft:jaffaitem, Jaffa
harvestcraft:friedchickenitem, Fried Chicken
harvestcraft:footlongitem, Footlong
harvestcraft:blueberryyogurtitem, Blueberry Yogurt
harvestcraft:lemonyogurtitem, Lemon Yogurt
harvestcraft:cherryyogurtitem, Cherry Yogurt
harvestcraft:strawberryyogurtitem, Strawberry Yogurt
harvestcraft:grapeyogurtitem, Grape Yogurt
harvestcraft:chocolateyogurtitem, Chocolate Yogurt
harvestcraft:blackberrycobbleritem, Blackberry Cobbler
harvestcraft:blackberrysmoothieitem, Blackberry Smoothie
harvestcraft:blackberryyogurtitem, Blackberry Yogurt
harvestcraft:chocolatemilkitem, Chocolate Milk
harvestcraft:pumpkinyogurtitem, Pumpkin Yogurt
harvestcraft:raspberrypieitem, Raspberry Pie
harvestcraft:raspberrysmoothieitem, Raspberry Smoothie
harvestcraft:raspberryyogurtitem, Raspberry Yogurt
harvestcraft:cinnamonsugardonutitem, Cinnamon Sugar Donut
harvestcraft:melonyogurtitem, Melon Yogurt
harvestcraft:kiwismoothieitem, Kiwi Smoothie
harvestcraft:kiwiyogurtitem, Kiwi Yogurt
harvestcraft:plainyogurtitem, Plain Yogurt
harvestcraft:appleyogurtitem, Apple Yogurt
harvestcraft:saltedsunflowerseedsitem, Salted Sunflower Seeds
harvestcraft:sunflowerwheatrollsitem, Sunflower Wheat Rolls
harvestcraft:sunflowerbroccolisaladitem, Sunflower Broccoli Salad
harvestcraft:cranberrysauceitem, Cranberry Sauce
harvestcraft:cranberrybaritem, Cranberry Bar
harvestcraft:peppermintitem, Peppermint
harvestcraft:blackpepperitem, Black Pepper
harvestcraft:groundcinnamonitem, Ground Cinnamon
harvestcraft:groundnutmegitem, Ground Nutmeg
harvestcraft:oliveoilitem, Cooking Oil
harvestcraft:baklavaitem, Baklava
harvestcraft:gummybearsitem, Gummy Bears
harvestcraft:fruitpunchitem, Fruit Punch
harvestcraft:meatystewitem, Meaty Stew
harvestcraft:mixedsaladitem, Mixed Salad
harvestcraft:pinacoladaitem, Pinacolada
harvestcraft:saladdressingitem, Salad Dressing
harvestcraft:shepardspieitem, Shepherd's Pie
harvestcraft:eggnogitem, Egg Nog
harvestcraft:custarditem, Custard
harvestcraft:sushiitem, Sushi
harvestcraft:gardensoupitem, Garden Soup
harvestcraft:applejellyitem, Apple Jelly
harvestcraft:applejellysandwichitem, Apple Jelly Sandwich
harvestcraft:blackberryjellyitem, Blackberry Jelly
harvestcraft:blackberryjellysandwichitem, Blackberry Jelly Sandwich
harvestcraft:blueberryjellyitem, Blueberry Jelly
harvestcraft:blueberryjellysandwichitem, Blueberry Jelly Sandwich
harvestcraft:cherryjellyitem, Cherry Jelly
harvestcraft:cherryjellysandwichitem, Cherry Jelly Sandwich
harvestcraft:cranberryjellyitem, Cranberry Jelly
harvestcraft:cranberryjellysandwichitem, Cranberry Jelly Sandwich
harvestcraft:kiwijellyitem, Kiwi Jelly
harvestcraft:kiwijellysandwichitem, Kiwi Jelly Sandwich
harvestcraft:lemonjellyitem, Lemon Jelly
harvestcraft:lemonjellysandwichitem, Lemon Jelly Sandwich
harvestcraft:limejellyitem, Lime Jelly
harvestcraft:limejellysandwichitem, Lime Jelly Sandwich
harvestcraft:mangojellyitem, Mango Jelly
harvestcraft:mangojellysandwichitem, Mango Jelly Sandwich
harvestcraft:orangejellyitem, Orange Jelly
harvestcraft:orangejellysandwichitem, Orange Jelly Sandwich
harvestcraft:papayajellyitem, Papaya Jelly
harvestcraft:papayajellysandwichitem, Papaya Jelly Sandwich
harvestcraft:peachjellyitem, Peach Jelly
harvestcraft:peachjellysandwichitem, Peach Jelly Sandwich
harvestcraft:pomegranatejellyitem, Pomegranate Jelly
harvestcraft:pomegranatejellysandwichitem, Pomegranate Jelly Sandwich
harvestcraft:raspberryjellyitem, Raspberry Jelly
harvestcraft:raspberryjellysandwichitem, Raspberry Jelly Sandwich
harvestcraft:starfruitjellyitem, Starfruit Jelly
harvestcraft:starfruitjellysandwichitem, Starfruit Jelly Sandwich
harvestcraft:strawberryjellyitem, Strawberry Jelly
harvestcraft:strawberryjellysandwichitem, Strawberry Jelly Sandwich
harvestcraft:watermelonjellyitem, Watermelon Jelly
harvestcraft:watermelonjellysandwichitem, Watermelon Jelly Sandwich
harvestcraft:bubblywateritem, Bubbly Water
harvestcraft:cherrysodaitem, Cherry Soda
harvestcraft:colasodaitem, Cola Soda
harvestcraft:gingersodaitem, Ginger Ale
harvestcraft:grapesodaitem, Grape Soda
harvestcraft:lemonlimesodaitem, Lemon-Lime Soda
harvestcraft:orangesodaitem, Orange Soda
harvestcraft:rootbeersodaitem, Root Beer
harvestcraft:strawberrysodaitem, Strawberry Soda
harvestcraft:caramelicecreamitem, Caramel Ice Cream
harvestcraft:mintchocolatechipicecreamitem, Mint Chocolate Chip Ice Cream
harvestcraft:strawberryicecreamitem, Strawberry Ice Cream
harvestcraft:vanillaicecreamitem, Vanilla Ice Cream
harvestcraft:gingerchickenitem, Ginger Chicken
harvestcraft:oldworldveggiesoupitem, Old World Veggie Soup
harvestcraft:spicebunitem, Spice Bun
harvestcraft:gingeredrhubarbtartitem, Gingered Rhubarb Tart
harvestcraft:lambbarleysoupitem, Lamb Barley Soup
harvestcraft:honeylemonlambitem, Honey Lemon Lamb
harvestcraft:pumpkinoatsconesitem, Pumpkin Oat Scones
harvestcraft:beefjerkyitem, Beef Jerky
harvestcraft:ovenroastedcaulifloweritem, Oven Roasted Cauliflower
harvestcraft:leekbaconsoupitem, Leek Bacon Soup
harvestcraft:herbbutterparsnipsitem, Herb Butter Parsnips
harvestcraft:scallionbakedpotatoitem, Scallion Baked Potato
harvestcraft:soymilkitem, Soy Milk
harvestcraft:firmtofuitem, Firm Tofu
harvestcraft:silkentofuitem, Silken Tofu
harvestcraft:bamboosteamedriceitem, Bamboo Steamed Rice
harvestcraft:roastedchestnutitem, Roasted Chestnut
harvestcraft:sweetpotatosouffleitem, Sweet Potato Souffle
harvestcraft:cashewchickenitem, Cashew Chicken
harvestcraft:apricotyogurtitem, Apricot Yogurt
harvestcraft:apricotglazedporkitem, Apricot Glazed Pork
harvestcraft:apricotjellyitem, Apricot Jelly
harvestcraft:apricotjellysandwichitem, Apricot Jelly Sandwich
harvestcraft:apricotsmoothieitem, Apricot Smoothie
harvestcraft:figbaritem, Fig Bar
harvestcraft:figjellyitem, Fig Jelly
harvestcraft:figjellysandwichitem, Fig Jelly Sandwich
harvestcraft:figsmoothieitem, Fig Smoothie
harvestcraft:figyogurtitem, Fig Yogurt
harvestcraft:grapefruitjellyitem, Grapefruit Jelly
harvestcraft:grapefruitjellysandwichitem, Grapefruit Jelly Sandwich
harvestcraft:grapefruitsmoothieitem, Grapefruit Smoothie
harvestcraft:grapefruityogurtitem, Grapefruit Yogurt
harvestcraft:grapefruitsodaitem, Grapefruit Soda
harvestcraft:citrussaladitem, Citrus Salad
harvestcraft:pecanpieitem, Pecan Pie
harvestcraft:pralinesitem, Pralines
harvestcraft:persimmonyogurtitem, Persimmon Yogurt
harvestcraft:persimmonsmoothieitem, Persimmon Smoothie
harvestcraft:persimmonjellyitem, Persimmon Jelly
harvestcraft:persimmonjellysandwichitem, Persimmon Jelly Sandwich
harvestcraft:pistachiobakedsalmonitem, Pistachio Baked Salmon
harvestcraft:baconwrappeddatesitem, Bacon Wrapped Dates
harvestcraft:datenutbreaditem, Date Nut Bread
harvestcraft:maplesyruppancakesitem, Maple Syrup Pancakes
harvestcraft:maplesyrupwafflesitem, Maple Syrup Waffles
harvestcraft:maplesausageitem, Maple Sausage
harvestcraft:mapleoatmealitem, Maple Oatmeal
harvestcraft:peachesandcreamoatmealitem, Peaches and Cream Oatmeal
harvestcraft:cinnamonappleoatmealitem, Cinnamon Apple Oatmeal
harvestcraft:maplecandiedbaconitem, Maple Candied Bacon
harvestcraft:toastsandwichitem, Toast Sandwich
harvestcraft:potatoandcheesepirogiitem, Potato and Cheese Pierogi
harvestcraft:zeppoleitem, Zeppole
harvestcraft:sausageinbreaditem, Sausage in Bread
harvestcraft:chocolatecaramelfudgeitem, Chocolate Caramel Fudge
harvestcraft:lavendershortbreaditem, Lavender Shortbread
harvestcraft:beefwellingtonitem, Beef Wellington
harvestcraft:epicbaconitem, Epic Bacon
harvestcraft:manjuuitem, Manjū
harvestcraft:chickengumboitem, Chicken Gumbo
harvestcraft:generaltsochickenitem, General Tso's Chicken
harvestcraft:californiarollitem, California Roll
harvestcraft:futomakiitem, Futo Maki
harvestcraft:vegemiteitem, Vegemite
harvestcraft:honeycombchocolatebaritem, Honeycomb Chocolate Bar
harvestcraft:cherrycoconutchocolatebaritem, Cherry Coconut Chocolate Bar
harvestcraft:fairybreaditem, Fairy Bread
harvestcraft:timtamitem, Tim Tam
harvestcraft:damperitem, Damper
harvestcraft:gherkinitem, Gherkin
harvestcraft:ceasarsaladitem, Caesar Salad
harvestcraft:chaoscookieitem, Chaos Cookie
harvestcraft:chocolatebaconitem, Chocolate Bacon
harvestcraft:lambkebabitem, Lamb Kebab
harvestcraft:nutellaitem, Nutella
harvestcraft:snickersbaritem, Snickers Bar
harvestcraft:steamedspinachitem, Steamed Spinach
harvestcraft:vegemiteontoastitem, Vegemite on Toast
harvestcraft:clamcookeditem, Cooked Clam
harvestcraft:crabcookeditem, Cooked Crab
harvestcraft:crayfishcookeditem, Cooked Crayfish
harvestcraft:frogcookeditem, Cooked Frog Legs
harvestcraft:octopuscookeditem, Cooked Octopus
harvestcraft:scallopcookeditem, Cooked Scallop
harvestcraft:shrimpcookeditem, Cooked Shrimp
harvestcraft:snailcookeditem, Cooked Snail
harvestcraft:turtlecookeditem, Cooked Turtle
harvestcraft:oystercookeditem, Cooked Oyster
harvestcraft:applecideritem, Apple Cider
harvestcraft:bangersandmashitem, Bangers and Mash
harvestcraft:batteredsausageitem, Battered Sausage
harvestcraft:batteritem, Batter
harvestcraft:chorizoitem, Chorizo
harvestcraft:coleslawitem, Coleslaw
harvestcraft:energydrinkitem, Energy Drink
harvestcraft:friedonionsitem, Fried Onions
harvestcraft:mincepieitem, Mince Pie
harvestcraft:onionhamburgeritem, Onion Hamburger
harvestcraft:pepperoniitem, Pepperoni
harvestcraft:pickledonionsitem, Pickled Onions
harvestcraft:porksausageitem, Pork Sausage
harvestcraft:raspberrytrifleitem, Raspberry Trifle
harvestcraft:pumpkinmuffinitem, Pumpkin Muffin
harvestcraft:suaderoitem, Suadero
harvestcraft:turkeyrawitem, Raw Turkey
harvestcraft:turkeycookeditem, Cooked Turkey
harvestcraft:venisonrawitem, Raw Venison
harvestcraft:venisoncookeditem, Cooked Venison
harvestcraft:strawberrymilkshakeitem, Strawberry Milkshake
harvestcraft:chocolatemilkshakeitem, Chocolate Milkshake
harvestcraft:bananamilkshakeitem, Banana Milkshake
harvestcraft:cornflakesitem, Cornflakes
harvestcraft:roastchickenitem, Roast Chicken
harvestcraft:roastpotatoesitem, Roast Potatoes
harvestcraft:sundayroastitem, Sunday Roast
harvestcraft:bbqpulledporkitem, BBQ Pulled Pork
harvestcraft:lambwithmintsauceitem, Lamb with Mint Sauce
harvestcraft:steakandchipsitem, Steak and Chips
harvestcraft:cherryicecreamitem, Cherry Ice Cream
harvestcraft:pistachioicecreamitem, Pistachio Ice Cream
harvestcraft:neapolitanicecreamitem, Neapolitan Ice Cream
harvestcraft:spumoniicecreamitem, Spumoni Ice Cream
harvestcraft:almondbutteritem, Almond Butter
harvestcraft:cashewbutteritem, Cashew Butter
harvestcraft:chestnutbutteritem, Chestnut Butter
harvestcraft:cornishpastyitem, Cornish Pasty
harvestcraft:cottagepieitem, Cottage Pie
harvestcraft:croissantitem, Croissant
harvestcraft:currypowderitem, Curry Powder
harvestcraft:dimsumitem, Dim Sum
harvestcraft:friedpecanokraitem, Fried Pecan Okra
harvestcraft:gooseberryjellyitem, Gooseberry Jelly
harvestcraft:gooseberryjellysandwichitem, Gooseberry Jelly Sandwich
harvestcraft:gooseberrymilkshakeitem, Gooseberry Milkshake
harvestcraft:gooseberrypieitem, Gooseberry Pie
harvestcraft:gooseberrysmoothieitem, Gooseberry Smoothie
harvestcraft:gooseberryyogurtitem, Gooseberry Yogurt
harvestcraft:hushpuppiesitem, Hushpuppies
harvestcraft:kimchiitem, Kimchi
harvestcraft:mochiitem, Mochi
harvestcraft:museliitem, Muesli
harvestcraft:naanitem, Naan
harvestcraft:okrachipsitem, Okra Chips
harvestcraft:okracreoleitem, Okra Creole
harvestcraft:pistachiobutteritem, Pistachio Butter
harvestcraft:porklomeinitem, Pork Lo Mein
harvestcraft:salmonpattiesitem, Salmon Patties
harvestcraft:sausageitem, Sausage
harvestcraft:sausagerollitem, Sausage Roll
harvestcraft:sesameballitem, Sesame Ball
harvestcraft:sesamesnapsitem, Sesame Snaps
harvestcraft:shrimpokrahushpuppiesitem, Shrimp Pork Okra Hushpuppies
harvestcraft:soysauceitem, Soy Sauce
harvestcraft:sweetpickleitem, Sweet Pickle
harvestcraft:veggiestripsitem, Veggie Strips
harvestcraft:vindalooitem, Vindaloo
harvestcraft:applesmoothieitem, Apple Smoothie
harvestcraft:coconutsmoothieitem, Coconut Smoothie
harvestcraft:cranberrysmoothieitem, Cranberry Smoothie
harvestcraft:cranberryyogurtitem, Cranberry Yogurt
harvestcraft:grapesmoothieitem, Grape Smoothie
harvestcraft:pearsmoothieitem, Pear Smoothie
harvestcraft:pearjellyitem, Pear Jelly
harvestcraft:pearjellysandwichitem, Pear Jelly Sandwich
harvestcraft:plumsmoothieitem, Plum Smoothie
harvestcraft:plumjellyitem, Plum Jelly
harvestcraft:plumjellysandwichitem, Plum Jelly Sandwich
harvestcraft:honeysandwichitem, Honey Sandwich
harvestcraft:cheeseontoastitem, Cheese on Toast
harvestcraft:tunapotatoitem, Tuna Potato
harvestcraft:chocolaterollitem, Chocolate Roll
harvestcraft:jamrollitem, Jam Roll
harvestcraft:coconutcreamitem, Coconut Cream
harvestcraft:crackeritem, Cracker
harvestcraft:garammasalaitem, Garam Masala
harvestcraft:paneeritem, Paneer
harvestcraft:gravyitem, Gravy
harvestcraft:mangochutneyitem, Mango Chutney
harvestcraft:marzipanitem, Marzipan
harvestcraft:paneertikkamasalaitem, Paneer Tikka Masala
harvestcraft:peaandhamsoupitem, Pea and Ham Soup
harvestcraft:potatoandleeksoupitem, Potato and Leek Soup
harvestcraft:yorkshirepuddingitem, Yorkshire Pudding
harvestcraft:sesameoilitem, Sesame Oil
harvestcraft:noodlesitem, Noodles
harvestcraft:chickenchowmeinitem, Chicken Chow Mein
harvestcraft:kungpaochickenitem, Kung Pao Chicken
harvestcraft:hoisinsauceitem, Hoisin Sauce
harvestcraft:fivespiceitem, Five Spice
harvestcraft:charsiuitem, Char Siu
harvestcraft:sweetandsoursauceitem, Sweet and Sour Sauce
harvestcraft:sweetandsourchickenitem, Sweet and Sour Chicken
harvestcraft:baconandeggsitem, Bacon and Eggs
harvestcraft:biscuitsandgravyitem, Biscuits and Gravy
harvestcraft:applefritteritem, Apple Fritter
harvestcraft:sweetteaitem, Sweet Tea
harvestcraft:creepercookieitem, Creeper Cookie
harvestcraft:honeybreaditem, Honey Bread
harvestcraft:honeybunitem, Honeybun
harvestcraft:honeyglazedcarrotsitem, Honey Glazed Carrots
harvestcraft:honeyglazedhamitem, Honey Glazed Ham
harvestcraft:honeysoyribsitem, Honey Soy Ribs
harvestcraft:chocovoxelsitem, Choco Voxels Cereal
harvestcraft:cinnamontoastitem, Cinnamon Toast
harvestcraft:cornedbeefitem, Corned Beef
harvestcraft:cottoncandyitem, Cotton Candy
harvestcraft:crackersitem, Crackers
harvestcraft:creeperwingsitem, Creeper Wings
harvestcraft:dhalitem, Dhal
harvestcraft:durianmilkshakeitem, Durian Milkshake
harvestcraft:durianmuffinitem, Durian Muffin
harvestcraft:hotsauceitem, Hot Sauce
harvestcraft:hummusitem, Hummus
harvestcraft:ironbrewitem, Iron Brew
harvestcraft:lasagnaitem, Lasagna
harvestcraft:lemondrizzlecakeitem, Lemon Drizzle Cake
harvestcraft:meatloafitem, Meatloaf
harvestcraft:mushroomlasagnaitem, Mushroom Lasagna
harvestcraft:musselcookeditem, Cooked Mussel
harvestcraft:netherwingsitem, Nether Wings
harvestcraft:pizzasoupitem, Pizza Soup
harvestcraft:poutineitem, Poutine
harvestcraft:salsaitem, Salsa
harvestcraft:sardinesinhotsauceitem, Sardines in Hot Sauce
harvestcraft:teriyakichickenitem, Teriyaki Chicken
harvestcraft:turkishdelightitem, Turkish Delight
harvestcraft:greeneggsandhamitem, Green Eggs and Ham
harvestcraft:theatreboxitem, Theatre Box
harvestcraft:cookiesandmilkitem, Cookies and Milk
harvestcraft:crackersandcheeseitem, Crackers and Cheese
harvestcraft:chickendinneritem, Chicken Dinner
harvestcraft:corndogitem, Corn Dog
harvestcraft:hamandcheesesandwichitem, Ham and Cheese Sandwich
harvestcraft:tunasaladitem, Tuna Salad
harvestcraft:gritsitem, Grits
harvestcraft:buttercookieitem, Butter Cookie
harvestcraft:sugarcookieitem, Sugar Cookie
harvestcraft:potatochipsitem, Potato Chips
harvestcraft:bbqpotatochipsitem, BBQ Potato Chips
harvestcraft:sourcreamandonionpotatochipsitem, Sour Cream and Onion Potato Chips
harvestcraft:cheddarandsourcreampotatochipsitem, Cheddar and Sour Cream Potato Chips
harvestcraft:tortillachipsitem, Tortilla Chips
harvestcraft:chipsanddipitem, Chips and Dip
harvestcraft:cheezepuffsitem, Cheeze Puffs
harvestcraft:surfandturfitem, Surf and Turf
harvestcraft:liverandonionsitem, Liver and Onions
harvestcraft:fortunecookieitem, Fortune Cookie
harvestcraft:deviledeggitem, Deviled Egg
harvestcraft:mozzerellasticksitem, Mozzerella Sticks
harvestcraft:succotashitem, Succotash
harvestcraft:friedgreentomatoesitem, Fried Green Tomatoes
harvestcraft:potatoesobrienitem, Potatoes O'Brien
harvestcraft:tatertotsitem, Tater Tots
harvestcraft:smoresitem, Smores
harvestcraft:steakfajitaitem, Steak Fajita
harvestcraft:ramenitem, Ramen
harvestcraft:misosoupitem, Miso Soup
harvestcraft:onigiriitem, Onigiri
harvestcraft:grilledcheesevegemitetoastitem, Grilled Cheese Vegemite Toast
harvestcraft:monsterfrieddumplingsitem, Monster Fried Dumplings
harvestcraft:crispyricepuffcerealitem, Crispy Rice Puff Cereal
harvestcraft:crispyricepuffbarsitem, Crispy Rice Puff Bar
harvestcraft:babaganoushitem, Baba Ganoush
harvestcraft:berryvinaigrettesaladitem, Berry Vinaigrette Salad
harvestcraft:tomatoherbchickenitem, Tomato Herb Chicken
harvestcraft:pastagardeniaitem, Pasta Gardenia 
harvestcraft:fiestacornsaladitem, Fiesta Corn Salad
harvestcraft:threebeansaladitem, Three Bean Salad
harvestcraft:sweetandsourmeatballsitem, Sweet and Sour Meatballs
harvestcraft:pepperjellyitem, Pepper Jelly
harvestcraft:pepperjellyandcrackersitem, Pepper Jelly and Crackers
harvestcraft:saltedcaramelitem, Salted Caramel
harvestcraft:spidereyepieitem, Spider Eye Pie
harvestcraft:cheesyshrimpquinoaitem, Cheesy Shrimp Quinoa
harvestcraft:bulgogiitem, Bulgogi
harvestcraft:omuriceitem, Omurice
harvestcraft:pemmicanitem, Pemmican
harvestcraft:driedsoupitem, Dried Soup
harvestcraft:crabkimbapitem, Crab Kimbap
harvestcraft:froglegstirfryitem, Frog Leg Stirfry
harvestcraft:haggisitem, Haggis
harvestcraft:chickenkatsuitem, Chicken Katsu
harvestcraft:chocolateorangeitem, Chocolate Orange
harvestcraft:festivalbreaditem, Festival Bread
harvestcraft:fruitcreamfestivalbreaditem, Fruit Cream Festival Bread
harvestcraft:phoitem, Pho
harvestcraft:bubbleteaitem, Bubble Tea
harvestcraft:duckrawitem, Raw Duck
harvestcraft:duckcookeditem, Cooked Duck
harvestcraft:wontonsoupitem, Wonton Soup
harvestcraft:springrollitem, Spring Rolls
harvestcraft:meatystirfryitem, Meaty Stirfry
harvestcraft:potstickersitem, Pot Stickers
harvestcraft:orangeduckitem, Orange Duck
harvestcraft:pekingduckitem, Peking Duck
harvestcraft:stuffedduckitem, Stuffed Duck
harvestcraft:rouxitem, Roux
harvestcraft:candiedpecansitem, Candied Pecans
harvestcraft:stuffingitem, Stuffing
harvestcraft:greenbeancasseroleitem, Green Bean Casserole
harvestcraft:hamandpineapplepizzaitem, Ham and Pineapple Pizza
harvestcraft:cobblestonecobbleritem, Cobblestone Cobbler
harvestcraft:crayfishsaladitem, Crayfish Salad
harvestcraft:cevicheitem, Ceviche
harvestcraft:bakedcactusitem, Baked Cactus
harvestcraft:garlicsteakitem, Garlic Steak
harvestcraft:mushroomsteakitem, Mushroom Steak
harvestcraft:hotdishcasseroleitem, Hot Dish Casserole
harvestcraft:sausagebeanmeltitem, Sausage Bean Melt
harvestcraft:mettbrotchenitem, Mettbrötchen
harvestcraft:porkrindsitem, Pork Rinds
harvestcraft:cracklinsitem, Cracklins
harvestcraft:chorusfruitsoupitem, Chorus Fruit Soup
harvestcraft:akutuqitem, Akutuq
harvestcraft:cantonesegreensitem, Cantonese Greens
harvestcraft:earlgreyteaitem, Tea, Earl Grey, Hot
harvestcraft:eggrollitem, Egg Roll
harvestcraft:eggtartitem, Egg Tart
harvestcraft:greenteaitem, Green Tea
harvestcraft:meesuaitem, Mee Sua
harvestcraft:oystersauceitem, Oyster Sauce
harvestcraft:squidinkspaghettiitem, Squid Ink Spaghetti
harvestcraft:steaktartareitem, Steak Tartare
harvestcraft:szechuaneggplantitem, Szechuan Eggplant
harvestcraft:baconpancakesitem, Bacon Pancakes
harvestcraft:blackpaellaitem, Black Paella
harvestcraft:blazingsoupitem, Blazing Soup
harvestcraft:briochebunitem, Brioche Bun
harvestcraft:chickenpaellaitem, Chicken Paella
harvestcraft:escargotitem, Escargot
harvestcraft:gourmetbeefpattyitem, Gourmet Beef Patty
harvestcraft:gourmetmuttonpattyitem, Gourmet Mutton Patty
harvestcraft:gourmetporkpattyitem, Gourmet Pork Patty
harvestcraft:gourmetvenisonpattyitem, Gourmet Venison Patty
harvestcraft:guisoitem, Guiso
harvestcraft:jelliedeelitem, Jellied Eel
harvestcraft:kalechipsitem, Kale Chips
harvestcraft:padthaiitem, Pad Thai
harvestcraft:peanutbutterbananasandwichitem, Peanut Butter and Banana Sandwich
harvestcraft:peanutbuttercupitem, Peanut Butter Cup
harvestcraft:pinkelitem, Pinkel
harvestcraft:pitepaltitem, Pitepalt
harvestcraft:sauerbratenitem, Sauerbraten
harvestcraft:slimepieitem, Slime Pie
harvestcraft:strawberryrhubarbpieitem, Strawberry Rhubarb Pie
harvestcraft:tiropitaitem, Tiropita
harvestcraft:rosepetalteaitem, Rose Petal Tea
harvestcraft:potatoskinsitem, Potato Skins
harvestcraft:chilidonutitem, Chili Donut
harvestcraft:bbqsauceitem, BBQ Sauce
harvestcraft:vanillacupcakeitem, Vanilla Cupcake
harvestcraft:chocolatecupcakeitem, Chocolate Cupcake
harvestcraft:carrotcupcakeitem, Carrot Cupcake
harvestcraft:redvelvetcupcakeitem, Red Velvet Cupcake
harvestcraft:chilicupcakeitem, Chili Cupcake
harvestcraft:peanutbuttercupcakeitem, Peanut Butter Cupcake
harvestcraft:lemoncupcakeitem, Lemon Cupcake
harvestcraft:strawberrycupcakeitem, Strawberry Cupcake
harvestcraft:mintcupcakeitem, Mint Cupcake
harvestcraft:coffeecupcakeitem, Coffee Cupcake
harvestcraft:sprinklescupcakeitem, Sprinkles Cupcake
harvestcraft:caramelcupcakeitem, Caramel Cupcake
harvestcraft:cherryslushieitem, Cherry Slushie
harvestcraft:pambitsboxitem, Pam Bits Box
harvestcraft:stuffedchilipeppersitem, Stuffed Chili Peppers
harvestcraft:slimegummiesitem, Slime Gummies
harvestcraft:chocolatepuddingitem, Chocolate Pudding
harvestcraft:bbqchickenpizzaitem, BBQ Chicken Pizza
harvestcraft:quesadillaitem, Quesadilla
harvestcraft:bibimbapitem, Bibimbap
harvestcraft:shrimpcocktailitem, Shrimp Cocktail
harvestcraft:nopalessaladitem, Nopales Salad
harvestcraft:meringueitem, Meringue
harvestcraft:applesnowitem, Apple Snow
harvestcraft:bakedalaskaitem, Baked Alaska
harvestcraft:berrymeringuenestitem, Berry Meringue Nest
harvestcraft:etonmessitem, Eton Mess
harvestcraft:meringuebombeitem, Meringue Bombe
harvestcraft:meringuebrownieitem, Meringue Brownie
harvestcraft:meringuecookieitem, Meringue Cookie
harvestcraft:meringuerouladeitem, Meringue Roulade
harvestcraft:merveilleuxitem, Merveilleux
harvestcraft:bbqjackfruititem, BBQ Jackfruit
harvestcraft:mushroomketchupomeletitem, Mushroom Ketchup Omelet
harvestcraft:mushroomketchupitem, Mushroom Ketchup
harvestcraft:lycheeteaitem, Lychee Tea
harvestcraft:baconwrappedchiliitem, Bacon Wrapped Chili
harvestcraft:seedenergygelitem, Seed Energy Gel
harvestcraft:chickencordonbleuitem, Chicken Cordon Bleu
harvestcraft:sundayhighteaitem, Sunday High Tea
harvestcraft:cucumbersandwichitem, Cucumber Sandwich
harvestcraft:dandelionsaladitem, Dandelion Salad
harvestcraft:peanutsoupitem, Peanut Soup
harvestcraft:vanillaconchasbreaditem, Vanilla Conchas Bread
harvestcraft:chocolatecoconutbaritem, Chocolate Coconut Bar
harvestcraft:strawberrysouffleitem, Strawberry Soufflé
harvestcraft:gyudonitem, Gyudon
harvestcraft:shrimptemperaitem, Shrimp Tempura
harvestcraft:imagawayakiitem, Imagawayaki
harvestcraft:mochicakeitem, Mochi Cake
harvestcraft:mochidessertitem, Mochi Dessert
harvestcraft:taiyakiitem, Taiyaki
harvestcraft:salmononigiriitem, Salmon Onigiri
harvestcraft:tunaonigiriitem, Tuna Onigiri
harvestcraft:friedbolognasandwichitem, Fried Bologna Sandwich
harvestcraft:bolognasandwichitem, Bologna Sandwich
harvestcraft:ricepuddingitem, Rice Pudding
harvestcraft:musubiitem, Musubi
harvestcraft:imitationcrabsticksitem, Imitation Crab Sticks
harvestcraft:misopasteitem, Miso Paste
harvestcraft:dandelionteaitem, Dandelion Tea
harvestcraft:gravlaxitem, Gravlax
harvestcraft:cheesedanishitem, Cheese Danish
harvestcraft:schnitzelitem, Schnitzel
harvestcraft:bolognaitem, Bologna
harvestcraft:raspberrymilkshakeitem, Raspberry Milk Shake
harvestcraft:pumpkinspicelatteitem, Pumpkin Spice Latte
harvestcraft:rootbeerfloatitem, Root Beer Float
harvestcraft:hotcocoaitem, Hot Cocoa
harvestcraft:cinnamonbreaditem, Cinnamon Bread
harvestcraft:cornchipsitem, Corn Chips
harvestcraft:marshmellowchicksitem, Marshmellow Chicks
harvestcraft:pizzasliceitem, Pizza Slice
harvestcraft:groundbeefitem, Ground Beef
harvestcraft:groundchickenitem, Ground Chicken
harvestcraft:groundduckitem, Ground Duck
harvestcraft:groundfishitem, Ground Fish
harvestcraft:groundmuttonitem, Ground Mutton
harvestcraft:groundporkitem, Ground Pork
harvestcraft:groundrabbititem, Ground Rabbit
harvestcraft:groundturkeyitem, Ground Turkey
harvestcraft:groundvenisonitem, Ground Venison
harvestcraft:rawtofeakitem, Raw Tofeak
harvestcraft:rawtofaconitem, Raw Tofacon
harvestcraft:rawtofeegitem, Raw Tofeeg
harvestcraft:rawtofuttonitem, Raw Tofutton
harvestcraft:rawtofickenitem, Raw Toficken
harvestcraft:rawtofabbititem, Raw Tofabbit
harvestcraft:rawtofurkeyitem, Raw Tofurkey
harvestcraft:rawtofenisonitem, Raw Tofenison
harvestcraft:rawtofuduckitem, Raw Tofuduck
harvestcraft:cookedtofeakitem, Cooked Tofeak
harvestcraft:cookedtofaconitem, Cooked Tofacon
harvestcraft:cookedtofishitem, Cooked Tofish
harvestcraft:cookedtofeegitem, Cooked Tofeeg
harvestcraft:cookedtofuttonitem, Cooked Tofutton
harvestcraft:cookedtofickenitem, Cooked Toficken
harvestcraft:cookedtofabbititem, Cooked Tofabbit
harvestcraft:cookedtofurkeyitem, Cooked Tofurkey
harvestcraft:cookedtofenisonitem, Cooked Tofenison
harvestcraft:cookedtofuduckitem, Cooked Tofuduck
harvestcraft:carrotcakeitem, Carrot Cake
harvestcraft:holidaycakeitem, Holiday Cake
harvestcraft:pumpkincheesecakeitem, Pumpkin Cheese Cake
harvestcraft:pavlovaitem, Pavlova
harvestcraft:lamingtonitem, Lamington
harvestcraft:cheesecakeitem, Cheese Cake
harvestcraft:cherrycheesecakeitem, Cherry Cheese Cake
harvestcraft:pineappleupsidedowncakeitem, Pineapple Upside Down Cake
harvestcraft:chocolatesprinklecakeitem, Chocolate Sprinkles Cake
harvestcraft:redvelvetcakeitem, Red Velvet Cake
harvestcraft:baconcheeseburgeritem, Bacon Cheeseburger
harvestcraft:deluxecheeseburgeritem, Deluxe Cheeseburger
harvestcraft:beansontoastitem, Beans on Toast
harvestcraft:meatpieitem, Meat Pie
harvestcraft:chikorollitem, Chiko Roll
harvestcraft:spinachpieitem, Spinach Pie
harvestcraft:coleslawburgeritem, Coleslaw Burger
harvestcraft:hotandsoursoupitem, Hot and Sour Soup
harvestcraft:patreonpieitem, Patreon Pie
harvestcraft:chilidogitem, Chili Dog
harvestcraft:tunafishsandwichitem, Tunafish Sandwich
harvestcraft:clamchowderitem, Clam Chowder
harvestcraft:breakfastburritoitem, Breakfast Burrito
harvestcraft:chipsandsalsaitem, Chips and Salsa
harvestcraft:crawfishetoufeeitem, Crawfish Etoufee
harvestcraft:saucedlambkebabitem, Sauced Lamb Kebab
harvestcraft:cantonesenoodlesitem, Cantonese Noodles
harvestcraft:dangoitem, Dango
harvestcraft:takoyakiitem, Takoyaki
harvestcraft:groiledcheesesandwichitem, Groiled Cheese Sandwich
harvestcraft:cheesesteakitem, Cheesesteak
harvestcraft:swedishmeatballsitem, Swedish Meatballs
harvestcraft:buttertartitem, Butter Tart
harvestcraft:battenbergitem, Battenberg
harvestcraft:slawdogitem, Slaw Dog
harvestcraft:rivermudcakeitem, River Mud Cake
harvestcraft:fruitcakeitem, Fruit Cake
harvestcraft:springfieldcashewchickenitem, Springfield Cashew Chicken
harvestcraft:enchiladaitem, Enchilada
harvestcraft:pizzaitem, Pizza
harvestcraft:onionsoupitem, Onion Soup
harvestcraft:baconmushroomburgeritem, Bacon Mushroom Burger
harvestcraft:toadintheholeitem, Toad in the Hole
harvestcraft:homestylelunchitem, Homestyle Lunch
harvestcraft:montecristosandwichitem, Monte Cristo Sandwich
harvestcraft:mobsoupitem, Mob Soup
harvestcraft:randomtacoitem, Random Taco
harvestcraft:hamsweetpicklesandwichitem, Ham & Sweet Pickle Sandwich
harvestcraft:toastedwesternitem, Toasted Western
harvestcraft:eggsbenedictitem, Eggs Benedict
harvestcraft:glisteningsaladitem, Glistening Salad
harvestcraft:meatloafsandwichitem, Meatloaf Sandwich
harvestcraft:mashedpotatoeschickenbiscuititem, Mashed Potatoes and Chicken Biscuit
harvestcraft:cassouletitem, Cassoulet
harvestcraft:bratwurstitem, Bratwurst
harvestcraft:chickenbiscuititem, Chicken Biscuit
harvestcraft:epicbltitem, Epic BLT
harvestcraft:kohlundpinkelitem, Kohl und Pinkel
harvestcraft:beetburgeritem, Beet Burger
harvestcraft:anchovypepperonipizzaitem, Anchovy Pepperoni Pizza
harvestcraft:spaghettidinneritem, Spaghetti Dinner
harvestcraft:gumboitem, Gumbo
harvestcraft:jambalayaitem, Jambalaya
harvestcraft:supremepizzaitem, Supreme Pizza
harvestcraft:bbqplatteritem, BBQ Platter
harvestcraft:chickenandwafflesitem, Chicken and Waffles
harvestcraft:gourmetporkburgeritem, Gourmet Pork Burger
harvestcraft:bbqchickenbiscuititem, BBQ Chicken Biscuit
harvestcraft:delightedmealitem, Delighted Meal
harvestcraft:heartybreakfastitem, Hearty Breakfast
harvestcraft:mcpamitem, McPam
harvestcraft:deluxenachoesitem, Deluxe Nachos
harvestcraft:gourmetmuttonburgeritem, Gourmet Mutton Burger
harvestcraft:netherstartoastitem, Nether Star on Toast
harvestcraft:paradiseburgeritem, Paradise Burger
harvestcraft:chimichangaitem, Chimichanga
harvestcraft:salisburysteakitem, Salisbury Steak
harvestcraft:ploughmanslunchitem, Ploughman's Lunch
harvestcraft:cornedbeefhashitem, Corned Beef Hash
harvestcraft:bentoboxitem, Bento Box
harvestcraft:friedfeastitem, Fried Feast
harvestcraft:timpanoitem, Timpano
harvestcraft:deluxechickencurryitem, Deluxe Chicken Curry
harvestcraft:weekendpicnicitem, Weekend Picnic
harvestcraft:gourmetbeefburgeritem, Gourmet Beef Burger
harvestcraft:southernstylebreakfastitem, Southern Style Breakfast
harvestcraft:meatfeastpizzaitem, Meat Feast Pizza
harvestcraft:thankfuldinneritem, Thankful Dinner
harvestcraft:koreandinneritem, Korean Dinner
harvestcraft:gourmetvenisonburgeritem, Gourmet Venison Burger
harvestcraft:minerstewitem, Miner's Stew
harvestcraft:cornedbeefbreakfastitem, Corned Beef Breakfast
harvestcraft:queenbeeitem, Queen Bee
harvestcraft:grubitem, Bee Grub
harvestcraft:cookedgrubitem, Cooked Grub
harvestcraft:honeycombitem, Honeycomb
harvestcraft:honeyitem, Honey
harvestcraft:waxcombitem, Waxcomb
harvestcraft:royaljellyitem, Royal Jelly
harvestcraft:beeswaxitem, Pressed Wax
harvestcraft:fruitbaititem, Fruit Bait
harvestcraft:grainbaititem, Grain Bait
harvestcraft:veggiebaititem, Veggie Bait
harvestcraft:fishtrapbaititem, Fish Trap Bait
harvestcraft:cuttingboarditem, Cutting Board
harvestcraft:potitem, Pot
harvestcraft:skilletitem, Skillet
harvestcraft:saucepanitem, Saucepan
harvestcraft:bakewareitem, Bakeware
harvestcraft:mortarandpestleitem, Mortar and Pestle
harvestcraft:mixingbowlitem, Mixing Bowl
harvestcraft:juiceritem, Juicer
harvestcraft:anchovyrawitem, Raw Anchovy
harvestcraft:bassrawitem, Raw Bass
harvestcraft:carprawitem, Raw Carp
harvestcraft:catfishrawitem, Raw Catfish
harvestcraft:charrrawitem, Raw Charr
harvestcraft:clamrawitem, Raw Clam
harvestcraft:crabrawitem, Raw Crab
harvestcraft:crayfishrawitem, Raw Crayfish
harvestcraft:eelrawitem, Raw Eel
harvestcraft:frograwitem, Raw Frog
harvestcraft:grouperrawitem, Raw Grouper
harvestcraft:herringrawitem, Raw Herring
harvestcraft:jellyfishrawitem, Raw Jellyfish
harvestcraft:mudfishrawitem, Raw Mudfish
harvestcraft:octopusrawitem, Raw Octopus
harvestcraft:perchrawitem, Raw Perch
harvestcraft:scalloprawitem, Raw Scallop
harvestcraft:shrimprawitem, Raw Shrimp
harvestcraft:snailrawitem, Raw Snail
harvestcraft:snapperrawitem, Raw Snapper
harvestcraft:tilapiarawitem, Raw Tilapia
harvestcraft:troutrawitem, Raw Trout
harvestcraft:tunarawitem, Raw Tuna
harvestcraft:turtlerawitem, Raw Turtle
harvestcraft:walleyerawitem, Raw Walleye
harvestcraft:greenheartfishitem, Green Heart Fish
harvestcraft:sardinerawitem, Raw Sardine
harvestcraft:musselrawitem, Raw Mussel
harvestcraft:rawtofishitem, Raw Tofish
harvestcraft:oysterrawitem, Raw Oyster
harvestcraft:hardenedleatheritem, Hardened Leather
harvestcraft:hardenedleatherhelmitem, Hardened Leather Helm
harvestcraft:hardenedleatherchestitem, Hardened Leather Chest
harvestcraft:hardenedleatherleggingsitem, Hardened Leather Leggings
harvestcraft:hardenedleatherbootsitem, Hardened Leather Boots
harvestcraft:harvestpumpkinitem, Pumpkin
minecraft:cod, Raw Fish
minecraft:cooked_cod, Cooked Fish
minecraft:salmon, Raw Salmon
minecraft:cooked_salmon, Cooked Salmon
minecraft:clownfish, Clownfish
minecraft:pufferfish, Pufferfish
hbm:test_render, tile.test_render.name
hbm:obj_tester, tile.obj_tester.name
hbm:cheater_virus, Gelid Euphemium
hbm:cheater_virus_seed, Unstable Euphemium Schrabide Block
hbm:crystal_virus, Dark Crystal
hbm:crystal_hardened, Hardened Dark Crystal
hbm:crystal_pulsar, Pulsating Crystal
hbm:balefire, Balefire
hbm:fire_digamma, Lingering Digamma
hbm:digamma_matter, Digammarium
hbm:machine_converter_he_rf, HE to RF Converter
hbm:machine_converter_rf_he, RF to HE Converter
hbm:asphalt, Asphalt
hbm:asphalt_light, Glowing Asphalt
hbm:reinforced_glass, Reinforced Glass
hbm:reinforced_glass_pane, Reinforced Glass Pane
hbm:reinforced_light, Reinforced Glowstone
hbm:reinforced_lamp_off, Reinforced Lamp
hbm:reinforced_lamp_on, Reinforced Lamp
hbm:reinforced_stone, Dense Stone
hbm:brick_concrete, Concrete Bricks
hbm:brick_concrete_mossy, Mossy Concrete Bricks
hbm:brick_concrete_cracked, Cracked Concrete Bricks
hbm:brick_concrete_broken, Broken Concrete Bricks
hbm:brick_concrete_marked, Marked Concrete Bricks
hbm:reinforced_brick, Reinforced Stone
hbm:brick_compound, Compound Mesh
hbm:brick_light, Light Bricks
hbm:brick_asbestos, Asbestos Bricks
hbm:reinforced_sand, Reinforced Sandstone
hbm:brick_obsidian, Obsidian Bricks
hbm:cmb_brick, CMB Steel Tile
hbm:cmb_brick_reinforced, Reinforced CMB Bricks
hbm:reinforced_laminate, Reinforced Laminate
hbm:reinforced_laminate_pane, Reinforced Laminate Pane
hbm:concrete, Concrete Tile
hbm:concrete_smooth, Concrete
hbm:concrete_colored:0, White Concrete
hbm:concrete_colored:1, Orange Concrete
hbm:concrete_colored:2, Magenta Concrete
hbm:concrete_colored:3, Light Blue Concrete
hbm:concrete_colored:4, Yellow Concrete
hbm:concrete_colored:5, Lime Concrete
hbm:concrete_colored:6, Pink Concrete
hbm:concrete_colored:7, Gray Concrete
hbm:concrete_colored:8, Light Gray Concrete
hbm:concrete_colored:9, Cyan Concrete
hbm:concrete_colored:10, Purple Concrete
hbm:concrete_colored:11, Blue Concrete
hbm:concrete_colored:12, Brown Concrete
hbm:concrete_colored:13, Green Concrete
hbm:concrete_colored:14, Red Concrete
hbm:concrete_colored:15, Black Concrete
hbm:concrete_colored_ext:0, Builder's Choice Concrete - Industrial Tinge
hbm:concrete_colored_ext:1, Builder's Choice Concrete - Industrial Stripe
hbm:concrete_colored_ext:2, Builder's Choice Concrete - Deep Indigo
hbm:concrete_colored_ext:3, Builder's Choice Concrete - Mysterious Purple
hbm:concrete_colored_ext:4, Builder's Choice Concrete - Manly Pink
hbm:concrete_colored_ext:5, Builder's Choice Concrete - Hazard Stripe
hbm:concrete_colored_ext:6, Builder's Choice Concrete - Desert Storm
hbm:concrete_colored_ext:7, Builder's Choice Concrete - Bronze Plating
hbm:rebar, Rebar
hbm:concrete_rebar, Reinforced Concrete
hbm:concrete_super:0, Über Concrete
hbm:concrete_super:1, Über Concrete
hbm:concrete_super:2, Über Concrete
hbm:concrete_super:3, Über Concrete
hbm:concrete_super:4, Über Concrete
hbm:concrete_super:5, Über Concrete
hbm:concrete_super:6, Über Concrete
hbm:concrete_super:7, Über Concrete
hbm:concrete_super:8, Über Concrete
hbm:concrete_super:9, Über Concrete
hbm:concrete_super:10, Über Concrete
hbm:concrete_super:11, Über Concrete
hbm:concrete_super:12, Über Concrete
hbm:concrete_super:13, Über Concrete
hbm:concrete_super:14, Über Concrete
hbm:concrete_super_broken, Moldy Debris
hbm:concrete_asbestos, Asbestos Concrete
hbm:concrete_pillar, Rebar Reinforced Concrete Pillar
hbm:ducrete_smooth, Ducrete Tile
hbm:ducrete, Ducrete
hbm:ducrete_brick, Ducrete Brick
hbm:ducrete_reinforced, Reinforced Ducrete
hbm:lightstone:0, Raw Lightstone
hbm:lightstone:1, Lightstone Tile
hbm:lightstone:2, Lightstone Bricks
hbm:lightstone:3, Lightstone Chiseled Bricks
hbm:lightstone:4, Chiseled Lightstone
hbm:vinyl_tile:0, Large Vinyl Tile
hbm:vinyl_tile:1, Small Vinyl Tiles
hbm:tile_lab, Laboratory Tiles
hbm:tile_lab_cracked, Cracked Laboratory Tiles
hbm:tile_lab_broken, Broken Laboratory Tiles
hbm:reinforced_stone_stairs, Dense Stone Stairs
hbm:brick_concrete_stairs, Concrete Brick Stairs
hbm:brick_concrete_mossy_stairs, Mossy Concrete Brick Stairs
hbm:brick_concrete_cracked_stairs, Cracked Concrete Brick Stairs
hbm:brick_concrete_broken_stairs, Broken Concrete Brick Stairs
hbm:reinforced_brick_stairs, Reinforced Stone Stairs
hbm:brick_compound_stairs, Compound Mesh Stairs
hbm:brick_asbestos_stairs, Asbestos Brick Stairs
hbm:brick_light_stairs, Light Bricks Stairs
hbm:lightstone_tile_stairs, Lightstone Tile Stairs
hbm:lightstone_bricks_stairs, Lightstone Brick Stairs
hbm:reinforced_sand_stairs, Reinforced Sand Stairs
hbm:brick_obsidian_stairs, Obsidian Brick Stairs
hbm:cmb_brick_reinforced_stairs, Reinforced CMB Brick Stairs
hbm:concrete_stairs, Concrete Tile Stairs
hbm:concrete_smooth_stairs, Concrete Stairs
hbm:concrete_colored_stairs_white, White Concrete Stairs
hbm:concrete_colored_stairs_orange, Orange Concrete Stairs
hbm:concrete_colored_stairs_magenta, Magenta Concrete Stairs
hbm:concrete_colored_stairs_light_blue, Light Blue Concrete Stairs
hbm:concrete_colored_stairs_yellow, Yellow Concrete Stairs
hbm:concrete_colored_stairs_lime, Lime Concrete Stairs
hbm:concrete_colored_stairs_pink, Pink Concrete Stairs
hbm:concrete_colored_stairs_gray, Gray Concrete Stairs
hbm:concrete_colored_stairs_silver, Silver Concrete Stairs
hbm:concrete_colored_stairs_cyan, Cyan Concrete Stairs
hbm:concrete_colored_stairs_purple, Purple Concrete Stairs
hbm:concrete_colored_stairs_blue, Blue Concrete Stairs
hbm:concrete_colored_stairs_brown, Brown Concrete Stairs
hbm:concrete_colored_stairs_green, Green Concrete Stairs
hbm:concrete_colored_stairs_red, Red Concrete Stairs
hbm:concrete_colored_stairs_black, Black Concrete Stairs
hbm:concrete_colored_ext_stairs_machine, Builder's Choice Concrete - Industrial Tinge Stairs
hbm:concrete_colored_ext_stairs_machine_stripe, Builder's Choice Concrete - Industrial Stripe Stairs
hbm:concrete_colored_ext_stairs_indigo, Builder's Choice Concrete - Deep Indigo Stairs
hbm:concrete_colored_ext_stairs_purple, Builder's Choice Concrete - Mysterious Purple Stairs
hbm:concrete_colored_ext_stairs_pink, Builder's Choice Concrete - Manly Pink Stairs
hbm:concrete_colored_ext_stairs_hazard, Builder's Choice Concrete - Hazard Stripe Stairs
hbm:concrete_colored_ext_stairs_sand, Builder's Choice Concrete - Desert Storm Stairs
hbm:concrete_colored_ext_stairs_bronze, Builder's Choice Concrete - Bronze Plating Stairs
hbm:concrete_asbestos_stairs, Asbestos Concrete Stairs
hbm:ducrete_smooth_stairs, Ducrete Tile Stairs
hbm:ducrete_stairs, Ducrete Stairs
hbm:ducrete_brick_stairs, Ducrete Brick Stairs
hbm:ducrete_reinforced_stairs, Reinforced Ducrete Stairs
hbm:tile_lab_stairs, Laboratory Tile Stairs
hbm:tile_lab_cracked_stairs, Cracked Laboratory Tile Stairs
hbm:tile_lab_broken_stairs, Broken Laboratory Tile Stairs
hbm:reinforced_stone_slab:0, Dense Stone Slab
hbm:brick_concrete_slab:0, Concrete Brick Slab
hbm:brick_concrete_mossy_slab:0, Mossy Concrete Brick Slab
hbm:brick_concrete_cracked_slab:0, Cracked Concrete Brick Slab
hbm:brick_concrete_broken_slab:0, Broken Concrete Brick Slab
hbm:reinforced_brick_slab:0, Reinforced Stone Slab
hbm:brick_light_slab:0, Light Brick Slab
hbm:brick_compound_slab:0, Compound Mesh Slab
hbm:brick_asbestos_slab:0, Asbestos Brick Slab
hbm:brick_fire_slab:0, Firebrick Slab
hbm:reinforced_sand_slab:0, Reinforced Sand Slab
hbm:brick_obsidian_slab:0, Obsidian Brick Slab
hbm:cmb_brick_reinforced_slab:0, Reinforced CMB Brick Slab
hbm:concrete_slab:0, Concrete Tile Slab
hbm:concrete_smooth_slab:0, Concrete Slab
hbm:concrete_white_slab:0, White Concrete Slab
hbm:concrete_orange_slab:0, Orange Concrete Slab
hbm:concrete_magenta_slab:0, Magenta Concrete Slab
hbm:concrete_light_blue_slab:0, Light Blue Concrete Slab
hbm:concrete_yellow_slab:0, Yellow Concrete Slab
hbm:concrete_lime_slab:0, Lime Concrete Slab
hbm:concrete_pink_slab:0, Pink Concrete Slab
hbm:concrete_gray_slab:0, Gray Concrete Slab
hbm:concrete_silver_slab:0, Silver Concrete Slab
hbm:concrete_cyan_slab:0, Cyan Concrete Slab
hbm:concrete_purple_slab:0, Purple Concrete Slab
hbm:concrete_blue_slab:0, Blue Concrete Slab
hbm:concrete_brown_slab:0, Brown Concrete Slab
hbm:concrete_green_slab:0, Green Concrete Slab
hbm:concrete_red_slab:0, Red Concrete Slab
hbm:concrete_black_slab:0, Black Concrete Slab
hbm:concrete_asbestos_slab:0, Asbestos Concrete Slab
hbm:ducrete_smooth_slab:0, Ducrete Tile Slab
hbm:ducrete_slab:0, Ducrete Slab
hbm:ducrete_brick_slab:0, Ducrete Brick Slab
hbm:ducrete_reinforced_slab:0, Reinforced Ducrete Slab
hbm:tile_lab_slab:0, Laboratory Tile Slab
hbm:tile_lab_cracked_slab:0, Cracked Laboratory Tile Slab
hbm:tile_lab_broken_slab:0, Broken Laboratory Tile Slab
hbm:lamp_demon, Demon Core Lamp
hbm:lantern, Lantern
hbm:lantern_behemoth, Old Lantern
hbm:lamp_tritium_green_off, Green Tritium Lamp
hbm:lamp_tritium_green_on, Green Tritium Lamp
hbm:lamp_tritium_blue_off, Blue Tritium Lamp
hbm:lamp_tritium_blue_on, Blue Tritium Lamp
hbm:spotlight_incandescent, Cage Lamp
hbm:spotlight_incandescent_off, Cage Lamp
hbm:spotlight_fluoro, Fluorescent Light
hbm:spotlight_fluoro_off, Fluorescent Light
hbm:spotlight_halogen, Halogen Floodlight
hbm:spotlight_halogen_off, Halogen Floodlight
hbm:spotlight_beam, tile.spotlight_beam.name
hbm:floodlight, Powered Floodlight
hbm:floodlight_beam, tile.floodlight_beam.name
hbm:block_scrap, Block of Scrap
hbm:block_electrical_scrap, Block of Electrical Scrap
hbm:ore_uranium, Uranium Ore
hbm:ore_uranium_scorched, Scorched Uranium Ore
hbm:ore_schrabidium, Schrabidium Ore
hbm:ore_sellafield_emerald:0, Sellafite Emerald Ore
hbm:ore_sellafield_uranium_scorched:0, Scorched Sellafite Uranium Ore
hbm:ore_sellafield_schrabidium:0, Sellafite Schrabidium Ore
hbm:ore_sellafield_diamond:0, Sellafite Diamond Ore
hbm:ore_sellafield_radgem:0, Sellafite Radioactive Gem Ore
hbm:ore_thorium, Thorium Ore
hbm:ore_titanium, Titanium Ore
hbm:ore_sulfur, Sulfur Ore
hbm:ore_niter, Niter Ore
hbm:ore_copper, Copper Ore
hbm:ore_tungsten, Tungsten Ore
hbm:ore_aluminium, Aluminium-Bearing Ore
hbm:ore_fluorite, Fluorite Ore
hbm:ore_lead, Lead Ore
hbm:ore_beryllium, Beryllium Ore
hbm:ore_lignite, Lignite Ore
hbm:ore_asbestos, Asbestos Ore
hbm:ore_rare, Rare Earth Ore
hbm:cluster_iron, Iron Ore Cluster
hbm:cluster_titanium, Titanium Ore Cluster
hbm:cluster_aluminium, Aluminium Ore Cluster
hbm:cluster_copper, Copper Ore Cluster
hbm:ore_cobalt, Cobalt Ore
hbm:ore_cinnabar, Cinnabar Ore
hbm:ore_coltan, Coltan Ore
hbm:ore_australium, Australian Ore
hbm:stone_depth, Depth Rock
hbm:ore_depth_cinnabar, Depth Cinnabar Ore
hbm:ore_depth_zirconium, Depth Zirconium Ore
hbm:ore_depth_borax, Depth Borax Ore
hbm:ore_alexandrite, Alexandrite Ore
hbm:cluster_depth_iron, Depth Iron Ore Cluster
hbm:cluster_depth_titanium, Depth Titanium Ore Cluster
hbm:cluster_depth_tungsten, Depth Tungsten Ore Cluster
hbm:ore_bedrock_coltan, Bedrock Coltan Ore
hbm:ore_bedrock_oil, Bedrock Oil Deposit
hbm:ore_bedrock_block, Bedrock Ore
hbm:ore_volcano, Geothermal Vent
hbm:ore_oil, Oil Deposit
hbm:ore_oil_empty, Empty Oil Deposit
hbm:ore_oil_sand, Tar Sand
hbm:stone_gneiss, Graphitic Schist
hbm:gneiss_brick, Schist Brick
hbm:gneiss_tile, Schist Tile
hbm:gneiss_chiseled, Chiseled Schist
hbm:ore_gneiss_iron, Schist Iron Ore
hbm:ore_gneiss_gold, Schist Gold Ore
hbm:ore_gneiss_uranium, Schist Uranium Ore
hbm:ore_gneiss_uranium_scorched, Scorched Schist Uranium Ore
hbm:ore_gneiss_copper, Schist Copper Ore
hbm:ore_gneiss_asbestos, Schist Asbestos Ore
hbm:ore_gneiss_lithium, Schist Lithium Ore
hbm:ore_gneiss_schrabidium, Schist Schrabidium Ore
hbm:ore_gneiss_rare, Schist Rare Earth Ore
hbm:ore_gneiss_gas, Gas Shale
hbm:ore_tikite, Trixite
hbm:ore_nether_coal, Burning Nether Coal Ore
hbm:ore_nether_smoldering, Smoldering Netherrack
hbm:ore_nether_cobalt, Nether Cobalt Ore
hbm:ore_nether_tungsten, Nether Tungsten Ore
hbm:ore_nether_sulfur, Nether Sulfur Ore
hbm:ore_nether_fire, Nether Phosphorus Ore
hbm:ore_nether_uranium, Nether Uranium Ore
hbm:ore_nether_uranium_scorched, Scorched Nether Uranium Ore
hbm:ore_nether_plutonium, Nether Plutonium Ore
hbm:ore_nether_schrabidium, Nether Schrabidium Ore
hbm:stone_depth_nether, Nether Depth Rock
hbm:ore_depth_nether_neodymium, Nether Depth Neodymium Ore
hbm:ore_depth_nether_nitan, Nether Depth Nitanium Ore
hbm:block_meteor, Meteorite Block
hbm:block_meteor_cobble, Meteorite Cobblestone
hbm:block_meteor_broken, Broken Meteorite Block
hbm:block_meteor_molten, Hot Meteorite Cobblestone
hbm:block_meteor_treasure, Meteorite Treasure Block
hbm:ore_meteor:0, Meteor Iron Ore
hbm:ore_meteor:1, Meteor Copper Ore
hbm:ore_meteor:2, Meteor Aluminium Ore
hbm:ore_meteor:3, Meteor Rare Earth Ore
hbm:ore_meteor:4, Meteor Cobalt Ore
hbm:meteor_polished, Polished Meteor Block
hbm:meteor_brick, Meteor Bricks
hbm:meteor_brick_mossy, Mossy Meteor Bricks
hbm:meteor_brick_cracked, Cracked Meteor Bricks
hbm:meteor_brick_chiseled, Chiseled Meteor Bricks
hbm:meteor_pillar, Meteor Pillar
hbm:meteor_spawner, Cyber Crab Assembler
hbm:meteor_battery, Starmetal Static Electricity Generator
hbm:brick_jungle, Enargite Bricks
hbm:brick_jungle_cracked, Cracked Enargite Bricks
hbm:brick_jungle_lava, Magmatic Enargite Bricks
hbm:brick_jungle_ooze, Radioactive Enargite Bricks
hbm:brick_jungle_mystic, Arcane Enargite Bricks
hbm:brick_jungle_trap, Trapped Enargite Bricks
hbm:brick_jungle_glyph, Enargite Glyph Bricks
hbm:brick_jungle_circle, Mechanist's Circle
hbm:stone_keyhole, Strange Stone
hbm:stone_keyhole_meta, Strange Red Room Brick
hbm:brick_red, Red Room Brick
hbm:deco_computer:0, IBM Personal Computer 300PL
hbm:deco_crt:0, Old CRT Screen
hbm:deco_crt:1, Old CRT Screen
hbm:deco_crt:2, Old CRT Screen
hbm:deco_crt:3, Old CRT Screen
hbm:deco_toaster:0, Broken Toaster
hbm:deco_toaster:1, Broken Toaster
hbm:deco_toaster:2, Broken Toaster
hbm:filing_cabinet:0, Dusty Filing Cabinet
hbm:filing_cabinet:1, Steel Filing Cabinet
hbm:dungeon_spawner, tile.dungeon_spawner.name
hbm:vending_machine:0, Vending Machine
hbm:vending_machine:1, Vending Machine
hbm:brick_dungeon, Berzelianite Bricks
hbm:brick_dungeon_flat, Berzelianite Block
hbm:brick_dungeon_tile, Berzelianite Tile
hbm:brick_dungeon_circle, Berzelianite Cirlce
hbm:block_niter, Block of Niter
hbm:block_niter_reinforced, Reinforced Block of Niter
hbm:block_sulfur, Block of Sulfur
hbm:block_thorium, Block of Thorium-232
hbm:block_thorium_fuel, Block of Thorium Fuel
hbm:block_neptunium, Block of Neptunium
hbm:block_polonium, Block of Polonium-210
hbm:block_mox_fuel, Block of MOX Fuel
hbm:block_plutonium, Block of Plutonium
hbm:block_pu238, Block of Plutonium-238
hbm:block_pu239, Block of Plutonium-239
hbm:block_pu240, Block of Plutonium-240
hbm:block_pu_mix, Block of Reactor Grade Plutonium
hbm:block_plutonium_fuel, Block of Plutonium Fuel
hbm:block_uranium, Block of Uranium
hbm:block_u233, Block of Uranium-233
hbm:block_u235, Block of Uranium-235
hbm:block_u238, Block of Uranium-238
hbm:block_uranium_fuel, Block of Uranium Fuel
hbm:block_titanium, Block of Titanium
hbm:block_copper, Block of Copper
hbm:block_red_copper, Block of Red Copper
hbm:block_tungsten, Block of Tungsten
hbm:block_aluminium, Block of Aluminium
hbm:block_fluorite, Block of Fluorite
hbm:block_steel, Block of Steel
hbm:block_lead, Block of Lead
hbm:block_tcalloy, Block of Technetium Steel
hbm:block_cdalloy, Block of Cadmium Steel
hbm:block_cadmium, Block of Cadmium
hbm:block_bismuth, Block of Bismuth
hbm:block_coltan, Block of Coltan
hbm:block_tantalium, Block of Tantalium
hbm:block_niobium, Block of Niobium
hbm:block_trinitite, Block of Trinitite
hbm:block_beryllium, Block of Beryllium
hbm:block_schraranium, Block of Schraranium
hbm:block_schrabidium, Block of Schrabidium
hbm:block_schrabidate, Block of Ferric Schrabidate
hbm:block_solinium, Block of Solinium
hbm:block_schrabidium_fuel, Block of Schrabidium Fuel
hbm:block_au198, Block of Gold-198
hbm:block_euphemium, Block of Euphemium
hbm:block_dineutronium, Block of Dineutronium
hbm:block_schrabidium_cluster, Schrabidium Cluster
hbm:block_euphemium_cluster, Euphemium-Etched Schrabidium Cluster
hbm:block_combine_steel, Block of CMB Steel
hbm:block_magnetized_tungsten, Block of Magnetized Tungsten
hbm:block_desh, Reinforced Block of Desh
hbm:block_dura_steel, Reinforced Block of High-Speed Steel
hbm:block_saturnite, Block of Saturnite
hbm:tektite, Tektite
hbm:ore_tektite_osmiridium, Osmiridium-Infused Tektite
hbm:impact_dirt, Scorched Dirt
hbm:gravel_obsidian, Crushed Obsidian
hbm:gravel_diamond, Diamond Gravel
hbm:moon_turf, Moon Turf
hbm:deco_titanium, Titanium Deco Block
hbm:deco_red_copper, Red Copper Deco Block
hbm:deco_tungsten, Tungsten Deco Block
hbm:deco_aluminium, Aluminium Deco Block
hbm:deco_steel, Steel Deco Block
hbm:deco_rusty_steel, Rusty Steel Deco Block
hbm:deco_lead, Lead Deco Block
hbm:deco_beryllium, Beryllium Deco Block
hbm:deco_asbestos, Asbestos Roof
hbm:deco_rbmk, 2x2 RBMK Deco Block
hbm:deco_rbmk_smooth, 1x1 RBMK Deco Block
hbm:deco_rbmk_panel, 2x2 RBMK Panel Deco Block
hbm:deco_rbmk_smooth_panel, 1x1 RBMK Panel Deco Block
hbm:deco_rbmk_panel_slab2, 2x2 RBMK Panel Deco Block Layer
hbm:deco_rbmk_smooth_panel_slab2, 1x1 RBMK Panel Deco Block Layer
hbm:deco_loot, Loot Pile
hbm:bobblehead:1, Bobblehead
hbm:bobblehead:2, Bobblehead
hbm:bobblehead:3, Bobblehead
hbm:bobblehead:4, Bobblehead
hbm:bobblehead:5, Bobblehead
hbm:bobblehead:6, Bobblehead
hbm:bobblehead:7, Bobblehead
hbm:bobblehead:8, Bobblehead
hbm:bobblehead:9, Bobblehead
hbm:bobblehead:10, Bobblehead
hbm:bobblehead:11, Bobblehead
hbm:bobblehead:12, Bobblehead
hbm:bobblehead:13, Bobblehead
hbm:bobblehead:14, Bobblehead
hbm:bobblehead:15, Bobblehead
hbm:bobblehead:16, Bobblehead
hbm:bobblehead:17, Bobblehead
hbm:bobblehead:18, Bobblehead
hbm:bobblehead:19, Bobblehead
hbm:bobblehead:20, Bobblehead
hbm:bobblehead:21, Bobblehead
hbm:bobblehead:22, Bobblehead
hbm:bobblehead:23, Bobblehead
hbm:bobblehead:24, Bobblehead
hbm:bobblehead:25, Bobblehead
hbm:bobblehead:26, Bobblehead
hbm:bobblehead:27, Bobblehead
hbm:bobblehead:28, Bobblehead
hbm:snowglobe:1, Snowglobe
hbm:snowglobe:2, Snowglobe
hbm:snowglobe:3, Snowglobe
hbm:snowglobe:4, Snowglobe
hbm:snowglobe:5, Snowglobe
hbm:plushie:1, Yomi Plushie
hbm:plushie:2, Number Nine Plushie
hbm:plushie:3, Hundun Plushie
hbm:plushie:4, Dragon Plushie
hbm:pedestal, Pedestal
hbm:skeleton_holder, Oh, that's a dead guy
hbm:spinny_light, Spinny Light
hbm:hazmat, Hazmat Cloth Block
hbm:tape_recorder, Tape Recorder
hbm:steel_poles, Steel Pole
hbm:pole_top, Antenna Top
hbm:pole_satellite_receiver, Satellite Dish
hbm:steel_wall, Steel Wall
hbm:steel_corner, Steel Wall Corner
hbm:steel_roof, Flat Steel Roof
hbm:steel_beam, Steel Beam
hbm:steel_scaffold:0, Steel Scaffold
hbm:steel_scaffold:1, Steel Scaffold
hbm:steel_scaffold:2, Steel Scaffold
hbm:steel_scaffold:3, Steel Scaffold
hbm:steel_grate, Steel Grate
hbm:steel_grate_wide, Item Grate
hbm:deco_pipe, Steel Pipe
hbm:deco_pipe_rusted, Rusty Steel Pipe
hbm:deco_pipe_green, Green Steel Pipe
hbm:deco_pipe_green_rusted, Rusty Green Steel Pipe
hbm:deco_pipe_red, Red Steel Pipe
hbm:deco_pipe_marked, Gas Pipe
hbm:deco_pipe_rim, Steel Pipe (Rimmed)
hbm:deco_pipe_rim_rusted, Rusty Steel Pipe (Rimmed)
hbm:deco_pipe_rim_green, Green Steel Pipe (Rimmed)
hbm:deco_pipe_rim_green_rusted, Rusty Green Steel Pipe (Rimmed)
hbm:deco_pipe_rim_red, Red Steel Pipe (Rimmed)
hbm:deco_pipe_rim_marked, Gas Pipe (Rimmed)
hbm:deco_pipe_framed, Steel Pipe (Framed)
hbm:deco_pipe_framed_rusted, Rusty Steel Pipe (Framed)
hbm:deco_pipe_framed_green, Green Steel Pipe (Framed)
hbm:deco_pipe_framed_green_rusted, Rusty Green Steel Pipe (Framed)
hbm:deco_pipe_framed_red, Red Steel Pipe (Framed)
hbm:deco_pipe_framed_marked, Gas Pipe (Framed)
hbm:deco_pipe_quad, Steel Pipes
hbm:deco_pipe_quad_rusted, Rusty Steel Pipes
hbm:deco_pipe_quad_green, Green Steel Pipes
hbm:deco_pipe_quad_green_rusted, Rusty Green Steel Pipes
hbm:deco_pipe_quad_red, Red Steel Pipes
hbm:deco_pipe_quad_marked, Gas Pipes
hbm:glyphid_base, Glyphid Hive Block
hbm:glyphid_spawner, Glyphid Hive Spawner
hbm:mush, Glowing Mushroom
hbm:mush_block, Grown Glowing Shroom
hbm:mush_block_stem, Grown Glowing Shroom Stem
hbm:block_waste, Block of Nuclear Waste
hbm:block_waste_painted, Painted Block of Nuclear Waste
hbm:block_waste_vitrified, Vitrified Block of Nuclear Waste
hbm:waste_mycelium, Glowing Mycelium
hbm:waste_earth, Dead Grass
hbm:waste_trinitite, Trinitite Ore
hbm:waste_trinitite_red, Red Trinitite Ore
hbm:waste_log, Charred Log
hbm:waste_planks, Charred Wooden Planks
hbm:waste_leaves, Dead Leaves
hbm:waste_grass_tall, Waste Grass
hbm:burning_earth, Burning Grass
hbm:plant_flower:0, Foxglove
hbm:plant_flower:1, Hemp
hbm:plant_flower:2, Mustard Willow
hbm:plant_flower:3, Mustard Willow
hbm:plant_flower:4, Deadly Nightshade
hbm:plant_flower:5, Tobacco Plant
hbm:plant_tall:0, Hemp
hbm:plant_tall:1, Hemp
hbm:plant_tall:2, tile.plant_tall.mustard_willow_2.name
hbm:plant_tall:3, tile.plant_tall.mustard_willow_2.name
hbm:plant_tall:4, tile.plant_tall.mustard_willow_3.name
hbm:plant_tall:5, tile.plant_tall.mustard_willow_3.name
hbm:plant_tall:6, tile.plant_tall.mustard_willow_4.name
hbm:plant_tall:7, tile.plant_tall.mustard_willow_4.name
hbm:plant_dead:0, Dead Plant
hbm:plant_dead:1, Dead Plant
hbm:plant_dead:2, Dead Plant
hbm:plant_dead:3, Dead Plant
hbm:plant_dead:4, Dead Plant
hbm:plant_reeds:0, Reeds
hbm:dirt_dead, Dead Dirt
hbm:dirt_oily, Oily Dirt
hbm:sand_dirty, Oily Sand
hbm:sand_dirty_red, Red Oily Sand
hbm:stone_cracked, Cracked Stone
hbm:frozen_grass, Frozen Grass
hbm:frozen_log, Frozen Log
hbm:frozen_planks, Frozen Planks
hbm:frozen_dirt, Frozen Dirt
hbm:fallout, Fallout
hbm:block_fallout, Block of Fallout
hbm:foam_layer, Foam layer
hbm:sand_boron_layer, Boron Sand Layer
hbm:leaves_layer, Fallen Leaves
hbm:oil_spill, Oil Spill
hbm:block_boron, Block of Boron
hbm:block_lanthanium, Block of Lanthanium
hbm:block_ra226, Block of Radium-226
hbm:block_actinium, Block of Actinium
hbm:block_tritium, Block of Tritium Cells
hbm:block_semtex, Block of Semtex
hbm:block_c4, Block of C-4
hbm:block_smore, Block of S'more
hbm:block_slag:0, Block of Slag
hbm:block_slag:1, Block of Slag
hbm:sellafield_slaked, Slaked Sellafite
hbm:sellafield_bedrock, Bedrock Sellafite
hbm:sellafield:0, Sellafite
hbm:sellafield:1, Hot Sellafite
hbm:sellafield:2, Boiling Sellafite
hbm:sellafield:3, Blazing Sellafite
hbm:sellafield:4, Infernal Sellafite
hbm:sellafield:5, Sellafite-Corium
hbm:geysir_chlorine, Cloud Geysir
hbm:geysir_nether, Magma Geysir
hbm:block_yellowcake, Block of Yellowcake
hbm:block_starmetal, §9Block of Starmetal§r
hbm:block_polymer, Block of Polymer
hbm:block_bakelite, Block of Bakelite
hbm:block_rubber, Block of Rubber
hbm:block_asbestos, Block of Asbestos
hbm:brick_fire, Firebricks
hbm:brick_fire_stairs, Firebrick Stairs
hbm:block_cobalt, Block of Cobalt
hbm:block_lithium, Block of Lithium
hbm:block_zirconium, Block of Zirconium
hbm:block_insulator, Roll of Insulation
hbm:block_fiberglass, Roll of Fiberglass
hbm:block_white_phosphorus, Block of White Phosphorus
hbm:block_red_phosphorus, Block of Red Phosphorus
hbm:block_foam, Foam
hbm:block_coke:0, Block of Coal Coke
hbm:block_coke:1, Block of Lignite Coke
hbm:block_coke:2, Block of Petroleum Coke
hbm:block_graphite:0, Block of Graphite
hbm:block_graphite_drilled:0, Drilled Graphite
hbm:block_graphite_drilled:1, Drilled Graphite
hbm:block_graphite_drilled:2, Drilled Graphite
hbm:block_graphite_drilled:3, Drilled Graphite
hbm:block_graphite_drilled:4, Drilled Graphite
hbm:block_graphite_drilled:5, Drilled Graphite
hbm:block_graphite_drilled:6, Drilled Graphite
hbm:block_graphite_drilled:7, Drilled Graphite
hbm:block_graphite_drilled:8, Drilled Graphite
hbm:block_graphite_drilled:9, Drilled Graphite
hbm:block_graphite_drilled:10, Drilled Graphite
hbm:block_graphite_drilled:11, Drilled Graphite
hbm:block_graphite_drilled:12, Drilled Graphite
hbm:block_graphite_drilled:13, Drilled Graphite
hbm:block_graphite_drilled:14, Drilled Graphite
hbm:block_graphite_fuel:0, Pile Fuel
hbm:block_graphite_fuel:1, Pile Fuel
hbm:block_graphite_fuel:2, Pile Fuel
hbm:block_graphite_fuel:3, Pile Fuel
hbm:block_graphite_fuel:4, Pile Fuel
hbm:block_graphite_fuel:5, Pile Fuel
hbm:block_graphite_fuel:6, Pile Fuel
hbm:block_graphite_fuel:7, Pile Fuel
hbm:block_graphite_fuel:8, Pile Fuel
hbm:block_graphite_fuel:9, Pile Fuel
hbm:block_graphite_fuel:10, Pile Fuel
hbm:block_graphite_fuel:11, Pile Fuel
hbm:block_graphite_fuel:12, Pile Fuel
hbm:block_graphite_fuel:13, Pile Fuel
hbm:block_graphite_fuel:14, Pile Fuel
hbm:block_graphite_plutonium:0, Pile Fuel (Bred)
hbm:block_graphite_plutonium:1, Pile Fuel (Bred)
hbm:block_graphite_plutonium:2, Pile Fuel (Bred)
hbm:block_graphite_plutonium:3, Pile Fuel (Bred)
hbm:block_graphite_plutonium:4, Pile Fuel (Bred)
hbm:block_graphite_plutonium:5, Pile Fuel (Bred)
hbm:block_graphite_plutonium:6, Pile Fuel (Bred)
hbm:block_graphite_plutonium:7, Pile Fuel (Bred)
hbm:block_graphite_plutonium:8, Pile Fuel (Bred)
hbm:block_graphite_plutonium:9, Pile Fuel (Bred)
hbm:block_graphite_plutonium:10, Pile Fuel (Bred)
hbm:block_graphite_plutonium:11, Pile Fuel (Bred)
hbm:block_graphite_plutonium:12, Pile Fuel (Bred)
hbm:block_graphite_plutonium:13, Pile Fuel (Bred)
hbm:block_graphite_plutonium:14, Pile Fuel (Bred)
hbm:block_graphite_rod:0, Pile Control Rod
hbm:block_graphite_rod:1, Pile Control Rod
hbm:block_graphite_rod:2, Pile Control Rod
hbm:block_graphite_rod:3, Pile Control Rod
hbm:block_graphite_rod:4, Pile Control Rod
hbm:block_graphite_rod:5, Pile Control Rod
hbm:block_graphite_rod:6, Pile Control Rod
hbm:block_graphite_rod:7, Pile Control Rod
hbm:block_graphite_rod:8, Pile Control Rod
hbm:block_graphite_rod:9, Pile Control Rod
hbm:block_graphite_rod:10, Pile Control Rod
hbm:block_graphite_rod:11, Pile Control Rod
hbm:block_graphite_rod:12, Pile Control Rod
hbm:block_graphite_rod:13, Pile Control Rod
hbm:block_graphite_rod:14, Pile Control Rod
hbm:block_graphite_source:0, Pile Neutron Source
hbm:block_graphite_source:1, Pile Neutron Source
hbm:block_graphite_source:2, Pile Neutron Source
hbm:block_graphite_source:3, Pile Neutron Source
hbm:block_graphite_source:4, Pile Neutron Source
hbm:block_graphite_source:5, Pile Neutron Source
hbm:block_graphite_source:6, Pile Neutron Source
hbm:block_graphite_source:7, Pile Neutron Source
hbm:block_graphite_source:8, Pile Neutron Source
hbm:block_graphite_source:9, Pile Neutron Source
hbm:block_graphite_source:10, Pile Neutron Source
hbm:block_graphite_source:11, Pile Neutron Source
hbm:block_graphite_source:12, Pile Neutron Source
hbm:block_graphite_source:13, Pile Neutron Source
hbm:block_graphite_source:14, Pile Neutron Source
hbm:block_graphite_lithium:0, Pile Lithium Fuel
hbm:block_graphite_lithium:1, Pile Lithium Fuel
hbm:block_graphite_lithium:2, Pile Lithium Fuel
hbm:block_graphite_lithium:3, Pile Lithium Fuel
hbm:block_graphite_lithium:4, Pile Lithium Fuel
hbm:block_graphite_lithium:5, Pile Lithium Fuel
hbm:block_graphite_lithium:6, Pile Lithium Fuel
hbm:block_graphite_lithium:7, Pile Lithium Fuel
hbm:block_graphite_lithium:8, Pile Lithium Fuel
hbm:block_graphite_lithium:9, Pile Lithium Fuel
hbm:block_graphite_lithium:10, Pile Lithium Fuel
hbm:block_graphite_lithium:11, Pile Lithium Fuel
hbm:block_graphite_lithium:12, Pile Lithium Fuel
hbm:block_graphite_lithium:13, Pile Lithium Fuel
hbm:block_graphite_lithium:14, Pile Lithium Fuel
hbm:block_graphite_tritium:0, Pile Lithium Fuel (Bred)
hbm:block_graphite_tritium:1, Pile Lithium Fuel (Bred)
hbm:block_graphite_tritium:2, Pile Lithium Fuel (Bred)
hbm:block_graphite_tritium:3, Pile Lithium Fuel (Bred)
hbm:block_graphite_tritium:4, Pile Lithium Fuel (Bred)
hbm:block_graphite_tritium:5, Pile Lithium Fuel (Bred)
hbm:block_graphite_tritium:6, Pile Lithium Fuel (Bred)
hbm:block_graphite_tritium:7, Pile Lithium Fuel (Bred)
hbm:block_graphite_tritium:8, Pile Lithium Fuel (Bred)
hbm:block_graphite_tritium:9, Pile Lithium Fuel (Bred)
hbm:block_graphite_tritium:10, Pile Lithium Fuel (Bred)
hbm:block_graphite_tritium:11, Pile Lithium Fuel (Bred)
hbm:block_graphite_tritium:12, Pile Lithium Fuel (Bred)
hbm:block_graphite_tritium:13, Pile Lithium Fuel (Bred)
hbm:block_graphite_tritium:14, Pile Lithium Fuel (Bred)
hbm:block_graphite_detector:0, Pile Neutron Detector
hbm:block_graphite_detector:1, Pile Neutron Detector
hbm:block_graphite_detector:2, Pile Neutron Detector
hbm:block_graphite_detector:3, Pile Neutron Detector
hbm:block_graphite_detector:4, Pile Neutron Detector
hbm:block_graphite_detector:5, Pile Neutron Detector
hbm:block_graphite_detector:6, Pile Neutron Detector
hbm:block_graphite_detector:7, Pile Neutron Detector
hbm:block_graphite_detector:8, Pile Neutron Detector
hbm:block_graphite_detector:9, Pile Neutron Detector
hbm:block_graphite_detector:10, Pile Neutron Detector
hbm:block_graphite_detector:11, Pile Neutron Detector
hbm:block_graphite_detector:12, Pile Neutron Detector
hbm:block_graphite_detector:13, Pile Neutron Detector
hbm:block_graphite_detector:14, Pile Neutron Detector
hbm:block_australium, Block of Australium
hbm:depth_brick, Depth Bricks
hbm:depth_tiles, Depth Tiles
hbm:depth_nether_brick, Nether Depth Bricks
hbm:depth_nether_tiles, Nether Depth Tiles
hbm:depth_dnt, DNT-Reinforced Depth Bricks
hbm:stone_porous, Porous Stone
hbm:basalt, Basalt
hbm:ore_basalt:0, Sulfur-Rich Basalt
hbm:ore_basalt:1, Fluorite-Rich Basalt
hbm:ore_basalt:2, Asbestos-Rich Basalt
hbm:ore_basalt:3, Gem-Rich Basalt
hbm:ore_basalt:4, Molysite-Rich Basalt
hbm:basalt_smooth, Smooth Basalt
hbm:basalt_brick, Basalt Bricks
hbm:basalt_polished, Polished Basalt
hbm:basalt_tiles, Basalt Tiles
hbm:block_cap:0, Block of Nuka Cola Bottle Caps
hbm:block_cap:1, Block of Nuka Cola Quantum Bottle Caps
hbm:block_cap:2, Block of S~Cola RAD Bottle Caps
hbm:block_cap:3, Block of S~Cola Bottle Caps
hbm:block_cap:4, Block of Korl Bottle Caps
hbm:block_cap:5, Block of Fritz Cola Bottle Caps
hbm:block_cap:6, Block of Sunset Sarsaparilla Bottle Caps
hbm:block_cap:7, Block of Sunset Sarsaparilla Star Caps
hbm:nuke_gadget, The Gadget
hbm:nuke_boy, Little Boy
hbm:nuke_man, Fat Man
hbm:nuke_mike, Ivy Mike
hbm:nuke_tsar, Tsar Bomba
hbm:nuke_fleija, F.L.E.I.J.A.
hbm:nuke_prototype, The Prototype
hbm:nuke_solinium, The Blue Rinse
hbm:nuke_n2, N² Mine
hbm:nuke_fstbmb, Balefire Bomb
hbm:nuke_custom, Custom Nuke
hbm:bomb_multi, Multi Purpose Bomb
hbm:crashed_bomb:0, Dud (Balefire)
hbm:crashed_bomb:1, Dud (Conventional)
hbm:crashed_bomb:2, Dud (Nuclear)
hbm:crashed_bomb:3, Dud (Salted)
hbm:fireworks, Firework Battery
hbm:charge_dynamite, Time Bomb
hbm:charge_miner, Timed Mining Charge
hbm:charge_c4, Demolition Charge
hbm:charge_semtex, Semtex Mining Charge
hbm:mine_ap, Anti-Personell Mine
hbm:mine_he, Anti-Tank Mine
hbm:mine_shrap, Shrapnel Mine
hbm:mine_fat, Fat Mine
hbm:mine_naval, Naval Mine
hbm:dynamite:0, Dynamite
hbm:tnt_ntm:0, Actual TNT
hbm:semtex:0, Semtex
hbm:c4:0, C-4
hbm:fissure_bomb:0, Fissure Bomb
hbm:flame_war, Flame War in a Box
hbm:float_bomb, Levitation Bomb
hbm:emp_bomb, EMP Device
hbm:therm_endo, Endothermic Bomb
hbm:therm_exo, Exothermic Bomb
hbm:det_cord, Det Cord
hbm:det_miner, Mining Charge
hbm:det_charge, Explosive Charge
hbm:det_n2, N² Charge
hbm:det_nuke, Nuclear Charge
hbm:det_bale, Balefire Charge
hbm:red_barrel, Explosive Barrel
hbm:pink_barrel, Kerosene Barrel
hbm:yellow_barrel, Radioactive Barrel
hbm:vitrified_barrel, Vitrified Nuclear Waste Drum
hbm:lox_barrel, LOX Barrel
hbm:taint_barrel, IMP Residue Barrel
hbm:red_cable:0, Red Copper Cable
hbm:red_cable_box:0, Red Copper Boxcable
hbm:red_cable_box:1, Red Copper Boxcable
hbm:red_cable_box:2, Red Copper Boxcable
hbm:red_cable_box:3, Red Copper Boxcable
hbm:red_cable_box:4, Red Copper Boxcable
hbm:red_cable_paintable, Paintable Red Copper Cable
hbm:red_wire_coated, Coated Red Copper Cable
hbm:red_wire_sealed, Rad Sealed Red Copper Cable Block
hbm:cable_switch, Power Switch
hbm:cable_detector, Redstone Power Switch
hbm:machine_detector, Power Detector
hbm:cable_diode, Red Copper Diode
hbm:red_cable_gauge, Power Gauge
hbm:red_connector:0, Electricity Connector
hbm:connector_red_super:0, Heavy Duty Electricity Connector
hbm:red_pylon, Electricity Pylon
hbm:red_pylon_large, Large Electricity Pylon
hbm:red_pylon_medium_wood, Medium Wooden Electricity Pylon
hbm:red_pylon_medium_transformer, Medium Wooden Electricity Pylon with Transformer
hbm:red_pylon_steel, Medium Steel Electricity Pylon
hbm:red_pylon_steel_transformer, Medium Steel Electricity Pylon with Transformer
hbm:substation, Substation
hbm:barrel_plastic, Safe Barrel™
hbm:barrel_corroded, Corroded Barrel
hbm:barrel_iron, Iron Barrel
hbm:barrel_steel, Steel Barrel
hbm:barrel_tcalloy, Technetium Steel Barrel
hbm:barrel_antimatter, Magnetic Antimatter Container
hbm:machine_uf6_tank, Uranium Hexafluoride Tank
hbm:machine_puf6_tank, Plutonium Hexafluoride Tank
hbm:machine_fluidtank, Tank
hbm:machine_bat9000, Big-Ass Tank 9000
hbm:machine_bigasstank, Big-Ass Tank
hbm:machine_orbus, Heavy Magnetic Storage Tank
hbm:cm_block:0, Steel Machine Casing
hbm:cm_block:1, Bronze Machine Casing
hbm:cm_block:2, Desh Machine Casing
hbm:cm_block:3, Technetium Steel Machine Casing
hbm:cm_sheet:0, Steel Sheet
hbm:cm_sheet:1, Bronze Sheet
hbm:cm_sheet:2, Desh Sheet
hbm:cm_sheet:3, Technetium Steel Sheet
hbm:cm_engine:0, Motor Block
hbm:cm_engine:1, Desh Motor Block
hbm:cm_engine:2, Bismuth Motor Block
hbm:cm_tank:0, Steel Tank
hbm:cm_tank:1, Bronze Tank
hbm:cm_tank:2, Desh Tank
hbm:cm_tank:3, Technetium Steel Tank
hbm:cm_circuit:0, Tier 1 Circuit Block
hbm:cm_circuit:1, Tier 2 Circuit Block
hbm:cm_circuit:2, Tier 3 Circuit Block
hbm:cm_circuit:3, Tier 4 Circuit Block
hbm:cm_circuit:4, Tier 5 Circuit Block
hbm:cm_port:0, Steel Port
hbm:cm_port:1, Bronze Port
hbm:cm_port:2, Desh Port
hbm:cm_port:3, Technetium Steel Port
hbm:cm_flux, Neutron Flux Receiver
hbm:cm_heat, Heat Receiver
hbm:custom_machine:100, Paper Press
hbm:custom_machine_anchor, Custom Machine Structure Positioning Anchor
hbm:machine_armor_table, Armor Modification Table
hbm:machine_weapon_table, Weapon Modification Table
hbm:turret_arty, Artillery Turret "Greg"
hbm:turret_himars, Rocket Artillery Turret "Henry"
hbm:turret_chekhov, Heavy Machine Gun Turret "Chekhov's Gun"
hbm:turret_friendly, Chaingun Turret "Mister Friendly"
hbm:turret_jeremy, Autocannon Turret "Jeremy"
hbm:turret_tauon, XVL1456 Prototype Turret "Tauon"
hbm:turret_richard, Rocket Launcher Turret "Richard"
hbm:turret_howard, Goalkeeper Twin Chaingun CIWS "Howard"
hbm:turret_howard_damaged, Goalkeeper Twin Chaingun CIWS "Methusalem"
hbm:turret_maxwell, High-Energy MASER Turret "Maxwell"
hbm:turret_fritz, Heavy Flamethrower Turret "Fritz"
hbm:turret_sentry, Sentry Turret "Brown"
hbm:turret_sentry_damaged, Sentry Turret "Edwin"
hbm:rail_highspeed, High Speed Rail
hbm:rail_booster, High Speed Booster Rail
hbm:machine_siren, Siren
hbm:broadcaster_pc, Corrupted Broadcaster
hbm:geiger, Geiger Counter
hbm:hev_battery_block, Suit Battery
hbm:fence_metal:0, Chainlink Fence
hbm:fence_metal:1, Chainlink Fence Post
hbm:ash_digamma, Ash
hbm:sand_boron, Boron Sand
hbm:sand_lead, Lead Sand
hbm:sand_uranium, Uranium Sand
hbm:sand_polonium, Polonium Sand
hbm:sand_quartz, Quartz Sand
hbm:sand_gold, Gold Sand
hbm:sand_gold198, Gold-198 Sand
hbm:glass_uranium, Uranium Glass
hbm:glass_trinitite, Trinity Glass
hbm:glass_polonium, Polonium Glass
hbm:glass_boron, Boron Glass
hbm:glass_lead, Lead Glass
hbm:glass_ash, Ash Glass
hbm:glass_quartz, Quartz Glass
hbm:glass_polarized, Polarized Glass
hbm:seal_frame, Silo Hatch Frame
hbm:seal_controller, Silo Hatch Opener
hbm:seal_hatch, Silo Hatch
hbm:silo_hatch_drillgon, tile.silo_hatch_drillgon.name
hbm:vault_door, Vault-Tec Blast Door
hbm:blast_door, Sliding Blast Door
hbm:sliding_blast_door_legacy, tile.sliding_blast_door_legacy.name
hbm:sliding_blast_door_2, Sideways Sliding Blast Door
hbm:sliding_blast_door_keypad, tile.sliding_blast_door_keypad.name
hbm:sliding_blast_door, Sliding Blast Door
hbm:small_hatch, Small Hatch
hbm:sliding_seal_door, Sliding Seal Door
hbm:sliding_gate_door, Small QE Containment Door
hbm:qe_containment, QE Containment Door
hbm:qe_sliding, QE Sliding Door
hbm:fire_door, Fire Door
hbm:water_door, Water Door
hbm:large_vehicle_door, Large Vehicle Door
hbm:round_airlock_door, Round Airlock Door
hbm:secure_access_door, Secure Access Door
hbm:transition_seal, Transition Seal
hbm:silo_hatch, Silo Hatch
hbm:silo_hatch_large, Large Silo Hatch
hbm:keypad_test, tile.keypad_test.name
hbm:barbed_wire, Barbed Wire
hbm:barbed_wire_fire, Flaming Barbed Wire
hbm:barbed_wire_poison, Poisoned Barbed Wire
hbm:barbed_wire_acid, Caustic Barbed Wire
hbm:barbed_wire_wither, Withered Barbed Wire
hbm:barbed_wire_ultradeath, Radioactive Barbed Wire
hbm:spikes, Spikes
hbm:charger, Charging Station
hbm:refueler, Refueling Station
hbm:crate, Crate
hbm:crate_weapon, Weapon Crate
hbm:crate_lead, Hazmat Crate
hbm:crate_metal, Machine Crate
hbm:crate_red, Red Crate
hbm:crate_iron, Iron Crate
hbm:crate_steel, Steel Crate
hbm:crate_desh, Desh Crate
hbm:crate_template, Template Crate
hbm:crate_tungsten, Tungsten Crate
hbm:crate_can, Conserve Crate
hbm:crate_jungle, Enargite Crate
hbm:crate_ammo, Starmetal Crate
hbm:safe, Safe
hbm:mass_storage, Mass Storage Unit
hbm:mass_storage_wood, Mass Storage Unit
hbm:mass_storage_iron, Mass Storage Unit
hbm:mass_storage_desh, Mass Storage Unit
hbm:machine_keyforge, Locksmith Table
hbm:machine_solar_boiler, Solar Tower Boiler
hbm:solar_mirror, Heliostat Mirror
hbm:machine_telelinker, Turret Telemetry Linker
hbm:machine_satlinker, Satellite ID Manager
hbm:sat_dock, Cargo Landing Pad
hbm:soyuz_capsule, Cargo Landing Capsule
hbm:crate_supply, Supply Crate
hbm:book_guide, Hbm's Nuclear Tech Mod Manual [LEGACY]
hbm:machine_steam_engine, Steam Engine
hbm:machine_battery_socket, Battery Socket
hbm:machine_battery_redd, FEnSU
hbm:machine_battery_potato, Potato Battery Block (LEGACY)
hbm:machine_battery, Energy Storage Block (LEGACY)
hbm:machine_lithium_battery, Li-Ion Energy Storage Block
hbm:machine_schrabidium_battery, Schrabidium Energy Storage Block
hbm:machine_dineutronium_battery, Spark Energy Storage Block
hbm:machine_fensu, FEnSU
hbm:machine_transformer, 10k-20Hz Transformer
hbm:machine_transformer_20, 10k-1Hz Transformer
hbm:machine_transformer_dnt, DNT-20Hz Transformer
hbm:machine_transformer_dnt_20, DNT-1Hz Transformer
hbm:press_preheater, Burner Press Preheater
hbm:machine_press, Burner Press
hbm:machine_epress, Electric Press
hbm:machine_conveyor_press, Conveyor Press
hbm:machine_reactor_small_new, Research Reactor
hbm:machine_reactor_breeding, Breeding Reactor
hbm:machine_ammo_press, Ammo Press
hbm:machine_zirnox, ZIRNOX Nuclear Reactor
hbm:zirnox_destroyed, Destroyed ZIRNOX
hbm:machine_controller, Reactor Remote Control Block
hbm:machine_difurnace_on, Blast Furnace (LEGACY)
hbm:machine_difurnace_off, Blast Furnace (LEGACY)
hbm:machine_difurnace_ext, Blast Furnace Extension (LEGACY)
hbm:machine_difurnace_rtg_on, Nuclear Blast Furnace (LEGACY)
hbm:machine_difurnace_rtg_off, Nuclear Blast Furnace (LEGACY)
hbm:machine_diesel, Diesel Generator
hbm:machine_generator, Nuclear Reactor (Old)
hbm:rbmk_blank, RBMK Structural Column
hbm:rbmk_rod, RBMK Fuel Channel
hbm:rbmk_rod_mod, RBMK Moderated Fuel Channel
hbm:rbmk_rod_reasim, RBMK Fuel Channel (ReaSim)
hbm:rbmk_rod_reasim_mod, RBMK Moderated Fuel Channel (ReaSim)
hbm:rbmk_control, RBMK Control Rods
hbm:rbmk_control_mod, RBMK Moderated Control Rods
hbm:rbmk_control_auto, RBMK Automatic Control Rods
hbm:rbmk_control_reasim, RBMK Control Rods (ReaSim)
hbm:rbmk_control_reasim_auto, RBMK Automatic Control Rods (ReaSim)
hbm:rbmk_boiler, RBMK Steam Channel
hbm:rbmk_heater, RBMK Fluid Heater
hbm:rbmk_reflector, RBMK Tungsten Carbide Neutron Reflector
hbm:rbmk_absorber, RBMK Boron Neutron Absorber
hbm:rbmk_moderator, RBMK Graphite Moderator
hbm:rbmk_outgasser, RBMK Irradiation Channel
hbm:rbmk_cooler, RBMK Cooler
hbm:rbmk_storage, RBMK Storage Column
hbm:rbmk_console, RBMK Console
hbm:rbmk_crane_console, RBMK Crane Console
hbm:rbmk_display_blank, Blank Redstone-over-Radio Panel
hbm:rbmk_display, RBMK Display Panel
hbm:rbmk_key_pad, Redstone-over-Radio Keypad
hbm:rbmk_gauge, Redstone-over-Radio Gauge
hbm:rbmk_numitron, Redstone-over-Radio Numeric Display
hbm:rbmk_graph, Redstone-over-Radio Graph
hbm:rbmk_lever, Redstone-over-Radio Lever
hbm:rbmk_indicator, Redstone-over-Radio Indicator Lights
hbm:rbmk_terminal, Redstone-over-Radio Terminal
hbm:rbmk_autoloader, RBMK Autoloader
hbm:rbmk_loader, RBMK Steam Connector
hbm:rbmk_steam_inlet, RBMK ReaSim Water Inlet
hbm:rbmk_steam_outlet, RBMK ReaSim Steam Outlet
hbm:pribris, RBMK Debris
hbm:pribris_burning, Flaming RBMK Debris
hbm:pribris_radiating, Smoldering RBMK Debris
hbm:pribris_digamma, Blackened RBMK Debris
hbm:block_corium, Corium
hbm:block_corium_cobble, Corebblestone
hbm:machine_assembly_machine, Assembly Machine
hbm:machine_assembly_factory, Assembly Factory
hbm:machine_precass, Precision Assembly Machine
hbm:machine_arc_welder, Arc Welder
hbm:machine_soldering_station, Soldering Station
hbm:machine_chemical_plant, Chemical Plant
hbm:machine_chemical_factory, Chemical Factory
hbm:machine_purex, PUREX
hbm:machine_strand_caster, Strand Caster
hbm:machine_mixer, Industrial Mixer
hbm:machine_turbine, Steam Turbine
hbm:machine_large_turbine, Industrial Steam Turbine
hbm:machine_industrial_turbine, Industrial Steam Turbine
hbm:machine_chungus, Leviathan Steam Turbine
hbm:machine_condenser, Steam Condenser
hbm:machine_condenser_powered, High-Power Steam Condenser
hbm:machine_tower_small, Auxiliary Cooling Tower
hbm:machine_tower_large, Cooling Tower
hbm:machine_deuterium_extractor, Deuterium Extractor
hbm:machine_deuterium_tower, Deuterium Extraction Tower
hbm:machine_liquefactor, Industrial Liquefaction Machine
hbm:machine_solidifier, Industrial Solidification Machine
hbm:machine_intake, Air Intake
hbm:machine_compressor, Compressor
hbm:machine_compressor_compact, Compact Compressor
hbm:machine_electrolyser, Electrolysis Machine
hbm:machine_autocrafter, Automatic Crafting Table
hbm:machine_funnel, Combinator Funnel
hbm:anvil_iron, Iron Anvil
hbm:anvil_lead, Lead Anvil
hbm:anvil_steel, Steel Anvil
hbm:anvil_desh, Desh Anvil
hbm:anvil_ferrouranium, Ferrouranium Anvil
hbm:anvil_saturnite, Saturnite Anvil
hbm:anvil_bismuth_bronze, Bismuth Bronze Anvil
hbm:anvil_arsenic_bronze, Arsenic Bronze Anvil
hbm:anvil_schrabidate, Ferric Schrabidate Anvil
hbm:anvil_dnt, Dineutronium Anvil
hbm:anvil_osmiridium, Osmiridium Anvil
hbm:anvil_murky, Murky Anvil
hbm:conveyor, Conveyor Belt
hbm:conveyor_double, Double-Lane Conveyor Belt
hbm:conveyor_triple, Triple-Lane Conveyor Belt
hbm:conveyor_express, Express Conveyor Belt
hbm:conveyor_chute, Conveyor Chute
hbm:conveyor_lift, Conveyor Chain Lift
hbm:crane_ejector, Conveyor Ejector
hbm:crane_inserter, Conveyor Inserter
hbm:crane_splitter, Conveyor Splitter
hbm:crane_partitioner, Acidizer Input Partitioner
hbm:crane_boxer, Conveyor Boxer
hbm:crane_unboxer, Conveyor Unboxer
hbm:crane_router, Conveyor Sorter
hbm:crane_grabber, Conveyor Grabber
hbm:fan, Fan
hbm:drone_waypoint, Transport Drone Waypoint
hbm:drone_crate, Transport Drone Crate
hbm:drone_waypoint_request, Logistics Drone Waypoint
hbm:drone_dock, Logistics Drone Dock
hbm:drone_crate_provider, Logistics Provider Crate
hbm:drone_crate_requester, Logistics Requester Crate
hbm:machine_furnace_brick_off, Bricked Furnace
hbm:machine_furnace_brick_on, Bricked Furnace
hbm:machine_rtg_furnace_off, RTG Furnace
hbm:machine_rtg_furnace_on, RTG Furnace
hbm:launch_pad, Silo Launch Pad
hbm:launch_pad_rusted, Old Launch Pad
hbm:launch_pad_large, Launch Pad
hbm:machine_centrifuge, Centrifuge
hbm:machine_gascent, Gas Centrifuge
hbm:machine_silex, Laser Isotope Separation Chamber (SILEX)
hbm:machine_rotary_furnace, Rotary Furnace
hbm:machine_blast_furnace, Blast Furnace
hbm:machine_fel, FEL
hbm:machine_crystallizer, Ore Acidizer
hbm:machine_shredder, Shredder
hbm:machine_waste_drum, Spent Fuel Pool Drum
hbm:machine_storage_drum, Nuclear Waste Disposal Drum
hbm:machine_well, Oil Derrick
hbm:machine_pumpjack, Pumpjack
hbm:machine_fracking_tower, Hydraulic Fracking Tower
hbm:oil_pipe, Crude Oil Extraction Pipe
hbm:machine_flare, Flare Stack
hbm:chimney_brick, Smokestack
hbm:chimney_industrial, Industrial Smokestack
hbm:drill_pipe, Drill Pipe
hbm:machine_autosaw, Automatic Buzz Saw
hbm:machine_excavator, Large Mining Drill
hbm:machine_ore_slopper, Bedrock Ore Processor
hbm:machine_annihilator, Annihilator
hbm:machine_mining_laser, Mining Laser
hbm:sandbags, Sandbags
hbm:machine_turbofan, Turbofan
hbm:machine_wood_burner, Wood-Burning Generator
hbm:machine_turbine_gas, Combined Cycle Gas Turbine
hbm:machine_combustion_engine, Industrial Combustion Engine
hbm:machine_teleporter, Teleporter
hbm:teleanchor, Teleportation Anchor
hbm:field_disturber, High Energy Field Jammer
hbm:machine_forcefield, Forcefield Emitter
hbm:machine_radar, Radar
hbm:machine_radar_large, Large Radar
hbm:radar_screen, Radar Screen
hbm:radiobox, Rosenberg Pest Control Box
hbm:radiorec, FM Radio
hbm:bm_power_box, Black Mesa Power Switch
hbm:tesla, Tesla Coil
hbm:machine_fraction_tower, Fractioning Tower
hbm:fraction_spacer, Fractioning Tower Separator
hbm:machine_catalytic_cracker, Catalytic Cracking Tower
hbm:machine_vacuum_distill, Vacuum Refinery
hbm:machine_refinery, Oil Refinery
hbm:machine_catalytic_reformer, Catalytic Reformer
hbm:machine_hydrotreater, Hydrotreater
hbm:machine_coker, Coker Unit
hbm:machine_pyrooven, Pyrolysis Oven
hbm:machine_electric_furnace_off, Electric Furnace
hbm:machine_electric_furnace_on, Electric Furnace
hbm:machine_arc_furnace, Electric Arc Furnace
hbm:machine_microwave, Microwave
hbm:capacitor_bus, Capacitor Bus
hbm:capacitor_copper, Copper Capacitor
hbm:capacitor_gold, Golden Capacitor
hbm:capacitor_niobium, Niobium Capacitor
hbm:capacitor_tantalium, Tantalium Capacitor
hbm:capacitor_schrabidate, Schrabidate Capacitor
hbm:machine_cyclotron, Cyclotron
hbm:machine_exposure_chamber, Exposure Chamber
hbm:machine_radgen, Radiation-Powered Engine
hbm:pump_steam, Steam-Powered Groundwater Pump
hbm:pump_electric, Electric Groundwater Pump
hbm:heater_firebox, Firebox
hbm:heater_oven, Heating Oven
hbm:heater_oilburner, Fluid Burner
hbm:heater_electric, Electric Heater
hbm:heater_heatex, Heat Exchanging Heater
hbm:machine_ashpit, Ashpit
hbm:furnace_iron, Iron Furnace
hbm:furnace_steel, Steel Furnace
hbm:furnace_combination, Combination Oven
hbm:machine_stirling:0, Stirling Engine
hbm:machine_stirling_steel:0, Heavy Stirling Engine
hbm:machine_stirling_creative:0, Creative Stirling Engine
hbm:machine_sawmill, Stirling Sawmill
hbm:heat_boiler, Large Boiler
hbm:machine_crucible, Crucible
hbm:foundry_mold, Shallow Foundry Basin
hbm:foundry_basin, Foundry Basin
hbm:foundry_channel, Foundry Channel
hbm:foundry_outlet, Foundry Outlet
hbm:foundry_slagtap, Foundry Spill Outlet
hbm:slag, tile.slag.name
hbm:machine_industrial_boiler, Industrial Boiler
hbm:radsensor, Radiation Sensor
hbm:machine_rtg_grey, RT Generator
hbm:machine_minirtg, Radio Isotope Cell
hbm:rtg_polonium, PT Isotope Cell
hbm:machine_radiolysis, Radioisotope Thermoelectric Generator and Radiolysis Chamber
hbm:machine_hephaestus, Geothermal Heat Exchanger
hbm:muffler, Muffler
hbm:struct_launcher, Launch Pad Component Block
hbm:struct_scaffold, Launch Pad Scaffold Block
hbm:struct_launcher_core, Compact Launcher Core Component
hbm:struct_launcher_core_large, Launch Table Core Component
hbm:struct_soyuz_core, Soyuz Launcher Core Component
hbm:struct_torus_core, Fusion Reactor Vessel Core Component
hbm:struct_watz_core, Watz Powerplant Core Component
hbm:struct_icf_core, Inertial Confinement Fusion Reactor Core Component
hbm:wood_barrier, Wooden Barrier
hbm:pwr_fuelrod, PWR Fuel Rod
hbm:pwr_control, PWR Control Rod
hbm:pwr_channel, PWR Coolant Channel
hbm:pwr_heatex, PWR Heat Exchanger
hbm:pwr_heatsink, PWR Heatsink
hbm:pwr_neutron_source, PWR Neutron Source
hbm:pwr_reflector, PWR Neutron Reflector
hbm:pwr_casing, PWR Pressure Vessel
hbm:pwr_port, PWR Access Port
hbm:pwr_controller, PWR Controller
hbm:pwr_block, PWR
hbm:fusion_heater, Plasma Heater Component
hbm:fusion_hatch, Duct Deco Block
hbm:fusion_core_block, Fusion Reactor Control
hbm:iter, Fusion Reactor
hbm:plasma_heater, Plasma Heater
hbm:fusion_component:0, Superconducting BSCCO Coils
hbm:fusion_component:1, Fusion Reactor Blanket
hbm:fusion_component:2, Welded BSCCO Coils
hbm:fusion_component:3, Fusion Reactor Piping
hbm:fusion_torus, Fusion Reactor Vessel
hbm:fusion_klystron, Klystron
hbm:fusion_klystron_creative, Creative Klystron
hbm:fusion_breeder, Fusion Reactor Breeding Chamber
hbm:fusion_collector, Fusion Reactor Collector Chamber
hbm:fusion_boiler, Fusion Reactor Boiler
hbm:fusion_mhdt, MHD Turbine
hbm:fusion_coupler, Fusion Reactor Plasma Coupler
hbm:fusion_plasma_forge, Plasma Forge
hbm:machine_icf_press, ICF Fuel Pellet Maker
hbm:icf, Inertial Confinement Fusion Reactor (ICF)
hbm:icf_component:0, ICF Stability Element
hbm:icf_component:1, ICF Containment Vessel Wall
hbm:icf_component:2, ICF Containment Vessel Wall (Welded)
hbm:icf_component:3, ICF Casing
hbm:icf_component:4, ICF Casing (Riveted)
hbm:icf_controller, ICF Laser Controller
hbm:icf_laser_component:0, ICF Laser Casing
hbm:icf_laser_component:1, ICF Laser Port
hbm:icf_laser_component:2, ICF Laser Cell
hbm:icf_laser_component:3, ICF Laser Flash Tube
hbm:icf_laser_component:4, ICF Laser Capacitor
hbm:icf_laser_component:5, ICF Laser Turbocharger
hbm:icf_block, ICF Laser
hbm:watz_element, Watz Reaction Chamber
hbm:watz_cooler, Watz Reactor Supercooler
hbm:watz_casing:0, Watz Stability Element
hbm:watz_casing:1, Watz Stability Element (Riveted)
hbm:watz, Watz Powerplant
hbm:watz_pump, Watz Pressure Pump
hbm:dfc_emitter, DFC Emitter
hbm:dfc_injector, DFC Fuel Injector
hbm:dfc_receiver, DFC Receiver
hbm:dfc_stabilizer, DFC Stabilizer
hbm:dfc_core, Dark Fusion Core
hbm:hadron_plating, Particle Accelerator Plating
hbm:hadron_plating_blue, Particle Accelerator Plating (Blue)
hbm:hadron_plating_black, Particle Accelerator Plating (Black)
hbm:hadron_plating_yellow, Particle Accelerator Plating (YelloDye)
hbm:hadron_plating_striped, Particle Accelerator Plating (Cool Hazard Stripes)
hbm:hadron_plating_voltz, Particle Accelerator Plating (VOLTZ)
hbm:hadron_plating_glass, Particle Accelerator Plating (Window)
hbm:hadron_coil_alloy, Dense Superconducting Coil
hbm:hadron_coil_gold, Dense Gold Coil
hbm:hadron_coil_neodymium, Dense Neodymium Coil
hbm:hadron_coil_magtung, Dense 4000K Superconductor Coil
hbm:hadron_coil_schrabidium, Dense Schrabidic Coil
hbm:hadron_coil_schrabidate, Dense Schrabidate Coil
hbm:hadron_coil_starmetal, Dense Starmetal Coil
hbm:hadron_coil_chlorophyte, Dense Chlorophyte Coil
hbm:hadron_coil_mese, Dense Mese Coil
hbm:hadron_diode, Schottky Particle Diode
hbm:hadron_analysis, Particle Accelerator Analysis Chamber Wall
hbm:hadron_analysis_glass, Particle Accelerator Analysis Chamber Window
hbm:hadron_access, Particle Accelerator Access Terminal
hbm:hadron_core, Particle Accelerator Core Component
hbm:hadron_power, Particle Accelerator Power Plug (1MHE)
hbm:pa_source, Particle Source
hbm:pa_beamline, Beamline
hbm:pa_rfc, RF Cavity
hbm:pa_quadrupole, Quadrupole Magnets
hbm:pa_dipole, Dipole Magnets
hbm:pa_detector, Particle Detector
hbm:machine_missile_assembly, Missile Assembly Station
hbm:compact_launcher, Compact Launch Pad
hbm:launch_table, Large Launch Pad
hbm:soyuz_launcher, Soyuz Launch Platform
hbm:deco_sat_mapper, Surface Mapping Satellite (Deco Block)
hbm:deco_sat_radar, Radar Survey Satellite (Deco Block)
hbm:deco_sat_scanner, Satellite with Depth-Resource Scanning Module (Deco Block)
hbm:deco_sat_laser, Orbital Death Ray (Deco Block)
hbm:deco_sat_foeq, PEAF - Mk.I FOEQ Duna Probe with experimental Nuclear Propulsion (Deco Block)
hbm:deco_sat_resonator, Xenium Resonator Satellite (Deco Block)
hbm:rad_absorber:0, Radiation Absorber
hbm:rad_absorber:1, Enhanced Radiation Absorber
hbm:rad_absorber:2, Advanced Radiation Absorber
hbm:rad_absorber:3, Elite Radiation Absorber
hbm:absorber, Radiation Absorber (LEGACY)
hbm:absorber_red, Enhanced Radiation Absorber (LEGACY)
hbm:absorber_green, Advanced Radiation Absorber (LEGACY)
hbm:absorber_pink, Elite Radiation Absorber (LEGACY)
hbm:decon, Player Decontaminator
hbm:decon_digamma, Digamma Decontaminator
hbm:volcano_core:0, Volcano Core
hbm:volcano_core:1, Volcano Core
hbm:volcano_core:2, Volcano Core
hbm:volcano_core:3, Volcano Core
hbm:volcano_core:4, Volcano Core
hbm:volcano_rad_core:0, Rad Volcano Core
hbm:volcano_rad_core:1, Rad Volcano Core
hbm:volcano_rad_core:2, Rad Volcano Core
hbm:volcano_rad_core:3, Rad Volcano Core
hbm:volcano_rad_core:4, Rad Volcano Core
hbm:taint, Taint
hbm:residue, Cloud Residue
hbm:vent_chlorine, Chlorine Vent
hbm:vent_cloud, Cloud Vent
hbm:vent_pink_cloud, Pink Cloud Vent
hbm:vent_chlorine_seal, Chlorine Seal
hbm:chlorine_gas, Chlorine Gas
hbm:stone_resource:0, Sulfurous Stone
hbm:stone_resource:1, Chrysotile
hbm:stone_resource:2, Hematite
hbm:stone_resource:3, Malachite
hbm:stone_resource:4, Limestone
hbm:stone_resource:5, Bauxite
hbm:stalagmite:0, Sulfurous Stalagmite
hbm:stalagmite:1, Asbestos Stalagmite
hbm:stalactite:0, Sulfurous Stalactite
hbm:stalactite:1, Asbestos Stalactite
hbm:gas_radon, Radon Gas
hbm:gas_radon_dense, Dense Radon Gas
hbm:gas_radon_tomb, Tomb Gas
hbm:gas_meltdown, Meltdown Gas
hbm:gas_monoxide, Carbon Monoxide
hbm:gas_asbestos, Airborne Asbestos Particles
hbm:gas_coal, Airborne Coal Dust
hbm:gas_flammable, Flammable Gas
hbm:gas_explosive, Explosive Gas
hbm:ancient_scrap, Ancient Scrap Metal
hbm:railgun_plasma, Railgun
hbm:fluid_duct_paintable, Paintable Coated Universal Fluid Duct
hbm:fluid_duct_gauge, Flow Gauge Pipe
hbm:fluid_valve, Fluid Valve
hbm:fluid_switch, Redstone Fluid Valve
hbm:fluid_counter_valve, Fluid Valve with Counter
hbm:fluid_pump, Flow Control Pump
hbm:machine_drain, Drainage Pipe
hbm:radio_torch_sender, Redstone-over-Radio Transmitter
hbm:radio_torch_receiver, Redstone-over-Radio Receiver
hbm:radio_torch_counter, Redstone-over-Radio Item Counter
hbm:radio_torch_logic, Redstone-over-Radio Logic Receiver
hbm:radio_torch_reader, Redstone-over-Radio Reader
hbm:radio_torch_controller, Redstone-over-Radio Controller
hbm:radio_telex, Telex Machine
hbm:radio_autocal, tile.radio_autocal.name
hbm:cargo_elevator, Cargo Elevator
hbm:fluid_duct_mk2:0, Universal Fluid Duct
hbm:fluid_duct_mk2:1, Universal Fluid Duct
hbm:fluid_duct_mk2:2, Universal Fluid Duct
hbm:fluid_duct_box:0, Universal Fluid Duct (Boxduct)
hbm:fluid_duct_box:1, Universal Fluid Duct (Boxduct)
hbm:fluid_duct_box:2, Universal Fluid Duct (Boxduct)
hbm:fluid_duct_box:3, Universal Fluid Duct (Boxduct)
hbm:fluid_duct_box:4, Universal Fluid Duct (Boxduct)
hbm:fluid_duct_box:5, Universal Fluid Duct (Boxduct)
hbm:fluid_duct_box:6, Universal Fluid Duct (Boxduct)
hbm:fluid_duct_box:7, Universal Fluid Duct (Boxduct)
hbm:fluid_duct_box:8, Universal Fluid Duct (Boxduct)
hbm:fluid_duct_box:9, Universal Fluid Duct (Boxduct)
hbm:fluid_duct_box:10, Universal Fluid Duct (Boxduct)
hbm:fluid_duct_box:11, Universal Fluid Duct (Boxduct)
hbm:fluid_duct_box:12, Universal Fluid Duct (Boxduct)
hbm:fluid_duct_box:13, Universal Fluid Duct (Boxduct)
hbm:fluid_duct_box:14, Universal Fluid Duct (Boxduct)
hbm:fluid_duct_exhaust:0, Exhaust Pipe
hbm:fluid_duct_exhaust:3, Exhaust Pipe
hbm:fluid_duct_exhaust:6, Exhaust Pipe
hbm:fluid_duct_exhaust:9, Exhaust Pipe
hbm:fluid_duct_exhaust:12, Exhaust Pipe
hbm:fluid_duct_paintable_block_exhaust, Paintable Coated Exhaust Pipe
hbm:pipe_anchor:0, Pipe Anchor
hbm:fluid_duct_solid, Coated Universal Fluid Duct (Deprecated)
hbm:fluid_duct_solid_sealed, Rad Sealed Fluid Duct
hbm:pneumatic_tube, Pneumatic Tube
hbm:pneumatic_tube_paintable, Paintable Pneumatic Tube
hbm:pneumatic_storage_access, Pneumatic Storage Access
hbm:pneumatic_storage_clutter, Pneumatic Storage Clutter
hbm:dungeon_chain, Metal Chain
hbm:ladder_sturdy, Sturdy Wooden Ladder
hbm:ladder_iron, Iron Ladder
hbm:ladder_gold, Golden Ladder
hbm:ladder_aluminium, Aluminium Ladder
hbm:ladder_copper, Copper Ladder
hbm:ladder_titanium, Titanium Ladder
hbm:ladder_lead, Lead Ladder
hbm:ladder_cobalt, Cobalt Ladder
hbm:ladder_steel, Steel Ladder
hbm:ladder_tungsten, Tungsten Ladder
hbm:ladder_red, Red Ladder
hbm:ladder_red_top, Red Ladder Top
hbm:trapdoor_steel, Steel Trapdoor
hbm:railing_end_floor, Railing End (Floor)
hbm:railing_end_self, Railing End (Self)
hbm:railing_end_flipped_floor, Railing End Flipped (Floor)
hbm:railing_end_flipped_self, Railing End Flipped (Self)
hbm:railing_normal, Railing
hbm:railing_bend, Railing Bend
hbm:control_panel_custom, Custom Control Panel
hbm:boxcar, Boxcar
hbm:boat, Boat
hbm:null, tile.null.name
hbm:void, tile.void.name
hbm:ngtv, tile.ngtv.name
hbm:undef, tile.undef.name
hbm:dummy_block_uf6, tile.dummy_block_uf6.name
hbm:dummy_block_puf6, tile.dummy_block_puf6.name
hbm:dummy_block_vault, tile.dummy_block_vault.name
hbm:dummy_block_blast, tile.dummy_block_blast.name
hbm:dummy_block_silo_hatch, tile.dummy_block_silo_hatch.name
hbm:dummy_plate_compact_launcher, tile.dummy_plate_compact_launcher.name
hbm:dummy_port_compact_launcher, tile.dummy_port_compact_launcher.name
hbm:dummy_plate_launch_table, tile.dummy_plate_launch_table.name
hbm:dummy_port_launch_table, tile.dummy_port_launch_table.name
hbm:dummy_plate_cargo, tile.dummy_plate_cargo.name
hbm:ntm_dirt, Dirt
hbm:pink_log, Pink Log
hbm:pink_planks, Pink Wood Planks
hbm:pink_slab:0, Pink Wood Slab
hbm:pink_stairs, Pink Wood Stairs
hbm:wand_air, Structure Wand Block (Air)
hbm:wand_loot, Structure Wand Block (Lootable)
hbm:wand_jigsaw, Structure Wand Block (Jigsaw)
hbm:wand_logic, Structure Wand Block (Logic)
hbm:wand_tandem, tile.wand_tandem.name
hbm:logic_block, Dungeon Action Block
hbm:logic_block_invis, tile.logic_block_invis.name
hbm:toxic_block, Stereotypical Green Ooze
hbm:mud_block, Poisonous Mud
hbm:acid_block, Acid
hbm:schrabidic_block, Schrabidic Acid
hbm:corium_block, Corium
hbm:volcanic_lava_block, Volcanic Lava
hbm:rad_lava_block, Volcanic Lava
hbm:sulfuric_acid_block, Sulfuric Acid
hbm:redstone_sword, Redstone Sword
hbm:big_sword, Great Sword
hbm:dosimeter, Dosimeter
hbm:geiger_counter, Handheld Geiger Counter
hbm:digamma_diagnostic, Digamma Diagnostic
hbm:lung_diagnostic, Lung Diagnostic
hbm:screwdriver, Screwdriver
hbm:screwdriver_desh, Desh Screwdriver
hbm:hand_drill, Hand Drill
hbm:hand_drill_desh, Desh Hand Drill
hbm:wrench_archineer, Archineer's Wrench
hbm:boltgun, Pneumatic Rivet Gun
hbm:blowtorch, Blowtorch
hbm:acetylene_torch, Acetylene Welding Torch
hbm:chemistry_set, Laboratory Glassware
hbm:chemistry_set_boron, Laboratory Glassware (Boron Glass)
hbm:reacher, Tungsten Reacher
hbm:bismuth_tool, Magnetic Extractor
hbm:wiring_red_copper, Cable Drum
hbm:survey_scanner, Survey Scanner
hbm:oil_detector, Oil Reservoir Detector
hbm:mirror_tool, Mirror Adjustment Tool
hbm:rbmk_tool, RBMK Console Linking Device
hbm:coltan_tool, Coltass
hbm:power_net_tool, Cable Network Analysis Tool
hbm:analysis_tool, Analysis Tool
hbm:linker, Telelinker
hbm:reactor_sensor, Reactor Remote Sensor
hbm:drone_linker, Transport Drone Linker
hbm:radar_linker, Radar Linker
hbm:settings_tool, Settings Tool
hbm:rtty_pager, Redstone-over-Radio Pager
hbm:pollution_detector, Pollution Detector
hbm:ore_density_scanner, Bedrock Ore Density Scanner
hbm:rebar_placer, Rebar Placer
hbm:syringe_empty, Empty Syringe
hbm:syringe_awesome, AWESOME
hbm:syringe_antidote, Antidote
hbm:syringe_poison, Poisonous Injection
hbm:syringe_metal_empty, Metal Syringe
hbm:syringe_metal_medx, Med-X
hbm:syringe_metal_psycho, Psycho
hbm:syringe_metal_stimpak, Stimpak
hbm:syringe_metal_super, Super Stimpak
hbm:syringe_taint, Watery Taint Injection
hbm:syringe_mkunicorn, MKUNICORN
hbm:med_bag, First Aid Kit
hbm:radx, Rad-X
hbm:siox, SiOX Cancer Medication
hbm:iv_xp_empty, Empty Experience Bag
hbm:pill_herbal, Herbal Paste
hbm:xanax, NAXA Anti-Digamma Medication
hbm:iv_xp, Experience Bag
hbm:fmn, Flunitrazepam Tablet
hbm:five_htp, Enteramine Pills
hbm:iv_empty, IV Bag
hbm:pill_iodine, Iodine Pill
hbm:plan_c, Plan C
hbm:pill_red, Red Pill
hbm:iv_blood, Blood Bag
hbm:stealth_boy, Stealth Device
hbm:jetpack_tank, Jetpack Reserve Fuel Tank
hbm:radaway, RadAway
hbm:gun_kit_1, Gun Oil
hbm:gun_kit_2, Gun Repair Kit
hbm:radaway_strong, Strong RadAway
hbm:euphemium_kit, Euphemium Kit
hbm:cbt_device, CBT Device
hbm:radaway_flush, Elite RadAway
hbm:gas_mask_filter_rag, Makeshift Gas Mask Filter
hbm:gas_mask_filter_piss, Advanced Makeshift Gas Mask Filter
hbm:gas_mask_filter_mono, Catalytic Mask Filter
hbm:gas_mask_filter, Gas Mask Filter
hbm:gas_mask_filter_combo, Gas Mask Combo Filter
hbm:attachment_mask, Gas Mask Attachable
hbm:attachment_mask_mono, Half Mask Attachable
hbm:cigarette, FFI-Brand Cigarette
hbm:crackpipe, Health Pipe
hbm:bdcl, BDCL
hbm:back_tesla, Back-Mounted Tesla Coil
hbm:pads_rubber, Rubber Pads
hbm:pads_slime, Slime Pads
hbm:pads_static, Static Pads
hbm:cladding_paint, Lead Paint
hbm:cladding_rubber, Rubber Cladding
hbm:cladding_lead, Lead Cladding
hbm:cladding_desh, Desh Cladding
hbm:cladding_ghiorsium, Ghiorsium Cladding
hbm:cladding_iron, Iron Cladding
hbm:cladding_obsidian, Obsidian Skin
hbm:insert_kevlar, Kevlar Insert
hbm:insert_sapi, SAPI Insert
hbm:insert_esapi, ESAPI Insert
hbm:insert_xsapi, XSAPI Insert
hbm:insert_steel, Heavy Steel Insert
hbm:insert_du, DU Insert
hbm:insert_polonium, Polonium Insert
hbm:insert_ghiorsium, Ghiorsium Insert
hbm:insert_era, Explosive Reactive Armor Insert
hbm:insert_yharonite, Yharonite Insert
hbm:insert_doxium, Astolfium-Doped Doxium Insert
hbm:armor_polish, ShiningArmor™ Armor Polish
hbm:bandaid, Velvet Band-Aid
hbm:serum, Serum
hbm:quartz_plutonium, Plutonic Quartz
hbm:morning_glory, Morning Glory
hbm:lodestone, Lodestone
hbm:horseshoe_magnet, Horseshoe Magnet
hbm:industrial_magnet, Industrial Magnet
hbm:bathwater, Toxic Soapy Water
hbm:bathwater_mk2, Toxic Soapy Water (Horse Scented)
hbm:spider_milk, Bottle of Spider Milk
hbm:ink, 林 Ink
hbm:heart_piece, Heart Piece
hbm:heart_container, Heart Container
hbm:heart_booster, Heart Booster
hbm:heart_fab, Heart of Darkness
hbm:black_diamond, Black Diamond
hbm:wd40, VT-40
hbm:scrumpy, Bottle of Scrumpy
hbm:wild_p, Wild Pegasus Dry Whiskey
hbm:fabsols_vodka, Fabsol's Vodka
hbm:shackles, Shackles
hbm:injector_5htp, 5-HTP Autoinjector
hbm:injector_knife, 8 Inch Blade Autoinjector
hbm:medal_liquidator, Liquidator Medal
hbm:bottled_cloud, Cloud in a Bottle
hbm:servo_set, Servo Set
hbm:servo_set_desh, Desh Servo Set
hbm:v1, V1
hbm:neutrino_lens, Neutrino Lens
hbm:gas_tester, Gas Sensor
hbm:defuser_gold, Golden Wire Cutter
hbm:ballistic_gauntlet, Ballistic Gauntlet
hbm:night_vision, Night Vision Goggles
hbm:card_aos, Ace of Spades
hbm:card_qos, Queen of Spades
hbm:protection_charm, Charm of Protection
hbm:meteor_charm, Meteor Charm
hbm:stamp_stone_flat, Flat Stamp (Stone)
hbm:stamp_stone_plate, Plate Stamp (Stone)
hbm:stamp_stone_wire, Wire Stamp (Stone)
hbm:stamp_stone_circuit, Circuit Stamp (Stone)
hbm:stamp_iron_flat, Flat Stamp (Iron)
hbm:stamp_iron_plate, Plate Stamp (Iron)
hbm:stamp_iron_wire, Wire Stamp (Iron)
hbm:stamp_iron_circuit, Circuit Stamp (Iron)
hbm:stamp_steel_flat, Flat Stamp (Steel)
hbm:stamp_steel_plate, Plate Stamp (Steel)
hbm:stamp_steel_wire, Wire Stamp (Steel)
hbm:stamp_steel_circuit, Circuit Stamp (Steel)
hbm:stamp_titanium_flat, Flat Stamp (Titanium)
hbm:stamp_titanium_plate, Plate Stamp (Titanium)
hbm:stamp_titanium_wire, Wire Stamp (Titanium)
hbm:stamp_titanium_circuit, Circuit Stamp (Titanium)
hbm:stamp_obsidian_flat, Flat Stamp (Obsidian)
hbm:stamp_obsidian_plate, Plate Stamp (Obsidian)
hbm:stamp_obsidian_wire, Wire Stamp (Obsidian)
hbm:stamp_obsidian_circuit, Circuit Stamp (Obsidian)
hbm:stamp_desh_flat, Flat Stamp (Desh)
hbm:stamp_desh_plate, Plate Stamp (Desh)
hbm:stamp_desh_wire, Wire Stamp (Desh)
hbm:stamp_desh_circuit, Circuit Stamp (Desh)
hbm:stamp_desh_357, .357 Magnum Stamp (Desh)
hbm:stamp_desh_44, .44 Magnum Stamp (Desh)
hbm:stamp_desh_9, Small Caliber Stamp (Desh)
hbm:stamp_desh_50, Large Caliber Stamp (Desh)
hbm:stamp_357, .357 Magnum Stamp
hbm:stamp_44, .44 Magnum Stamp
hbm:stamp_9, Small Caliber Stamp
hbm:stamp_50, Large Caliber Stamp
hbm:stamp_book:0, Printing Press Stamp (Part 1)
hbm:stamp_book:1, Printing Press Stamp (Part 2)
hbm:stamp_book:2, Printing Press Stamp (Part 3)
hbm:stamp_book:3, Printing Press Stamp (Part 4)
hbm:stamp_book:4, Printing Press Stamp (Part 5)
hbm:stamp_book:5, Printing Press Stamp (Part 6)
hbm:stamp_book:6, Printing Press Stamp (Part 7)
hbm:stamp_book:7, Printing Press Stamp (Part 8)
hbm:blades_steel, Steel Shredder Blades
hbm:blades_titanium, Titanium Shredder Blades
hbm:blades_desh, Desh Shredder Blades
hbm:fuse, Fuse
hbm:redcoil_capacitor, Redcoil Capacitor
hbm:euphemium_capacitor, Euphemium Capacitor
hbm:overfuse, Singularity Screwdriver
hbm:arc_electrode:0, Graphite Electrode
hbm:arc_electrode:1, Lanthanium Electrode
hbm:arc_electrode:2, Desh Electrode
hbm:arc_electrode:3, Saturnite Electrode
hbm:arc_electrode_burnt:0, Molten Graphite Electrode
hbm:arc_electrode_burnt:1, Molten Lanthanium Electrode
hbm:arc_electrode_burnt:2, Molten Desh Electrode
hbm:arc_electrode_burnt:3, Molten Saturnite Electrode
hbm:piston_selenium, Combustion Engine Piston
hbm:piston_set:0, Steel Piston Set
hbm:piston_set:1, High-Speed Steel Piston Set
hbm:piston_set:2, Desh Piston Set
hbm:piston_set:3, Starmetal Piston Set
hbm:drillbit:0, Steel Drillbit
hbm:drillbit:1, Steel Drillbit (Diamond-Tipped)
hbm:drillbit:2, High-Speed Steel Drillbit
hbm:drillbit:3, High-Speed Steel Drillbit (Diamond-Tipped)
hbm:drillbit:4, Desh Drillbit
hbm:drillbit:5, Desh Drillbit (Diamond-Tipped)
hbm:drillbit:6, Technetium Steel Drillbit
hbm:drillbit:7, Technetium Steel Drillbit (Diamond-Tipped)
hbm:drillbit:8, Ferrouranium Drillbit
hbm:drillbit:9, Ferrouranium Drillbit (Diamond-Tipped)
hbm:thermo_element, Thermoelectric Element
hbm:catalytic_converter, Catalytic Converter
hbm:part_lithium, Box of Lithium Dust
hbm:part_beryllium, Box of Beryllium Dust
hbm:part_carbon, Box of Carbon Dust
hbm:part_copper, Box of Copper Dust
hbm:part_plutonium, Box of Plutonium Dust
hbm:fusion_shield_tungsten, Tungsten Fusion Reactor Blanket
hbm:fusion_shield_desh, Desh Fusion Reactor Blanket
hbm:fusion_shield_chlorophyte, Chlorophyte-Metallized Fusion Reactor Blanket
hbm:fusion_shield_vaporwave, Vaporwave Fusion Reactor Blanket
hbm:battery_sc:0, Empty Self-Charging Battery
hbm:battery_sc:1, Spent Fuel Self-Charging Battery
hbm:battery_sc:2, Radium-226 Self-Charging Battery
hbm:battery_sc:3, Technetium-99 Self-Charging Battery
hbm:battery_sc:4, Cobalt-60 Self-Charging Battery
hbm:battery_sc:5, Plutonium-238 Self-Charging Battery
hbm:battery_sc:6, Polonium-210 Self-Charging Battery
hbm:battery_sc:7, Gold-198 Self-Charging Battery
hbm:battery_sc:8, Lead-209 Self-Charging Battery
hbm:battery_sc:9, Americium-241 Self-Charging Battery
hbm:battery_sc_uranium, Self-Charging Uranium-238 Battery (LEGACY)
hbm:battery_sc_technetium, Self-Charging Technetium-99 Battery (LEGACY)
hbm:battery_sc_plutonium, Self-Charging Plutonium-238 Battery (LEGACY)
hbm:battery_sc_polonium, Self-Charging Polonium-210 Battery (LEGACY)
hbm:battery_sc_gold, Self-Charging Gold-198 Battery (LEGACY)
hbm:battery_sc_lead, Self-Charging Lead-209 Battery (LEGACY)
hbm:battery_sc_americium, Self-Charging Americium-241 Battery (LEGACY)
hbm:battery_pack:0, Redstone Battery
hbm:battery_pack:0, Redstone Battery
hbm:battery_pack:1, Lead-Acid Battery
hbm:battery_pack:1, Lead-Acid Battery
hbm:battery_pack:2, Lithium-Ion Battery
hbm:battery_pack:2, Lithium-Ion Battery
hbm:battery_pack:3, Sodium-Iron Battery
hbm:battery_pack:3, Sodium-Iron Battery
hbm:battery_pack:4, Schrabidium Battery
hbm:battery_pack:4, Schrabidium Battery
hbm:battery_pack:5, Quantum Battery
hbm:battery_pack:5, Quantum Battery
hbm:battery_pack:6, Copper Capacitor
hbm:battery_pack:6, Copper Capacitor
hbm:battery_pack:7, Gold Capacitor
hbm:battery_pack:7, Gold Capacitor
hbm:battery_pack:8, Niobium Capacitor
hbm:battery_pack:8, Niobium Capacitor
hbm:battery_pack:9, Tantalum Capacitor
hbm:battery_pack:9, Tantalum Capacitor
hbm:battery_pack:10, Bismuth Capacitor
hbm:battery_pack:10, Bismuth Capacitor
hbm:battery_pack:11, Spark Capacitor
hbm:battery_pack:11, Spark Capacitor
hbm:battery_creative, Infinite Battery
hbm:battery_generic, Battery (LEGACY)
hbm:battery_red_cell, Redstone Power Cell (LEGACY)
hbm:battery_red_cell_6, Sixfold Redstone Power Cell (LEGACY)
hbm:battery_red_cell_24, 24-Fold Redstone Power Cell (LEGACY)
hbm:battery_advanced, Advanced Battery (LEGACY)
hbm:battery_advanced_cell, Advanced Power Cell (LEGACY)
hbm:battery_advanced_cell_4, Quadruple Advanced Power Cell (LEGACY)
hbm:battery_advanced_cell_12, Twelvefold Advanced Power Cell (LEGACY)
hbm:battery_lithium, Lithium-Ion Battery (LEGACY)
hbm:battery_lithium_cell, Lithium-Ion Power Cell (LEGACY)
hbm:battery_lithium_cell_3, Triple Lithium-Ion Power Cell (LEGACY)
hbm:battery_lithium_cell_6, Sixfold Lithium-Ion Power Cell (LEGACY)
hbm:battery_schrabidium, Schrabidium Battery (LEGACY)
hbm:battery_schrabidium_cell, Schrabidium Power Cell (LEGACY)
hbm:battery_schrabidium_cell_2, Double Schrabidium Power Cell (LEGACY)
hbm:battery_schrabidium_cell_4, Quadruple Schrabidium Power Cell (LEGACY)
hbm:battery_trixite, Off-Brand Spark Battery
hbm:battery_spark, Spark Battery
hbm:battery_spark_cell_6, Spark Power Cell (LEGACY)
hbm:battery_spark_cell_25, Spark Arcane Car Battery (LEGACY)
hbm:battery_spark_cell_100, Spark Arcane Energy Storage Array (LEGACY)
hbm:battery_spark_cell_1000, Spark Arcane Mass-Energy Void (LEGACY)
hbm:battery_spark_cell_2500, Spark Arcane Dirac Sea (LEGACY)
hbm:battery_spark_cell_10000, Spark Solid Space-Time Crystal (LEGACY)
hbm:battery_spark_cell_power, Spark Ludicrous Physics-Defying Energy Storage Unit (LEGACY)
hbm:battery_potato, Potato Battery
hbm:battery_potatos, PotatOS
hbm:hev_battery, Suit Battery
hbm:fusion_core, Fusion Core
hbm:energy_core, Makeshift Energy Core
hbm:fusion_core_infinite, Infinite Fusion Core
hbm:laser_crystal_co2, CO2-Desh Laser Crystal
hbm:laser_crystal_bismuth, BiSmUTh Laser Crystal
hbm:laser_crystal_cmb, CMB-Schrabidate Antimatter Laser Crystal
hbm:laser_crystal_bale, Spark Laser Crystal
hbm:laser_crystal_digamma, Digamma Laser Crystal
hbm:upgrade_speed_1, Speed Upgrade Mk.I
hbm:upgrade_speed_2, Speed Upgrade Mk.II
hbm:upgrade_speed_3, Speed Upgrade Mk.III
hbm:upgrade_effect_1, Effectiveness Upgrade Mk.I
hbm:upgrade_effect_2, Effectiveness Upgrade Mk.II
hbm:upgrade_effect_3, Effectiveness Upgrade Mk.III
hbm:upgrade_power_1, Power Saving Upgrade Mk.I
hbm:upgrade_power_2, Power Saving Upgrade Mk.II
hbm:upgrade_power_3, Power Saving Upgrade Mk.III
hbm:upgrade_fortune_1, Fortune Upgrade Mk.I
hbm:upgrade_fortune_2, Fortune Upgrade Mk.II
hbm:upgrade_fortune_3, Fortune Upgrade Mk.III
hbm:upgrade_afterburn_1, Afterburner Upgrade Mk.I
hbm:upgrade_afterburn_2, Afterburner Upgrade Mk.II
hbm:upgrade_afterburn_3, Afterburner Upgrade Mk.III
hbm:upgrade_radius, Emitter Radius Upgrade
hbm:upgrade_health, Emitter Health Upgrade
hbm:upgrade_overdrive_1, Overdrive Upgrade Mk.I
hbm:upgrade_overdrive_2, Overdrive Upgrade Mk.II
hbm:upgrade_overdrive_3, Overdrive Upgrade Mk.III
hbm:upgrade_smelter, Smelter Upgrade
hbm:upgrade_shredder, Shredder Upgrade
hbm:upgrade_centrifuge, Centrifuge Upgrade
hbm:upgrade_crystallizer, Crystallizer Upgrade
hbm:upgrade_nullifier, Scrap Destroyer Upgrade
hbm:upgrade_screm, Screaming Scientist Upgrade
hbm:upgrade_gc_speed, Gas Centrifuge Overclocking Upgrade
hbm:upgrade_5g, 5G Radiation Emitter Upgrade
hbm:upgrade_ejector_1, Ejection Speed Upgrade Mk.I
hbm:upgrade_ejector_2, Ejection Speed Upgrade Mk.II
hbm:upgrade_ejector_3, Ejection Speed Upgrade Mk.III
hbm:upgrade_stack_1, Stack Ejection Upgrade Mk.I
hbm:upgrade_stack_2, Stack Ejection Upgrade Mk.II
hbm:upgrade_stack_3, Stack Ejection Upgrade Mk.III
hbm:fuel_additive:0, Tetraethyllead Antiknock Agent
hbm:fuel_additive:1, Deicer
hbm:canister_empty, Empty Canister
hbm:canister_fuel:10, Canister: Crude Oil
hbm:canister_fuel:134, Canister: Desulfurized Crude Oil
hbm:canister_fuel:61, Canister: Cracked Oil
hbm:canister_fuel:136, Canister: Desulfurized Cracked Oil
hbm:canister_fuel:62, Canister: Coal Oil
hbm:canister_fuel:12, Canister: Heavy Oil
hbm:canister_fuel:91, Canister: Vacuum Heavy Oil
hbm:canister_fuel:19, Canister: Naphtha
hbm:canister_fuel:138, Canister: Desulfurized Naphtha
hbm:canister_fuel:64, Canister: Cracked Naphtha
hbm:canister_fuel:92, Canister: Reformate
hbm:canister_fuel:21, Canister: Light Oil
hbm:canister_fuel:139, Canister: Desulfurized Light Oil
hbm:canister_fuel:65, Canister: Cracked Light Oil
hbm:canister_fuel:93, Canister: Vacuum Light Oil
hbm:canister_fuel:13, Canister: Bitumen
hbm:canister_fuel:14, Canister: Industrial Oil
hbm:canister_fuel:15, Canister: Heating Oil
hbm:canister_fuel:96, Canister: Heavy Heating Oil
hbm:canister_fuel:16, Canister: Reclaimed Industrial Oil
hbm:canister_fuel:18, Canister: Engine Lubricant
hbm:canister_fuel:95, Canister: BTX
hbm:canister_fuel:20, Canister: Diesel
hbm:canister_fuel:97, Canister: High-Cetane Diesel
hbm:canister_fuel:66, Canister: Cracked Diesel
hbm:canister_fuel:98, Canister: High-Cetane Cracked Diesel
hbm:canister_fuel:22, Canister: Kerosene
hbm:canister_fuel:99, Canister: Jet Fuel
hbm:canister_fuel:17, Canister: Petroil
hbm:canister_fuel:72, Canister: Leaded Petroil
hbm:canister_fuel:46, Canister: Gasoline
hbm:canister_fuel:73, Canister: Leaded Gasoline
hbm:canister_fuel:47, Canister: Coal Gasoline
hbm:canister_fuel:74, Canister: Leaded Coal Gasoline
hbm:canister_fuel:80, Canister: Coal Tar Creosote
hbm:canister_fuel:79, Canister: Wood Oil
hbm:canister_fuel:27, Canister: Biofuel
hbm:canister_fuel:59, Canister: Ethanol
hbm:canister_fuel:28, Canister: NITAN© 100 Octane Super Fuel
hbm:canister_fuel:81, Canister: Seeding Slurry
hbm:canister_fuel:83, Canister: Solvent
hbm:canister_fuel:49, Canister: Fracking Solution
hbm:canister_fuel:89, Canister: Hydrazine
hbm:canister_napalm, Napalm B
hbm:gas_empty, Empty Gas Tank
hbm:gas_full:38, Gas Tank:: Liquid Hydrogen
hbm:gas_full:8, Gas Tank:: Deuterium
hbm:gas_full:9, Gas Tank:: Tritium
hbm:gas_full:57, Gas Tank:: Helium-3
hbm:gas_full:124, Gas Tank:: Helium-4
hbm:gas_full:39, Gas Tank:: Liquid Oxygen
hbm:gas_full:40, Gas Tank:: Xenon Gas
hbm:gas_full:90, Gas Tank:: Chlorine Gas
hbm:gas_full:156, Gas Tank:: Flue Gas
hbm:gas_full:23, Gas Tank:: Natural Gas
hbm:gas_full:24, Gas Tank:: Petroleum Gas
hbm:gas_full:94, Gas Tank:: Sour Gas
hbm:gas_full:86, Gas Tank:: Syngas
hbm:gas_full:67, Gas Tank:: Aromatic Hydrocarbons
hbm:gas_full:68, Gas Tank:: Unsaturated Hydrocarbons
hbm:gas_full:100, Gas Tank:: Reformate Gas
hbm:gas_full:26, Gas Tank:: Biogas
hbm:gas_full:102, Gas Tank:: Phosgene
hbm:gas_full:103, Gas Tank:: Mustard Gas
hbm:cell:0, Empty Cell
hbm:cell:29, Uranium Hexafluoride Cell
hbm:cell:30, Plutonium Hexafluoride Cell
hbm:cell:33, Antimatter Cell
hbm:cell:8, Deuterium Cell
hbm:cell:9, Tritium Cell
hbm:cell:31, Schrabidium Trisulfide Cell
hbm:cell:34, Antischrabidium Cell
hbm:cell_balefire, Gaseous Balefire Cell
hbm:fluid_tank_empty, Empty Universal Fluid Tank
hbm:fluid_tank_full:152, Universal Fluid Tank: Compressed Air
hbm:fluid_tank_full:155, Universal Fluid Tank: Hot Air Blast
hbm:fluid_tank_full:1, Universal Fluid Tank: Water
hbm:fluid_tank_full:60, Universal Fluid Tank: Heavy Water
hbm:fluid_tank_full:125, Universal Fluid Tank: Hot Heavy Water
hbm:fluid_tank_full:7, Universal Fluid Tank: Lava
hbm:fluid_tank_full:2, Universal Fluid Tank: Steam
hbm:fluid_tank_full:3, Universal Fluid Tank: Dense Steam
hbm:fluid_tank_full:4, Universal Fluid Tank: Super Dense Steam
hbm:fluid_tank_full:5, Universal Fluid Tank: Ultra Dense Steam
hbm:fluid_tank_full:55, Universal Fluid Tank: Carbon Dioxide
hbm:fluid_tank_full:6, Universal Fluid Tank: Coolant
hbm:fluid_tank_full:76, Universal Fluid Tank: Hot Coolant
hbm:fluid_tank_full:145, Universal Fluid Tank: Perfluoromethyl
hbm:fluid_tank_full:146, Universal Fluid Tank: Cold Perfluoromethyl
hbm:fluid_tank_full:147, Universal Fluid Tank: Hot Perfluoromethyl
hbm:fluid_tank_full:37, Universal Fluid Tank: Cryogel
hbm:fluid_tank_full:77, Universal Fluid Tank: Mug Root Beer
hbm:fluid_tank_full:78, Universal Fluid Tank: Hot Mug Root Beer
hbm:fluid_tank_full:84, Universal Fluid Tank: Blood
hbm:fluid_tank_full:85, Universal Fluid Tank: Hot Blood
hbm:fluid_tank_full:126, Universal Fluid Tank: Liquid Sodium
hbm:fluid_tank_full:127, Universal Fluid Tank: Hot Liquid Sodium
hbm:fluid_tank_full:143, Universal Fluid Tank: Liquid Lead
hbm:fluid_tank_full:144, Universal Fluid Tank: Hot Liquid Lead
hbm:fluid_tank_full:128, Universal Fluid Tank: Liquid Thorium Salt
hbm:fluid_tank_full:129, Universal Fluid Tank: Hot Liquid Thorium Salt
hbm:fluid_tank_full:130, Universal Fluid Tank: Depleted Liquid Thorium Salt
hbm:fluid_tank_full:38, Universal Fluid Tank: Liquid Hydrogen
hbm:fluid_tank_full:8, Universal Fluid Tank: Deuterium
hbm:fluid_tank_full:9, Universal Fluid Tank: Tritium
hbm:fluid_tank_full:57, Universal Fluid Tank: Helium-3
hbm:fluid_tank_full:124, Universal Fluid Tank: Helium-4
hbm:fluid_tank_full:39, Universal Fluid Tank: Liquid Oxygen
hbm:fluid_tank_full:40, Universal Fluid Tank: Xenon Gas
hbm:fluid_tank_full:90, Universal Fluid Tank: Chlorine Gas
hbm:fluid_tank_full:42, Universal Fluid Tank: Mercury
hbm:fluid_tank_full:10, Universal Fluid Tank: Crude Oil
hbm:fluid_tank_full:134, Universal Fluid Tank: Desulfurized Crude Oil
hbm:fluid_tank_full:61, Universal Fluid Tank: Cracked Oil
hbm:fluid_tank_full:136, Universal Fluid Tank: Desulfurized Cracked Oil
hbm:fluid_tank_full:62, Universal Fluid Tank: Coal Oil
hbm:fluid_tank_full:105, Universal Fluid Tank: Coker Oil
hbm:fluid_tank_full:11, Universal Fluid Tank: Hot Crude Oil
hbm:fluid_tank_full:135, Universal Fluid Tank: Desulfurized Hot Crude Oil
hbm:fluid_tank_full:63, Universal Fluid Tank: Hot Cracked Oil
hbm:fluid_tank_full:137, Universal Fluid Tank: Desulfurized Hot Cracked Oil
hbm:fluid_tank_full:12, Universal Fluid Tank: Heavy Oil
hbm:fluid_tank_full:91, Universal Fluid Tank: Vacuum Heavy Oil
hbm:fluid_tank_full:19, Universal Fluid Tank: Naphtha
hbm:fluid_tank_full:138, Universal Fluid Tank: Desulfurized Naphtha
hbm:fluid_tank_full:64, Universal Fluid Tank: Cracked Naphtha
hbm:fluid_tank_full:106, Universal Fluid Tank: Coker Naphtha
hbm:fluid_tank_full:92, Universal Fluid Tank: Reformate
hbm:fluid_tank_full:21, Universal Fluid Tank: Light Oil
hbm:fluid_tank_full:139, Universal Fluid Tank: Desulfurized Light Oil
hbm:fluid_tank_full:65, Universal Fluid Tank: Cracked Light Oil
hbm:fluid_tank_full:93, Universal Fluid Tank: Vacuum Light Oil
hbm:fluid_tank_full:13, Universal Fluid Tank: Bitumen
hbm:fluid_tank_full:14, Universal Fluid Tank: Industrial Oil
hbm:fluid_tank_full:15, Universal Fluid Tank: Heating Oil
hbm:fluid_tank_full:96, Universal Fluid Tank: Heavy Heating Oil
hbm:fluid_tank_full:16, Universal Fluid Tank: Reclaimed Industrial Oil
hbm:fluid_tank_full:18, Universal Fluid Tank: Engine Lubricant
hbm:fluid_tank_full:156, Universal Fluid Tank: Flue Gas
hbm:fluid_tank_full:23, Universal Fluid Tank: Natural Gas
hbm:fluid_tank_full:107, Universal Fluid Tank: Coker Gas
hbm:fluid_tank_full:24, Universal Fluid Tank: Petroleum Gas
hbm:fluid_tank_full:94, Universal Fluid Tank: Sour Gas
hbm:fluid_tank_full:25, Universal Fluid Tank: LPG
hbm:fluid_tank_full:86, Universal Fluid Tank: Syngas
hbm:fluid_tank_full:87, Universal Fluid Tank: Oxyhydrogen
hbm:fluid_tank_full:67, Universal Fluid Tank: Aromatic Hydrocarbons
hbm:fluid_tank_full:68, Universal Fluid Tank: Unsaturated Hydrocarbons
hbm:fluid_tank_full:95, Universal Fluid Tank: BTX
hbm:fluid_tank_full:100, Universal Fluid Tank: Reformate Gas
hbm:fluid_tank_full:20, Universal Fluid Tank: Diesel
hbm:fluid_tank_full:97, Universal Fluid Tank: High-Cetane Diesel
hbm:fluid_tank_full:66, Universal Fluid Tank: Cracked Diesel
hbm:fluid_tank_full:98, Universal Fluid Tank: High-Cetane Cracked Diesel
hbm:fluid_tank_full:22, Universal Fluid Tank: Kerosene
hbm:fluid_tank_full:99, Universal Fluid Tank: Jet Fuel
hbm:fluid_tank_full:17, Universal Fluid Tank: Petroil
hbm:fluid_tank_full:72, Universal Fluid Tank: Leaded Petroil
hbm:fluid_tank_full:46, Universal Fluid Tank: Gasoline
hbm:fluid_tank_full:73, Universal Fluid Tank: Leaded Gasoline
hbm:fluid_tank_full:47, Universal Fluid Tank: Coal Gasoline
hbm:fluid_tank_full:74, Universal Fluid Tank: Leaded Coal Gasoline
hbm:fluid_tank_full:80, Universal Fluid Tank: Coal Tar Creosote
hbm:fluid_tank_full:79, Universal Fluid Tank: Wood Oil
hbm:fluid_tank_full:26, Universal Fluid Tank: Biogas
hbm:fluid_tank_full:27, Universal Fluid Tank: Biofuel
hbm:fluid_tank_full:59, Universal Fluid Tank: Ethanol
hbm:fluid_tank_full:111, Universal Fluid Tank: Fish Oil
hbm:fluid_tank_full:112, Universal Fluid Tank: Sunflower Seed Oil
hbm:fluid_tank_full:28, Universal Fluid Tank: NITAN© 100 Octane Super Fuel
hbm:fluid_tank_full:154, Universal Fluid Tank: Deuterated Hydrocarbon
hbm:fluid_tank_full:41, Universal Fluid Tank: BF Rocket Fuel
hbm:fluid_tank_full:69, Universal Fluid Tank: Salient Green
hbm:fluid_tank_full:81, Universal Fluid Tank: Seeding Slurry
hbm:fluid_tank_full:101, Universal Fluid Tank: Colloid
hbm:fluid_tank_full:141, Universal Fluid Tank: Vitriol
hbm:fluid_tank_full:142, Universal Fluid Tank: Ore Slop
hbm:fluid_tank_full:104, Universal Fluid Tank: Ionic Gel
hbm:fluid_tank_full:35, Universal Fluid Tank: Hydrogen Peroxide
hbm:fluid_tank_full:75, Universal Fluid Tank: Sulfuric Acid
hbm:fluid_tank_full:82, Universal Fluid Tank: Nitric Acid
hbm:fluid_tank_full:83, Universal Fluid Tank: Solvent
hbm:fluid_tank_full:88, Universal Fluid Tank: High-Performance Solvent
hbm:fluid_tank_full:32, Universal Fluid Tank: Schrabidic Acid
hbm:fluid_tank_full:29, Universal Fluid Tank: Uranium Hexafluoride
hbm:fluid_tank_full:30, Universal Fluid Tank: Plutonium Hexafluoride
hbm:fluid_tank_full:31, Universal Fluid Tank: Schrabidium Trisulfide
hbm:fluid_tank_full:43, Universal Fluid Tank: Pandemonium(III)tantalite Solution
hbm:fluid_tank_full:36, Universal Fluid Tank: Poisonous Mud
hbm:fluid_tank_full:131, Universal Fluid Tank: Fullerene Solution
hbm:fluid_tank_full:108, Universal Fluid Tank: Dissolved Egg
hbm:fluid_tank_full:109, Universal Fluid Tank: Cholesterol Solution
hbm:fluid_tank_full:149, Universal Fluid Tank: Sodium Aluminate
hbm:fluid_tank_full:150, Universal Fluid Tank: Bauxite Solution
hbm:fluid_tank_full:151, Universal Fluid Tank: Alumina
hbm:fluid_tank_full:153, Universal Fluid Tank: Liquid Concrete
hbm:fluid_tank_full:49, Universal Fluid Tank: Fracking Solution
hbm:fluid_tank_full:148, Universal Fluid Tank: Lye
hbm:fluid_tank_full:102, Universal Fluid Tank: Phosgene
hbm:fluid_tank_full:103, Universal Fluid Tank: Mustard Gas
hbm:fluid_tank_full:110, Universal Fluid Tank: Estradiol Solution
hbm:fluid_tank_full:113, Universal Fluid Tank: Nitroglycerin
hbm:fluid_tank_full:33, Universal Fluid Tank: Antimatter
hbm:fluid_tank_full:34, Universal Fluid Tank: Antischrabidium
hbm:fluid_tank_full:70, Universal Fluid Tank: Experience Juice
hbm:fluid_tank_full:71, Universal Fluid Tank: Ender Juice
hbm:fluid_tank_full:140, Universal Fluid Tank: Stellar Flux
hbm:fluid_tank_full:132, Universal Fluid Tank: Booster Pheromone
hbm:fluid_tank_full:133, Universal Fluid Tank: Modified Booster Pheromone
hbm:fluid_tank_full:89, Universal Fluid Tank: Hydrazine
hbm:fluid_tank_full:1000, Universal Fluid Tank: Custom Fluid Demo
hbm:fluid_tank_lead_empty, Empty Hazardous Material Tank
hbm:fluid_tank_lead_full:152, Hazardous Material Tank: Compressed Air
hbm:fluid_tank_lead_full:155, Hazardous Material Tank: Hot Air Blast
hbm:fluid_tank_lead_full:1, Hazardous Material Tank: Water
hbm:fluid_tank_lead_full:60, Hazardous Material Tank: Heavy Water
hbm:fluid_tank_lead_full:125, Hazardous Material Tank: Hot Heavy Water
hbm:fluid_tank_lead_full:7, Hazardous Material Tank: Lava
hbm:fluid_tank_lead_full:2, Hazardous Material Tank: Steam
hbm:fluid_tank_lead_full:3, Hazardous Material Tank: Dense Steam
hbm:fluid_tank_lead_full:4, Hazardous Material Tank: Super Dense Steam
hbm:fluid_tank_lead_full:5, Hazardous Material Tank: Ultra Dense Steam
hbm:fluid_tank_lead_full:55, Hazardous Material Tank: Carbon Dioxide
hbm:fluid_tank_lead_full:6, Hazardous Material Tank: Coolant
hbm:fluid_tank_lead_full:76, Hazardous Material Tank: Hot Coolant
hbm:fluid_tank_lead_full:145, Hazardous Material Tank: Perfluoromethyl
hbm:fluid_tank_lead_full:146, Hazardous Material Tank: Cold Perfluoromethyl
hbm:fluid_tank_lead_full:147, Hazardous Material Tank: Hot Perfluoromethyl
hbm:fluid_tank_lead_full:37, Hazardous Material Tank: Cryogel
hbm:fluid_tank_lead_full:77, Hazardous Material Tank: Mug Root Beer
hbm:fluid_tank_lead_full:78, Hazardous Material Tank: Hot Mug Root Beer
hbm:fluid_tank_lead_full:84, Hazardous Material Tank: Blood
hbm:fluid_tank_lead_full:85, Hazardous Material Tank: Hot Blood
hbm:fluid_tank_lead_full:126, Hazardous Material Tank: Liquid Sodium
hbm:fluid_tank_lead_full:127, Hazardous Material Tank: Hot Liquid Sodium
hbm:fluid_tank_lead_full:143, Hazardous Material Tank: Liquid Lead
hbm:fluid_tank_lead_full:144, Hazardous Material Tank: Hot Liquid Lead
hbm:fluid_tank_lead_full:128, Hazardous Material Tank: Liquid Thorium Salt
hbm:fluid_tank_lead_full:129, Hazardous Material Tank: Hot Liquid Thorium Salt
hbm:fluid_tank_lead_full:130, Hazardous Material Tank: Depleted Liquid Thorium Salt
hbm:fluid_tank_lead_full:38, Hazardous Material Tank: Liquid Hydrogen
hbm:fluid_tank_lead_full:8, Hazardous Material Tank: Deuterium
hbm:fluid_tank_lead_full:9, Hazardous Material Tank: Tritium
hbm:fluid_tank_lead_full:57, Hazardous Material Tank: Helium-3
hbm:fluid_tank_lead_full:124, Hazardous Material Tank: Helium-4
hbm:fluid_tank_lead_full:39, Hazardous Material Tank: Liquid Oxygen
hbm:fluid_tank_lead_full:40, Hazardous Material Tank: Xenon Gas
hbm:fluid_tank_lead_full:90, Hazardous Material Tank: Chlorine Gas
hbm:fluid_tank_lead_full:42, Hazardous Material Tank: Mercury
hbm:fluid_tank_lead_full:10, Hazardous Material Tank: Crude Oil
hbm:fluid_tank_lead_full:134, Hazardous Material Tank: Desulfurized Crude Oil
hbm:fluid_tank_lead_full:61, Hazardous Material Tank: Cracked Oil
hbm:fluid_tank_lead_full:136, Hazardous Material Tank: Desulfurized Cracked Oil
hbm:fluid_tank_lead_full:62, Hazardous Material Tank: Coal Oil
hbm:fluid_tank_lead_full:105, Hazardous Material Tank: Coker Oil
hbm:fluid_tank_lead_full:11, Hazardous Material Tank: Hot Crude Oil
hbm:fluid_tank_lead_full:135, Hazardous Material Tank: Desulfurized Hot Crude Oil
hbm:fluid_tank_lead_full:63, Hazardous Material Tank: Hot Cracked Oil
hbm:fluid_tank_lead_full:137, Hazardous Material Tank: Desulfurized Hot Cracked Oil
hbm:fluid_tank_lead_full:12, Hazardous Material Tank: Heavy Oil
hbm:fluid_tank_lead_full:91, Hazardous Material Tank: Vacuum Heavy Oil
hbm:fluid_tank_lead_full:19, Hazardous Material Tank: Naphtha
hbm:fluid_tank_lead_full:138, Hazardous Material Tank: Desulfurized Naphtha
hbm:fluid_tank_lead_full:64, Hazardous Material Tank: Cracked Naphtha
hbm:fluid_tank_lead_full:106, Hazardous Material Tank: Coker Naphtha
hbm:fluid_tank_lead_full:92, Hazardous Material Tank: Reformate
hbm:fluid_tank_lead_full:21, Hazardous Material Tank: Light Oil
hbm:fluid_tank_lead_full:139, Hazardous Material Tank: Desulfurized Light Oil
hbm:fluid_tank_lead_full:65, Hazardous Material Tank: Cracked Light Oil
hbm:fluid_tank_lead_full:93, Hazardous Material Tank: Vacuum Light Oil
hbm:fluid_tank_lead_full:13, Hazardous Material Tank: Bitumen
hbm:fluid_tank_lead_full:14, Hazardous Material Tank: Industrial Oil
hbm:fluid_tank_lead_full:15, Hazardous Material Tank: Heating Oil
hbm:fluid_tank_lead_full:96, Hazardous Material Tank: Heavy Heating Oil
hbm:fluid_tank_lead_full:16, Hazardous Material Tank: Reclaimed Industrial Oil
hbm:fluid_tank_lead_full:18, Hazardous Material Tank: Engine Lubricant
hbm:fluid_tank_lead_full:156, Hazardous Material Tank: Flue Gas
hbm:fluid_tank_lead_full:23, Hazardous Material Tank: Natural Gas
hbm:fluid_tank_lead_full:107, Hazardous Material Tank: Coker Gas
hbm:fluid_tank_lead_full:24, Hazardous Material Tank: Petroleum Gas
hbm:fluid_tank_lead_full:94, Hazardous Material Tank: Sour Gas
hbm:fluid_tank_lead_full:25, Hazardous Material Tank: LPG
hbm:fluid_tank_lead_full:86, Hazardous Material Tank: Syngas
hbm:fluid_tank_lead_full:87, Hazardous Material Tank: Oxyhydrogen
hbm:fluid_tank_lead_full:67, Hazardous Material Tank: Aromatic Hydrocarbons
hbm:fluid_tank_lead_full:68, Hazardous Material Tank: Unsaturated Hydrocarbons
hbm:fluid_tank_lead_full:95, Hazardous Material Tank: BTX
hbm:fluid_tank_lead_full:100, Hazardous Material Tank: Reformate Gas
hbm:fluid_tank_lead_full:20, Hazardous Material Tank: Diesel
hbm:fluid_tank_lead_full:97, Hazardous Material Tank: High-Cetane Diesel
hbm:fluid_tank_lead_full:66, Hazardous Material Tank: Cracked Diesel
hbm:fluid_tank_lead_full:98, Hazardous Material Tank: High-Cetane Cracked Diesel
hbm:fluid_tank_lead_full:22, Hazardous Material Tank: Kerosene
hbm:fluid_tank_lead_full:99, Hazardous Material Tank: Jet Fuel
hbm:fluid_tank_lead_full:17, Hazardous Material Tank: Petroil
hbm:fluid_tank_lead_full:72, Hazardous Material Tank: Leaded Petroil
hbm:fluid_tank_lead_full:46, Hazardous Material Tank: Gasoline
hbm:fluid_tank_lead_full:73, Hazardous Material Tank: Leaded Gasoline
hbm:fluid_tank_lead_full:47, Hazardous Material Tank: Coal Gasoline
hbm:fluid_tank_lead_full:74, Hazardous Material Tank: Leaded Coal Gasoline
hbm:fluid_tank_lead_full:80, Hazardous Material Tank: Coal Tar Creosote
hbm:fluid_tank_lead_full:79, Hazardous Material Tank: Wood Oil
hbm:fluid_tank_lead_full:26, Hazardous Material Tank: Biogas
hbm:fluid_tank_lead_full:27, Hazardous Material Tank: Biofuel
hbm:fluid_tank_lead_full:59, Hazardous Material Tank: Ethanol
hbm:fluid_tank_lead_full:111, Hazardous Material Tank: Fish Oil
hbm:fluid_tank_lead_full:112, Hazardous Material Tank: Sunflower Seed Oil
hbm:fluid_tank_lead_full:28, Hazardous Material Tank: NITAN© 100 Octane Super Fuel
hbm:fluid_tank_lead_full:154, Hazardous Material Tank: Deuterated Hydrocarbon
hbm:fluid_tank_lead_full:41, Hazardous Material Tank: BF Rocket Fuel
hbm:fluid_tank_lead_full:69, Hazardous Material Tank: Salient Green
hbm:fluid_tank_lead_full:81, Hazardous Material Tank: Seeding Slurry
hbm:fluid_tank_lead_full:101, Hazardous Material Tank: Colloid
hbm:fluid_tank_lead_full:141, Hazardous Material Tank: Vitriol
hbm:fluid_tank_lead_full:142, Hazardous Material Tank: Ore Slop
hbm:fluid_tank_lead_full:104, Hazardous Material Tank: Ionic Gel
hbm:fluid_tank_lead_full:35, Hazardous Material Tank: Hydrogen Peroxide
hbm:fluid_tank_lead_full:75, Hazardous Material Tank: Sulfuric Acid
hbm:fluid_tank_lead_full:82, Hazardous Material Tank: Nitric Acid
hbm:fluid_tank_lead_full:83, Hazardous Material Tank: Solvent
hbm:fluid_tank_lead_full:88, Hazardous Material Tank: High-Performance Solvent
hbm:fluid_tank_lead_full:32, Hazardous Material Tank: Schrabidic Acid
hbm:fluid_tank_lead_full:29, Hazardous Material Tank: Uranium Hexafluoride
hbm:fluid_tank_lead_full:30, Hazardous Material Tank: Plutonium Hexafluoride
hbm:fluid_tank_lead_full:31, Hazardous Material Tank: Schrabidium Trisulfide
hbm:fluid_tank_lead_full:43, Hazardous Material Tank: Pandemonium(III)tantalite Solution
hbm:fluid_tank_lead_full:58, Hazardous Material Tank: Osmiridic Solution
hbm:fluid_tank_lead_full:36, Hazardous Material Tank: Poisonous Mud
hbm:fluid_tank_lead_full:114, Hazardous Material Tank: Red Mud
hbm:fluid_tank_lead_full:131, Hazardous Material Tank: Fullerene Solution
hbm:fluid_tank_lead_full:108, Hazardous Material Tank: Dissolved Egg
hbm:fluid_tank_lead_full:109, Hazardous Material Tank: Cholesterol Solution
hbm:fluid_tank_lead_full:149, Hazardous Material Tank: Sodium Aluminate
hbm:fluid_tank_lead_full:150, Hazardous Material Tank: Bauxite Solution
hbm:fluid_tank_lead_full:151, Hazardous Material Tank: Alumina
hbm:fluid_tank_lead_full:153, Hazardous Material Tank: Liquid Concrete
hbm:fluid_tank_lead_full:49, Hazardous Material Tank: Fracking Solution
hbm:fluid_tank_lead_full:148, Hazardous Material Tank: Lye
hbm:fluid_tank_lead_full:102, Hazardous Material Tank: Phosgene
hbm:fluid_tank_lead_full:103, Hazardous Material Tank: Mustard Gas
hbm:fluid_tank_lead_full:110, Hazardous Material Tank: Estradiol Solution
hbm:fluid_tank_lead_full:113, Hazardous Material Tank: Nitroglycerin
hbm:fluid_tank_lead_full:33, Hazardous Material Tank: Antimatter
hbm:fluid_tank_lead_full:34, Hazardous Material Tank: Antischrabidium
hbm:fluid_tank_lead_full:70, Hazardous Material Tank: Experience Juice
hbm:fluid_tank_lead_full:71, Hazardous Material Tank: Ender Juice
hbm:fluid_tank_lead_full:140, Hazardous Material Tank: Stellar Flux
hbm:fluid_tank_lead_full:132, Hazardous Material Tank: Booster Pheromone
hbm:fluid_tank_lead_full:133, Hazardous Material Tank: Modified Booster Pheromone
hbm:fluid_tank_lead_full:89, Hazardous Material Tank: Hydrazine
hbm:fluid_tank_lead_full:1000, Hazardous Material Tank: Custom Fluid Demo
hbm:fluid_barrel_empty, Empty Fluid Barrel
hbm:fluid_barrel_full:152, Fluid Barrel: Compressed Air
hbm:fluid_barrel_full:155, Fluid Barrel: Hot Air Blast
hbm:fluid_barrel_full:1, Fluid Barrel: Water
hbm:fluid_barrel_full:60, Fluid Barrel: Heavy Water
hbm:fluid_barrel_full:125, Fluid Barrel: Hot Heavy Water
hbm:fluid_barrel_full:7, Fluid Barrel: Lava
hbm:fluid_barrel_full:2, Fluid Barrel: Steam
hbm:fluid_barrel_full:3, Fluid Barrel: Dense Steam
hbm:fluid_barrel_full:4, Fluid Barrel: Super Dense Steam
hbm:fluid_barrel_full:5, Fluid Barrel: Ultra Dense Steam
hbm:fluid_barrel_full:55, Fluid Barrel: Carbon Dioxide
hbm:fluid_barrel_full:6, Fluid Barrel: Coolant
hbm:fluid_barrel_full:76, Fluid Barrel: Hot Coolant
hbm:fluid_barrel_full:145, Fluid Barrel: Perfluoromethyl
hbm:fluid_barrel_full:146, Fluid Barrel: Cold Perfluoromethyl
hbm:fluid_barrel_full:147, Fluid Barrel: Hot Perfluoromethyl
hbm:fluid_barrel_full:37, Fluid Barrel: Cryogel
hbm:fluid_barrel_full:77, Fluid Barrel: Mug Root Beer
hbm:fluid_barrel_full:78, Fluid Barrel: Hot Mug Root Beer
hbm:fluid_barrel_full:84, Fluid Barrel: Blood
hbm:fluid_barrel_full:85, Fluid Barrel: Hot Blood
hbm:fluid_barrel_full:126, Fluid Barrel: Liquid Sodium
hbm:fluid_barrel_full:127, Fluid Barrel: Hot Liquid Sodium
hbm:fluid_barrel_full:143, Fluid Barrel: Liquid Lead
hbm:fluid_barrel_full:144, Fluid Barrel: Hot Liquid Lead
hbm:fluid_barrel_full:128, Fluid Barrel: Liquid Thorium Salt
hbm:fluid_barrel_full:129, Fluid Barrel: Hot Liquid Thorium Salt
hbm:fluid_barrel_full:130, Fluid Barrel: Depleted Liquid Thorium Salt
hbm:fluid_barrel_full:38, Fluid Barrel: Liquid Hydrogen
hbm:fluid_barrel_full:8, Fluid Barrel: Deuterium
hbm:fluid_barrel_full:9, Fluid Barrel: Tritium
hbm:fluid_barrel_full:57, Fluid Barrel: Helium-3
hbm:fluid_barrel_full:124, Fluid Barrel: Helium-4
hbm:fluid_barrel_full:39, Fluid Barrel: Liquid Oxygen
hbm:fluid_barrel_full:40, Fluid Barrel: Xenon Gas
hbm:fluid_barrel_full:90, Fluid Barrel: Chlorine Gas
hbm:fluid_barrel_full:42, Fluid Barrel: Mercury
hbm:fluid_barrel_full:10, Fluid Barrel: Crude Oil
hbm:fluid_barrel_full:134, Fluid Barrel: Desulfurized Crude Oil
hbm:fluid_barrel_full:61, Fluid Barrel: Cracked Oil
hbm:fluid_barrel_full:136, Fluid Barrel: Desulfurized Cracked Oil
hbm:fluid_barrel_full:62, Fluid Barrel: Coal Oil
hbm:fluid_barrel_full:105, Fluid Barrel: Coker Oil
hbm:fluid_barrel_full:11, Fluid Barrel: Hot Crude Oil
hbm:fluid_barrel_full:135, Fluid Barrel: Desulfurized Hot Crude Oil
hbm:fluid_barrel_full:63, Fluid Barrel: Hot Cracked Oil
hbm:fluid_barrel_full:137, Fluid Barrel: Desulfurized Hot Cracked Oil
hbm:fluid_barrel_full:12, Fluid Barrel: Heavy Oil
hbm:fluid_barrel_full:91, Fluid Barrel: Vacuum Heavy Oil
hbm:fluid_barrel_full:19, Fluid Barrel: Naphtha
hbm:fluid_barrel_full:138, Fluid Barrel: Desulfurized Naphtha
hbm:fluid_barrel_full:64, Fluid Barrel: Cracked Naphtha
hbm:fluid_barrel_full:106, Fluid Barrel: Coker Naphtha
hbm:fluid_barrel_full:92, Fluid Barrel: Reformate
hbm:fluid_barrel_full:21, Fluid Barrel: Light Oil
hbm:fluid_barrel_full:139, Fluid Barrel: Desulfurized Light Oil
hbm:fluid_barrel_full:65, Fluid Barrel: Cracked Light Oil
hbm:fluid_barrel_full:93, Fluid Barrel: Vacuum Light Oil
hbm:fluid_barrel_full:13, Fluid Barrel: Bitumen
hbm:fluid_barrel_full:14, Fluid Barrel: Industrial Oil
hbm:fluid_barrel_full:15, Fluid Barrel: Heating Oil
hbm:fluid_barrel_full:96, Fluid Barrel: Heavy Heating Oil
hbm:fluid_barrel_full:16, Fluid Barrel: Reclaimed Industrial Oil
hbm:fluid_barrel_full:18, Fluid Barrel: Engine Lubricant
hbm:fluid_barrel_full:156, Fluid Barrel: Flue Gas
hbm:fluid_barrel_full:23, Fluid Barrel: Natural Gas
hbm:fluid_barrel_full:107, Fluid Barrel: Coker Gas
hbm:fluid_barrel_full:24, Fluid Barrel: Petroleum Gas
hbm:fluid_barrel_full:94, Fluid Barrel: Sour Gas
hbm:fluid_barrel_full:25, Fluid Barrel: LPG
hbm:fluid_barrel_full:86, Fluid Barrel: Syngas
hbm:fluid_barrel_full:87, Fluid Barrel: Oxyhydrogen
hbm:fluid_barrel_full:67, Fluid Barrel: Aromatic Hydrocarbons
hbm:fluid_barrel_full:68, Fluid Barrel: Unsaturated Hydrocarbons
hbm:fluid_barrel_full:95, Fluid Barrel: BTX
hbm:fluid_barrel_full:100, Fluid Barrel: Reformate Gas
hbm:fluid_barrel_full:20, Fluid Barrel: Diesel
hbm:fluid_barrel_full:97, Fluid Barrel: High-Cetane Diesel
hbm:fluid_barrel_full:66, Fluid Barrel: Cracked Diesel
hbm:fluid_barrel_full:98, Fluid Barrel: High-Cetane Cracked Diesel
hbm:fluid_barrel_full:22, Fluid Barrel: Kerosene
hbm:fluid_barrel_full:99, Fluid Barrel: Jet Fuel
hbm:fluid_barrel_full:17, Fluid Barrel: Petroil
hbm:fluid_barrel_full:72, Fluid Barrel: Leaded Petroil
hbm:fluid_barrel_full:46, Fluid Barrel: Gasoline
hbm:fluid_barrel_full:73, Fluid Barrel: Leaded Gasoline
hbm:fluid_barrel_full:47, Fluid Barrel: Coal Gasoline
hbm:fluid_barrel_full:74, Fluid Barrel: Leaded Coal Gasoline
hbm:fluid_barrel_full:80, Fluid Barrel: Coal Tar Creosote
hbm:fluid_barrel_full:79, Fluid Barrel: Wood Oil
hbm:fluid_barrel_full:26, Fluid Barrel: Biogas
hbm:fluid_barrel_full:27, Fluid Barrel: Biofuel
hbm:fluid_barrel_full:59, Fluid Barrel: Ethanol
hbm:fluid_barrel_full:111, Fluid Barrel: Fish Oil
hbm:fluid_barrel_full:112, Fluid Barrel: Sunflower Seed Oil
hbm:fluid_barrel_full:28, Fluid Barrel: NITAN© 100 Octane Super Fuel
hbm:fluid_barrel_full:154, Fluid Barrel: Deuterated Hydrocarbon
hbm:fluid_barrel_full:41, Fluid Barrel: BF Rocket Fuel
hbm:fluid_barrel_full:69, Fluid Barrel: Salient Green
hbm:fluid_barrel_full:81, Fluid Barrel: Seeding Slurry
hbm:fluid_barrel_full:101, Fluid Barrel: Colloid
hbm:fluid_barrel_full:141, Fluid Barrel: Vitriol
hbm:fluid_barrel_full:142, Fluid Barrel: Ore Slop
hbm:fluid_barrel_full:104, Fluid Barrel: Ionic Gel
hbm:fluid_barrel_full:35, Fluid Barrel: Hydrogen Peroxide
hbm:fluid_barrel_full:75, Fluid Barrel: Sulfuric Acid
hbm:fluid_barrel_full:82, Fluid Barrel: Nitric Acid
hbm:fluid_barrel_full:83, Fluid Barrel: Solvent
hbm:fluid_barrel_full:88, Fluid Barrel: High-Performance Solvent
hbm:fluid_barrel_full:32, Fluid Barrel: Schrabidic Acid
hbm:fluid_barrel_full:29, Fluid Barrel: Uranium Hexafluoride
hbm:fluid_barrel_full:30, Fluid Barrel: Plutonium Hexafluoride
hbm:fluid_barrel_full:31, Fluid Barrel: Schrabidium Trisulfide
hbm:fluid_barrel_full:43, Fluid Barrel: Pandemonium(III)tantalite Solution
hbm:fluid_barrel_full:36, Fluid Barrel: Poisonous Mud
hbm:fluid_barrel_full:131, Fluid Barrel: Fullerene Solution
hbm:fluid_barrel_full:108, Fluid Barrel: Dissolved Egg
hbm:fluid_barrel_full:109, Fluid Barrel: Cholesterol Solution
hbm:fluid_barrel_full:149, Fluid Barrel: Sodium Aluminate
hbm:fluid_barrel_full:150, Fluid Barrel: Bauxite Solution
hbm:fluid_barrel_full:151, Fluid Barrel: Alumina
hbm:fluid_barrel_full:153, Fluid Barrel: Liquid Concrete
hbm:fluid_barrel_full:49, Fluid Barrel: Fracking Solution
hbm:fluid_barrel_full:148, Fluid Barrel: Lye
hbm:fluid_barrel_full:102, Fluid Barrel: Phosgene
hbm:fluid_barrel_full:103, Fluid Barrel: Mustard Gas
hbm:fluid_barrel_full:110, Fluid Barrel: Estradiol Solution
hbm:fluid_barrel_full:113, Fluid Barrel: Nitroglycerin
hbm:fluid_barrel_full:33, Fluid Barrel: Antimatter
hbm:fluid_barrel_full:34, Fluid Barrel: Antischrabidium
hbm:fluid_barrel_full:70, Fluid Barrel: Experience Juice
hbm:fluid_barrel_full:71, Fluid Barrel: Ender Juice
hbm:fluid_barrel_full:140, Fluid Barrel: Stellar Flux
hbm:fluid_barrel_full:132, Fluid Barrel: Booster Pheromone
hbm:fluid_barrel_full:133, Fluid Barrel: Modified Booster Pheromone
hbm:fluid_barrel_full:89, Fluid Barrel: Hydrazine
hbm:fluid_barrel_full:1000, Fluid Barrel: Custom Fluid Demo
hbm:fluid_barrel_infinite, Infinite Fluid Barrel
hbm:fluid_pack_empty, Large Fluid Container
hbm:fluid_pack_full:152, Packaged Compressed Air
hbm:fluid_pack_full:155, Packaged Hot Air Blast
hbm:fluid_pack_full:1, Packaged Water
hbm:fluid_pack_full:60, Packaged Heavy Water
hbm:fluid_pack_full:125, Packaged Hot Heavy Water
hbm:fluid_pack_full:7, Packaged Lava
hbm:fluid_pack_full:2, Packaged Steam
hbm:fluid_pack_full:3, Packaged Dense Steam
hbm:fluid_pack_full:4, Packaged Super Dense Steam
hbm:fluid_pack_full:5, Packaged Ultra Dense Steam
hbm:fluid_pack_full:55, Packaged Carbon Dioxide
hbm:fluid_pack_full:6, Packaged Coolant
hbm:fluid_pack_full:76, Packaged Hot Coolant
hbm:fluid_pack_full:145, Packaged Perfluoromethyl
hbm:fluid_pack_full:146, Packaged Cold Perfluoromethyl
hbm:fluid_pack_full:147, Packaged Hot Perfluoromethyl
hbm:fluid_pack_full:37, Packaged Cryogel
hbm:fluid_pack_full:77, Packaged Mug Root Beer
hbm:fluid_pack_full:78, Packaged Hot Mug Root Beer
hbm:fluid_pack_full:84, Packaged Blood
hbm:fluid_pack_full:85, Packaged Hot Blood
hbm:fluid_pack_full:126, Packaged Liquid Sodium
hbm:fluid_pack_full:127, Packaged Hot Liquid Sodium
hbm:fluid_pack_full:143, Packaged Liquid Lead
hbm:fluid_pack_full:144, Packaged Hot Liquid Lead
hbm:fluid_pack_full:128, Packaged Liquid Thorium Salt
hbm:fluid_pack_full:129, Packaged Hot Liquid Thorium Salt
hbm:fluid_pack_full:130, Packaged Depleted Liquid Thorium Salt
hbm:fluid_pack_full:38, Packaged Liquid Hydrogen
hbm:fluid_pack_full:8, Packaged Deuterium
hbm:fluid_pack_full:9, Packaged Tritium
hbm:fluid_pack_full:57, Packaged Helium-3
hbm:fluid_pack_full:124, Packaged Helium-4
hbm:fluid_pack_full:39, Packaged Liquid Oxygen
hbm:fluid_pack_full:40, Packaged Xenon Gas
hbm:fluid_pack_full:90, Packaged Chlorine Gas
hbm:fluid_pack_full:42, Packaged Mercury
hbm:fluid_pack_full:10, Packaged Crude Oil
hbm:fluid_pack_full:134, Packaged Desulfurized Crude Oil
hbm:fluid_pack_full:61, Packaged Cracked Oil
hbm:fluid_pack_full:136, Packaged Desulfurized Cracked Oil
hbm:fluid_pack_full:62, Packaged Coal Oil
hbm:fluid_pack_full:105, Packaged Coker Oil
hbm:fluid_pack_full:11, Packaged Hot Crude Oil
hbm:fluid_pack_full:135, Packaged Desulfurized Hot Crude Oil
hbm:fluid_pack_full:63, Packaged Hot Cracked Oil
hbm:fluid_pack_full:137, Packaged Desulfurized Hot Cracked Oil
hbm:fluid_pack_full:12, Packaged Heavy Oil
hbm:fluid_pack_full:91, Packaged Vacuum Heavy Oil
hbm:fluid_pack_full:19, Packaged Naphtha
hbm:fluid_pack_full:138, Packaged Desulfurized Naphtha
hbm:fluid_pack_full:64, Packaged Cracked Naphtha
hbm:fluid_pack_full:106, Packaged Coker Naphtha
hbm:fluid_pack_full:92, Packaged Reformate
hbm:fluid_pack_full:21, Packaged Light Oil
hbm:fluid_pack_full:139, Packaged Desulfurized Light Oil
hbm:fluid_pack_full:65, Packaged Cracked Light Oil
hbm:fluid_pack_full:93, Packaged Vacuum Light Oil
hbm:fluid_pack_full:13, Packaged Bitumen
hbm:fluid_pack_full:14, Packaged Industrial Oil
hbm:fluid_pack_full:15, Packaged Heating Oil
hbm:fluid_pack_full:96, Packaged Heavy Heating Oil
hbm:fluid_pack_full:16, Packaged Reclaimed Industrial Oil
hbm:fluid_pack_full:18, Packaged Engine Lubricant
hbm:fluid_pack_full:156, Packaged Flue Gas
hbm:fluid_pack_full:23, Packaged Natural Gas
hbm:fluid_pack_full:107, Packaged Coker Gas
hbm:fluid_pack_full:24, Packaged Petroleum Gas
hbm:fluid_pack_full:94, Packaged Sour Gas
hbm:fluid_pack_full:25, Packaged LPG
hbm:fluid_pack_full:86, Packaged Syngas
hbm:fluid_pack_full:87, Packaged Oxyhydrogen
hbm:fluid_pack_full:67, Packaged Aromatic Hydrocarbons
hbm:fluid_pack_full:68, Packaged Unsaturated Hydrocarbons
hbm:fluid_pack_full:95, Packaged BTX
hbm:fluid_pack_full:100, Packaged Reformate Gas
hbm:fluid_pack_full:20, Packaged Diesel
hbm:fluid_pack_full:97, Packaged High-Cetane Diesel
hbm:fluid_pack_full:66, Packaged Cracked Diesel
hbm:fluid_pack_full:98, Packaged High-Cetane Cracked Diesel
hbm:fluid_pack_full:22, Packaged Kerosene
hbm:fluid_pack_full:99, Packaged Jet Fuel
hbm:fluid_pack_full:17, Packaged Petroil
hbm:fluid_pack_full:72, Packaged Leaded Petroil
hbm:fluid_pack_full:46, Packaged Gasoline
hbm:fluid_pack_full:73, Packaged Leaded Gasoline
hbm:fluid_pack_full:47, Packaged Coal Gasoline
hbm:fluid_pack_full:74, Packaged Leaded Coal Gasoline
hbm:fluid_pack_full:80, Packaged Coal Tar Creosote
hbm:fluid_pack_full:79, Packaged Wood Oil
hbm:fluid_pack_full:26, Packaged Biogas
hbm:fluid_pack_full:27, Packaged Biofuel
hbm:fluid_pack_full:59, Packaged Ethanol
hbm:fluid_pack_full:111, Packaged Fish Oil
hbm:fluid_pack_full:112, Packaged Sunflower Seed Oil
hbm:fluid_pack_full:28, Packaged NITAN© 100 Octane Super Fuel
hbm:fluid_pack_full:154, Packaged Deuterated Hydrocarbon
hbm:fluid_pack_full:41, Packaged BF Rocket Fuel
hbm:fluid_pack_full:69, Packaged Salient Green
hbm:fluid_pack_full:81, Packaged Seeding Slurry
hbm:fluid_pack_full:101, Packaged Colloid
hbm:fluid_pack_full:141, Packaged Vitriol
hbm:fluid_pack_full:142, Packaged Ore Slop
hbm:fluid_pack_full:104, Packaged Ionic Gel
hbm:fluid_pack_full:35, Packaged Hydrogen Peroxide
hbm:fluid_pack_full:75, Packaged Sulfuric Acid
hbm:fluid_pack_full:82, Packaged Nitric Acid
hbm:fluid_pack_full:83, Packaged Solvent
hbm:fluid_pack_full:88, Packaged High-Performance Solvent
hbm:fluid_pack_full:32, Packaged Schrabidic Acid
hbm:fluid_pack_full:29, Packaged Uranium Hexafluoride
hbm:fluid_pack_full:30, Packaged Plutonium Hexafluoride
hbm:fluid_pack_full:31, Packaged Schrabidium Trisulfide
hbm:fluid_pack_full:43, Packaged Pandemonium(III)tantalite Solution
hbm:fluid_pack_full:36, Packaged Poisonous Mud
hbm:fluid_pack_full:131, Packaged Fullerene Solution
hbm:fluid_pack_full:108, Packaged Dissolved Egg
hbm:fluid_pack_full:109, Packaged Cholesterol Solution
hbm:fluid_pack_full:149, Packaged Sodium Aluminate
hbm:fluid_pack_full:150, Packaged Bauxite Solution
hbm:fluid_pack_full:151, Packaged Alumina
hbm:fluid_pack_full:153, Packaged Liquid Concrete
hbm:fluid_pack_full:49, Packaged Fracking Solution
hbm:fluid_pack_full:148, Packaged Lye
hbm:fluid_pack_full:102, Packaged Phosgene
hbm:fluid_pack_full:103, Packaged Mustard Gas
hbm:fluid_pack_full:110, Packaged Estradiol Solution
hbm:fluid_pack_full:113, Packaged Nitroglycerin
hbm:fluid_pack_full:33, Packaged Antimatter
hbm:fluid_pack_full:34, Packaged Antischrabidium
hbm:fluid_pack_full:70, Packaged Experience Juice
hbm:fluid_pack_full:71, Packaged Ender Juice
hbm:fluid_pack_full:140, Packaged Stellar Flux
hbm:fluid_pack_full:132, Packaged Booster Pheromone
hbm:fluid_pack_full:133, Packaged Modified Booster Pheromone
hbm:fluid_pack_full:89, Packaged Hydrazine
hbm:fluid_pack_full:1000, Packaged Custom Fluid Demo
hbm:pipette, Pipette
hbm:pipette_boron, Boron Pipette
hbm:pipette_laboratory, Laboratory Grade Pipette
hbm:siphon, Siphon
hbm:inf_water, Infinite Water Tank
hbm:inf_water_mk2, Large Infinite Water Tank
hbm:disperser_canister_empty, Disperser Canister
hbm:disperser_canister:152, Disperser Canister: Compressed Air
hbm:disperser_canister:155, Disperser Canister: Hot Air Blast
hbm:disperser_canister:1, Disperser Canister: Water
hbm:disperser_canister:60, Disperser Canister: Heavy Water
hbm:disperser_canister:2, Disperser Canister: Steam
hbm:disperser_canister:3, Disperser Canister: Dense Steam
hbm:disperser_canister:4, Disperser Canister: Super Dense Steam
hbm:disperser_canister:5, Disperser Canister: Ultra Dense Steam
hbm:disperser_canister:55, Disperser Canister: Carbon Dioxide
hbm:disperser_canister:6, Disperser Canister: Coolant
hbm:disperser_canister:76, Disperser Canister: Hot Coolant
hbm:disperser_canister:145, Disperser Canister: Perfluoromethyl
hbm:disperser_canister:146, Disperser Canister: Cold Perfluoromethyl
hbm:disperser_canister:147, Disperser Canister: Hot Perfluoromethyl
hbm:disperser_canister:77, Disperser Canister: Mug Root Beer
hbm:disperser_canister:78, Disperser Canister: Hot Mug Root Beer
hbm:disperser_canister:38, Disperser Canister: Liquid Hydrogen
hbm:disperser_canister:8, Disperser Canister: Deuterium
hbm:disperser_canister:9, Disperser Canister: Tritium
hbm:disperser_canister:57, Disperser Canister: Helium-3
hbm:disperser_canister:124, Disperser Canister: Helium-4
hbm:disperser_canister:39, Disperser Canister: Liquid Oxygen
hbm:disperser_canister:40, Disperser Canister: Xenon Gas
hbm:disperser_canister:90, Disperser Canister: Chlorine Gas
hbm:disperser_canister:42, Disperser Canister: Mercury
hbm:disperser_canister:21, Disperser Canister: Light Oil
hbm:disperser_canister:139, Disperser Canister: Desulfurized Light Oil
hbm:disperser_canister:65, Disperser Canister: Cracked Light Oil
hbm:disperser_canister:93, Disperser Canister: Vacuum Light Oil
hbm:disperser_canister:18, Disperser Canister: Engine Lubricant
hbm:disperser_canister:156, Disperser Canister: Flue Gas
hbm:disperser_canister:23, Disperser Canister: Natural Gas
hbm:disperser_canister:107, Disperser Canister: Coker Gas
hbm:disperser_canister:24, Disperser Canister: Petroleum Gas
hbm:disperser_canister:94, Disperser Canister: Sour Gas
hbm:disperser_canister:25, Disperser Canister: LPG
hbm:disperser_canister:86, Disperser Canister: Syngas
hbm:disperser_canister:87, Disperser Canister: Oxyhydrogen
hbm:disperser_canister:68, Disperser Canister: Unsaturated Hydrocarbons
hbm:disperser_canister:100, Disperser Canister: Reformate Gas
hbm:disperser_canister:20, Disperser Canister: Diesel
hbm:disperser_canister:97, Disperser Canister: High-Cetane Diesel
hbm:disperser_canister:66, Disperser Canister: Cracked Diesel
hbm:disperser_canister:98, Disperser Canister: High-Cetane Cracked Diesel
hbm:disperser_canister:22, Disperser Canister: Kerosene
hbm:disperser_canister:99, Disperser Canister: Jet Fuel
hbm:disperser_canister:17, Disperser Canister: Petroil
hbm:disperser_canister:72, Disperser Canister: Leaded Petroil
hbm:disperser_canister:46, Disperser Canister: Gasoline
hbm:disperser_canister:73, Disperser Canister: Leaded Gasoline
hbm:disperser_canister:47, Disperser Canister: Coal Gasoline
hbm:disperser_canister:74, Disperser Canister: Leaded Coal Gasoline
hbm:disperser_canister:26, Disperser Canister: Biogas
hbm:disperser_canister:27, Disperser Canister: Biofuel
hbm:disperser_canister:59, Disperser Canister: Ethanol
hbm:disperser_canister:111, Disperser Canister: Fish Oil
hbm:disperser_canister:112, Disperser Canister: Sunflower Seed Oil
hbm:disperser_canister:28, Disperser Canister: NITAN© 100 Octane Super Fuel
hbm:disperser_canister:154, Disperser Canister: Deuterated Hydrocarbon
hbm:disperser_canister:35, Disperser Canister: Hydrogen Peroxide
hbm:disperser_canister:75, Disperser Canister: Sulfuric Acid
hbm:disperser_canister:82, Disperser Canister: Nitric Acid
hbm:disperser_canister:83, Disperser Canister: Solvent
hbm:disperser_canister:88, Disperser Canister: High-Performance Solvent
hbm:disperser_canister:32, Disperser Canister: Schrabidic Acid
hbm:disperser_canister:29, Disperser Canister: Uranium Hexafluoride
hbm:disperser_canister:30, Disperser Canister: Plutonium Hexafluoride
hbm:disperser_canister:31, Disperser Canister: Schrabidium Trisulfide
hbm:disperser_canister:131, Disperser Canister: Fullerene Solution
hbm:disperser_canister:108, Disperser Canister: Dissolved Egg
hbm:disperser_canister:109, Disperser Canister: Cholesterol Solution
hbm:disperser_canister:149, Disperser Canister: Sodium Aluminate
hbm:disperser_canister:151, Disperser Canister: Alumina
hbm:disperser_canister:153, Disperser Canister: Liquid Concrete
hbm:disperser_canister:148, Disperser Canister: Lye
hbm:disperser_canister:102, Disperser Canister: Phosgene
hbm:disperser_canister:103, Disperser Canister: Mustard Gas
hbm:disperser_canister:110, Disperser Canister: Estradiol Solution
hbm:disperser_canister:113, Disperser Canister: Nitroglycerin
hbm:disperser_canister:71, Disperser Canister: Ender Juice
hbm:disperser_canister:132, Disperser Canister: Booster Pheromone
hbm:disperser_canister:133, Disperser Canister: Modified Booster Pheromone
hbm:disperser_canister:89, Disperser Canister: Hydrazine
hbm:disperser_canister:1000, Disperser Canister: Custom Fluid Demo
hbm:glyphid_gland_empty, Glyphid's Fluid Gland
hbm:glyphid_gland:75, Sulfuric Acid Gland
hbm:glyphid_gland:132, Booster Pheromone Gland
hbm:detonator, Detonator
hbm:detonator_multi, Multi Detonator
hbm:detonator_laser, Laser Detonator
hbm:detonator_deadman, Dead Man's Detonator
hbm:detonator_de, Dead Man's Explosive
hbm:igniter, Igniter
hbm:chopper, Hunter Chopper
hbm:spawn_worm, Balls-O-Tron Prime
hbm:spawn_ufo, Martian Invasion Ship
hbm:bomb_caller:0, Airstrike Designator
hbm:bomb_caller:1, Airstrike Designator
hbm:bomb_caller:2, Airstrike Designator
hbm:bomb_caller:3, Airstrike Designator
hbm:bomb_caller:4, Airstrike Designator
hbm:crate_caller, Supply Drop Requester
hbm:meteor_remote, Meteorite Remote
hbm:anchor_remote, Recall Device
hbm:hazmat_helmet, Hazmat Helmet
hbm:hazmat_plate, Hazmat Chestplate
hbm:hazmat_legs, Hazmat Leggings
hbm:hazmat_boots, Hazmat Boots
hbm:hazmat_helmet_red, Advanced Hazmat Helmet
hbm:hazmat_plate_red, Advanced Hazmat Chestplate
hbm:hazmat_legs_red, Advanced Hazmat Leggings
hbm:hazmat_boots_red, Advanced Hazmat Boots
hbm:hazmat_helmet_grey, High-Performance Hazmat Helmet
hbm:hazmat_plate_grey, High-Performance Hazmat Chestplate
hbm:hazmat_legs_grey, High-Performance Hazmat Leggings
hbm:hazmat_boots_grey, High-Performance Hazmat Boots
hbm:liquidator_helmet, Liquidator Suit Helmet
hbm:liquidator_plate, Liquidator Suit Chestplate
hbm:liquidator_legs, Liquidator Suit Leggins
hbm:liquidator_boots, Liquidator Suit Boots
hbm:hazmat_paa_helmet, PaA Battle Hazmat Suit Helmet
hbm:hazmat_paa_plate, PaA Battle Hazmat Suit Chestplate
hbm:hazmat_paa_legs, PaA Battle Hazmat Suit Leggings
hbm:hazmat_paa_boots, PaA Battle Hazmat Suit Boots
hbm:paa_plate, PaA Chest Protection Plate
hbm:paa_legs, PaA Leg Reinforcements
hbm:paa_boots, PaA "good ol' shoes"
hbm:australium_iii, Mark III Life Extender
hbm:armor_battery, Power Armor Battery Pack
hbm:armor_battery_mk2, Power Armor Battery Pack Mk2
hbm:armor_battery_mk3, Power Armor Battery Pack Mk3
hbm:asbestos_helmet, Fire Proximity Helmet
hbm:asbestos_plate, Fire Proximity Chestplate
hbm:asbestos_legs, Fire Proximity Leggings
hbm:asbestos_boots, Fire Proximity Boots
hbm:euphemium_helmet, Euphemium Helmet
hbm:euphemium_plate, Euphemium Chestplate
hbm:euphemium_legs, Euphemium Leggings
hbm:euphemium_boots, Euphemium Boots
hbm:jackt, Damn Stylish Ballistic Jacket
hbm:jackt2, Damn Stylish Ballistic Jacket 2: Tokyo Drift
hbm:chainsaw, Chainsaw
hbm:steel_helmet, Steel Helmet
hbm:steel_plate, Steel Chestplate
hbm:steel_legs, Steel Leggings
hbm:steel_boots, Steel Boots
hbm:titanium_helmet, Titanium Helmet
hbm:titanium_plate, Titanium Chestplate
hbm:titanium_legs, Titanium Leggings
hbm:titanium_boots, Titanium Boots
hbm:alloy_helmet, Advanced Alloy Helmet (LEGACY)
hbm:alloy_plate, Advanced Alloy Chestplate (LEGACY)
hbm:alloy_legs, Advanced Alloy Leggings (LEGACY)
hbm:alloy_boots, Advanced Alloy Boots (LEGACY)
hbm:cobalt_helmet, Cobalt Helmet
hbm:cobalt_plate, Cobalt Chestplate
hbm:cobalt_legs, Cobalt Leggings
hbm:cobalt_boots, Cobalt Boots
hbm:security_helmet, Security Helmet
hbm:security_plate, Security Chestplate
hbm:security_legs, Security Leggings
hbm:security_boots, Security Boots
hbm:starmetal_helmet, Starmetal Helmet
hbm:starmetal_plate, Starmetal Chestplate
hbm:starmetal_legs, Starmetal Leggings
hbm:starmetal_boots, Starmetal Boots
hbm:robes_helmet, Casual Hoodie
hbm:robes_plate, Casual Sweater
hbm:robes_legs, Casual Pants
hbm:robes_boots, Field Boots
hbm:zirconium_legs, Zirconium Pants
hbm:dnt_helmet, dinotroniumu helmet
hbm:dnt_plate, dineutrom chestplate
hbm:dnt_legs, dineuterium legs
hbm:dnt_boots, dienautronium boots
hbm:cmb_helmet, CMB Steel Helmet
hbm:cmb_plate, CMB Steel Chestplate
hbm:cmb_legs, CMB Steel Leggings
hbm:cmb_boots, CMB Steel Boots
hbm:schrabidium_helmet, Schrabidium Helmet
hbm:schrabidium_plate, Schrabidium Chestplate
hbm:schrabidium_legs, Schrabidium Leggings
hbm:schrabidium_boots, Schrabidium Boots
hbm:t51_helmet, T-51b Power Armor Helmet
hbm:t51_plate, T-51b Power Armor Chestplate
hbm:t51_legs, T-51b Power Armor Leggings
hbm:t51_boots, T-51b Power Armor Boots
hbm:steamsuit_helmet, Steam Suit Respirator Helmet
hbm:steamsuit_plate, Steam Suit Chestplate
hbm:steamsuit_legs, Steam Suit Leggings
hbm:steamsuit_boots, Steam Suit Boots
hbm:trenchmaster_helmet, Trenchmaster's Helmet
hbm:trenchmaster_plate, Trenchmaster's Chestplate
hbm:trenchmaster_legs, Trenchmaster's Leggings
hbm:trenchmaster_boots, Trenchmaster's Boots
hbm:taurun_helmet, Taurun Helmet
hbm:taurun_plate, Taurun Chestplate
hbm:taurun_legs, Taurun Leggings
hbm:taurun_boots, Taurun Boots
hbm:bismuth_helmet, Bismuth Headdress
hbm:bismuth_plate, Bismuth Shoulderpads, Necklace & Loincloth
hbm:bismuth_legs, Bismuth Kneeguards
hbm:bismuth_boots, Bismuth Sandals
hbm:envsuit_helmet, M1TTY Environment Suit Helmet
hbm:envsuit_plate, M1TTY Environment Suit Chestplate
hbm:envsuit_legs, M1TTY Environment Suit Leggings
hbm:envsuit_boots, M1TTY Environment Suit Boots
hbm:dieselsuit_helmet, Diesel-Powered Head-Mounted Environmental Sensor
hbm:dieselsuit_plate, Diesel-Powered Cybernetics
hbm:dieselsuit_legs, Diesel-Powered Leg Servos
hbm:dieselsuit_boots, Diesel-Powered High Heels
hbm:ajr_helmet, Steel Ranger Helmet
hbm:ajr_plate, Steel Ranger Chestplate
hbm:ajr_legs, Steel Ranger Leggings
hbm:ajr_boots, Steel Ranger Boots
hbm:ajro_helmet, AJR Power Armor Helmet
hbm:ajro_plate, AJR Power Armor Chestplate
hbm:ajro_legs, AJR Power Armor Leggings
hbm:ajro_boots, AJR Power Armor Boots
hbm:hev_helmet, HEV Mark IV Helmet
hbm:hev_plate, HEV Mark IV Chestplate
hbm:hev_legs, HEV Mark IV Leggings
hbm:hev_boots, HEV Mark IV Boots
hbm:bj_helmet, Eyepatch with Thermal Sensor
hbm:bj_plate, Lunar Cybernetic Plating
hbm:bj_plate_jetpack, Lunar Cybernetic Plating (Winged)
hbm:bj_legs, Lunar Cybernetic Leg Replacements
hbm:bj_boots, Lunar Studded Boots
hbm:rpa_helmet, Remnants Power Armor Helmet
hbm:rpa_plate, Remnants Power Armor Chestplate
hbm:rpa_legs, Remnants Power Armor Leggings
hbm:rpa_boots, Remnants Power Armor Boots
hbm:ncrpa_helmet, NCR Ranger Power Armor Helmet
hbm:ncrpa_plate, NCR Ranger Power Armor Chestplate
hbm:ncrpa_legs, NCR Ranger Power Armor Leggings
hbm:ncrpa_boots, NCR Ranger Power Armor Boots
hbm:fau_helmet, Fau Helmet
hbm:fau_plate, Fau Chestplate
hbm:fau_legs, Fau Leggins
hbm:fau_boots, Fau Boots
hbm:dns_helmet, DNT Nano Suit Helmet
hbm:dns_plate, DNT Nano Suit Chestplate
hbm:dns_legs, DNT Nano Suit Leggings
hbm:dns_boots, DNT Nano Suit Boots
hbm:goggles, Protection Goggles
hbm:ashglasses, Ash Goggles
hbm:mask_rag, Crude Protective Mask
hbm:mask_damp, Crude Protective Mask
hbm:mask_piss, Trench Mask
hbm:gas_mask, Gas Mask
hbm:gas_mask_m65, M65-Z Gas Mask
hbm:gas_mask_mono, Half Mask
hbm:gas_mask_olde, Leather Gas Mask
hbm:nossy_hat, Fabulous Hat
hbm:no9, Mining Helmet
hbm:beta, Beta Features
hbm:jetpack_fly, Jetpack
hbm:jetpack_break, Builder's Jetpack
hbm:jetpack_vector, Vectored Jetpack
hbm:jetpack_boost, Boostpack
hbm:jetpack_glider, Glider Jetpack
hbm:wings_murk, Murky Wings
hbm:wings_limp, Limp Wings
hbm:cape_radiation, Cape (Radiation)
hbm:cape_gasmask, Cape (Gas Mask)
hbm:cape_schrabidium, Cape (Schrabidic)
hbm:schrabidium_hammer, Schrabidium Hammer
hbm:shimmer_sledge, Shimmer Sledge
hbm:shimmer_axe, Shimmer Axe
hbm:ullapool_caber, Ullapool Caber
hbm:euphemium_stopper, Stopper
hbm:matchstick, Matchstick
hbm:balefire_and_steel, Balefire and Steel
hbm:wrench, Pipe Wrench
hbm:wrench_flipped, Blade on a Wrench
hbm:memespoon, §eMarket Gardener
hbm:wood_gavel, Wooden Gavel
hbm:lead_gavel, Leaden Gavel
hbm:diamond_gavel, Diamond Gavel
hbm:multitool_hit, Power Fist (Fist)
hbm:multitool_dig, Power Fist (Digging Claw)
hbm:multitool_silk, Power Fist (Silk Touch Claw)
hbm:multitool_ext, Power Fist (Ore Extractor)
hbm:multitool_miner, Power Fist (Extracting Mining Laser)
hbm:multitool_beam, Power Fist (Zapper)
hbm:multitool_sky, Power Fist (Crack the Sky)
hbm:multitool_mega, Power Fist (Super Punch)
hbm:multitool_joule, Power Fist (Giga Joule)
hbm:multitool_decon, Power Fist (Decontaminator)
hbm:gun_b92, §9B92 Energy Pistol§r
hbm:gun_b93, §cB93 Energy Mod§r
hbm:gun_supershotgun, Super Shotgun
hbm:gun_jshotgun, Occult Shotgun
hbm:gun_vortex, Vortex
hbm:gun_egon, Gluon Gun
hbm:gun_moist_nugget, Mosin-Nagant
hbm:crucible, Crucible
hbm:stick_dynamite, Stick of Dynamite
hbm:stick_dynamite_fishing, Stick of Fishing Dynamite
hbm:stick_tnt, Stick of TNT
hbm:stick_semtex, Stick of Semtex
hbm:stick_c4, Stick of C-4
hbm:ingot_steel, Steel Ingot
hbm:ingot_titanium, Titanium Ingot
hbm:ingot_copper, Industrial Grade Copper Ingot
hbm:ingot_red_copper, Minecraft Grade Copper Ingot
hbm:ingot_tungsten, Tungsten Ingot
hbm:ingot_aluminium, Aluminium Ingot
hbm:ingot_beryllium, Beryllium Ingot
hbm:ingot_lead, Lead Ingot
hbm:ingot_asbestos, Asbestos Sheet
hbm:ingot_magnetized_tungsten, Magnetized Tungsten Ingot
hbm:ingot_combine_steel, CMB Steel Ingot
hbm:ingot_dura_steel, High-Speed Steel Ingot
hbm:ingot_technetium, Technetium-99 Ingot
hbm:ingot_tcalloy, Technetium Steel Ingot
hbm:ingot_cdalloy, Cadmium Steel Ingot
hbm:ingot_polymer, Polymer Bar
hbm:ingot_bakelite, Bakelite Bar
hbm:ingot_rubber, Rubber Bar
hbm:ingot_biorubber, Latex Bar
hbm:ingot_pc, Hard Plastic Bar
hbm:ingot_pvc, PVC Bar
hbm:ingot_desh, Desh Ingot
hbm:ingot_saturnite, Saturnite Ingot
hbm:ingot_ferrouranium, Ferrouranium Ingot
hbm:ingot_starmetal, §9Starmetal Ingot§r
hbm:ingot_osmiridium, Osmiridium Ingot
hbm:ingot_euphemium, Euphemium Ingot
hbm:ingot_dineutronium, Dineutronium Ingot
hbm:ingot_cadmium, Cadmium Ingot
hbm:ingot_bismuth, Bismuth Ingot
hbm:ingot_arsenic, Arsenic Ingot
hbm:ingot_zirconium, Zirconium Cube
hbm:ingot_bismuth_bronze, Bismuth Bronze Ingot
hbm:ingot_arsenic_bronze, Arsenic Bronze Ingot
hbm:ingot_bscco, BSCCO Ingot
hbm:ingot_calcium, Calcium Ingot
hbm:ingot_silicon, Silicon Boule
hbm:ingot_gunmetal, Gunmetal Ingot
hbm:ingot_weaponsteel, Weapon Steel Ingot
hbm:ingot_cft, Crystalline Fullerite
hbm:ingot_th232, Thorium-232 Ingot
hbm:ingot_uranium, Uranium Ingot
hbm:ingot_u233, Uranium-233 Ingot
hbm:ingot_u235, Uranium-235 Ingot
hbm:ingot_u238, Uranium-238 Ingot
hbm:ingot_u238m2:0, Metastable Uranium-238M2 Ingot
hbm:ingot_plutonium, Plutonium Ingot
hbm:ingot_pu238, Plutonium-238 Ingot
hbm:ingot_pu239, Plutonium-239 Ingot
hbm:ingot_pu240, Plutonium-240 Ingot
hbm:ingot_pu241, Plutonium-241 Ingot
hbm:ingot_pu_mix, Reactor Grade Plutonium Ingot
hbm:ingot_am241, Americium-241 Ingot
hbm:ingot_am242, Americium-242 Ingot
hbm:ingot_am_mix, Reactor Grade Americium Ingot
hbm:ingot_schraranium, Schraranium Ingot
hbm:ingot_schrabidium, Schrabidium Ingot
hbm:ingot_schrabidate, Ferric Schrabidate Ingot
hbm:ingot_solinium, Solinium Ingot
hbm:ingot_mud, Solid Mud Brick
hbm:ingot_thorium_fuel, Ingot of Thorium Fuel
hbm:ingot_uranium_fuel, Ingot of Uranium Fuel
hbm:ingot_mox_fuel, Ingot of MOX Fuel
hbm:ingot_plutonium_fuel, Ingot of Plutonium Fuel
hbm:ingot_neptunium_fuel, Neptunium Fuel Ingot
hbm:ingot_americium_fuel, Ingot of Americium Fuel
hbm:ingot_les, Low Enriched Schrabidium Fuel Ingot
hbm:ingot_schrabidium_fuel, Ingot of Schrabidium Fuel
hbm:ingot_hes, Highly Enriched Schrabidium Fuel Ingot
hbm:ingot_neptunium, Neptunium Ingot
hbm:ingot_tennessine, Tennessine-294 Ingot
hbm:ingot_polonium, Polonium-210 Ingot
hbm:ingot_phosphorus, Bar of White Phosphorus
hbm:ingot_boron, Boron Ingot
hbm:ingot_graphite, Graphite Ingot
hbm:ingot_fiberglass, Fiberglass Bar
hbm:ingot_smore, S'more Ingot
hbm:ingot_niobium, Niobium Ingot
hbm:ingot_actinium, Actinium-227 Ingot
hbm:ingot_bromine, Bromine Ingot
hbm:ingot_caesium, Caesium Ingot
hbm:ingot_cerium, Cerium Ingot
hbm:ingot_lanthanium, Semi-Stable Lanthanium Ingot
hbm:ingot_tantalium, Tantalium Ingot
hbm:ingot_astatine, Astatine Ingot
hbm:ingot_firebrick, Firebrick
hbm:ingot_cobalt, Cobalt Ingot
hbm:ingot_co60, Cobalt-60 Ingot
hbm:ingot_sr90, Strontium-90 Ingot
hbm:ingot_iodine, Iodine Ingot
hbm:ingot_i131, Iodine-131 Ingot
hbm:ingot_au198, Gold-198 Ingot
hbm:ingot_pb209, Lead-209 Ingot
hbm:ingot_ra226, Radium-226 Ingot
hbm:ingot_gh336, Ghiorsium-336 Ingot
hbm:ingot_electronium:0, Electronium Ingot
hbm:ingot_reiium, Reiium Ingot
hbm:ingot_weidanium, Weidanium Ingot
hbm:ingot_australium, Australium Ingot
hbm:ingot_verticium, Verticium Ingot
hbm:ingot_unobtainium, Unobtainium Ingot
hbm:ingot_daffergon, Daffergon Ingot
hbm:ingot_steel_dusted:0, Dusted Steel Ingot
hbm:ingot_chainsteel, Heavy Chainsteel
hbm:ingot_meteorite, Meteorite Ingot
hbm:ingot_meteorite_forged, Forged Meteorite Ingot
hbm:blade_meteorite, Meteorite Blade
hbm:billet_cobalt, Cobalt Billet
hbm:billet_silicon, Silicon Wafer
hbm:billet_th232, Thorium-232 Billet
hbm:billet_uranium, Uranium Billet
hbm:billet_u233, Uranium-233 Billet
hbm:billet_u235, Uranium-235 Billet
hbm:billet_u238, Uranium-238 Billet
hbm:billet_uzh, Uranium Zirconium Hydride Billet
hbm:billet_plutonium, Plutonium Billet
hbm:billet_pu238, Plutonium-238 Billet
hbm:billet_pu239, Plutonium-239 Billet
hbm:billet_pu240, Plutonium-240 Billet
hbm:billet_pu241, Plutonium-241 Billet
hbm:billet_pu_mix, Reactor Grade Plutonium Billet
hbm:billet_am241, Americium-241 Billet
hbm:billet_am242, Americium-242 Billet
hbm:billet_am_mix, Reactor Grade Americium Billet
hbm:billet_neptunium, Neptunium Billet
hbm:billet_polonium, Polonium-210 Billet
hbm:billet_technetium, Technetium-99 Billet
hbm:billet_co60, Cobalt-60 Billet
hbm:billet_sr90, Strontium-90 Billet
hbm:billet_au198, Gold-198 Billet
hbm:billet_pb209, Lead-209 Billet
hbm:billet_ra226, Radium-226 Billet
hbm:billet_actinium, Actinium-227 Billet
hbm:billet_gh336, Ghiorsium-336 Billet
hbm:billet_beryllium, Beryllium Billet
hbm:billet_bismuth, Bismuth Billet
hbm:billet_zirconium, Zirconium Billet
hbm:billet_zfb_bismuth, Bismuth ZFB Billet
hbm:billet_zfb_pu241, Pu-241 ZFB Billet
hbm:billet_zfb_am_mix, Reactor Grade Americium ZFB Billet
hbm:billet_schrabidium, Schrabidium Billet
hbm:billet_solinium, Solinium Billet
hbm:billet_thorium_fuel, Thorium Fuel Billet
hbm:billet_uranium_fuel, Uranium Fuel Billet
hbm:billet_mox_fuel, MOX Fuel Billet
hbm:billet_plutonium_fuel, Plutonium Fuel Billet
hbm:billet_neptunium_fuel, Neptunium Fuel Billet
hbm:billet_americium_fuel, Americium Fuel Billet
hbm:billet_les, Low Enriched Schrabidium Fuel Billet
hbm:billet_schrabidium_fuel, Schrabidium Fuel Billet
hbm:billet_hes, Highly Enriched Schrabidium Fuel Billet
hbm:billet_po210be, Po210Be Billet
hbm:billet_ra226be, Ra226Be Billet
hbm:billet_pu238be, Pu238Be Billet
hbm:billet_australium, Australium Billet
hbm:billet_australium_lesser, Lesser Australium Billet
hbm:billet_australium_greater, Greater Australium Billet
hbm:billet_unobtainium, Unobtainium Neutron Billet
hbm:billet_yharonite, Yharonite Billet
hbm:billet_balefire_gold, Flashgold Billet
hbm:billet_flashlead, Flashlead Billet
hbm:billet_nuclear_waste, Nuclear Waste Billet
hbm:bio_wafer, Algae Wafer
hbm:nugget_uranium, Uranium Nugget
hbm:nugget_u233, Uranium-233 Nugget
hbm:nugget_u235, Uranium-235 Nugget
hbm:nugget_u238, Uranium-238 Nugget
hbm:nugget_u238m2:0, Metastable U238-2 Nugget
hbm:nugget_plutonium, Plutonium Nugget
hbm:nugget_pu238, Plutonium-238 Nugget
hbm:nugget_pu239, Plutonium-239 Nugget
hbm:nugget_pu240, Plutonium-240 Nugget
hbm:nugget_th232, Thorium-232 Nugget
hbm:nugget_pu241, Plutonium-241 Nugget
hbm:nugget_pu_mix, Reactor Grade Plutonium Nugget
hbm:nugget_am241, Americium-241 Nugget
hbm:nugget_am242, Americium-242 Nugget
hbm:nugget_am_mix, Reactor Grade Americium Nugget
hbm:nugget_technetium, Technetium-99 Nugget
hbm:nugget_neptunium, Neptunium Nugget
hbm:nugget_polonium, Polonium-210 Nugget
hbm:nugget_thorium_fuel, Nugget of Thorium Fuel
hbm:nugget_uranium_fuel, Nugget of Uranium Fuel
hbm:nugget_mox_fuel, Nugget of MOX Fuel
hbm:nugget_plutonium_fuel, Nugget of Plutonium Fuel
hbm:nugget_neptunium_fuel, Neptunium Fuel Nugget
hbm:nugget_americium_fuel, Americium Fuel Nugget
hbm:nugget_les, Low Enriched Schrabidium Fuel Nugget
hbm:nugget_schrabidium_fuel, Nugget of Schrabidium Fuel
hbm:nugget_hes, Highly Enriched Schrabidium Fuel Nugget
hbm:nugget_lead, Lead Nugget
hbm:nugget_beryllium, Beryllium Nugget
hbm:nugget_cadmium, Cadmium Nugget
hbm:nugget_bismuth, Bismuth Nugget
hbm:nugget_arsenic, Arsenic Nugget
hbm:nugget_zirconium, Zirconium Splinter
hbm:nugget_tantalium, Tantalium Nugget
hbm:nugget_desh, Desh Nugget
hbm:nugget_osmiridium, Osmiridium Nugget
hbm:nugget_schrabidium, Schrabidium Nugget
hbm:nugget_solinium, Solinium Nugget
hbm:nugget_euphemium, Euphemium Nugget
hbm:nugget_dineutronium, Dineutronium Nugget
hbm:nugget_niobium, Niobium Nugget
hbm:nugget_silicon, Silicon Nugget
hbm:nugget_actinium, Actinium-227 Nugget
hbm:nugget_cobalt, Cobalt Nugget
hbm:nugget_co60, Cobalt-60 Nugget
hbm:nugget_strontium, Strontium Nugget
hbm:nugget_sr90, Strontium-90 Nugget
hbm:nugget_pb209, Lead-209 Nugget
hbm:nugget_gh336, Ghiorsium-336 Nugget
hbm:nugget_au198, Gold-198 Nugget
hbm:nugget_ra226, Radium-226 Nugget
hbm:nugget_reiium, Reiium Nugget
hbm:nugget_weidanium, Weidanium Nugget
hbm:nugget_australium, Australium Nugget
hbm:nugget_australium_lesser, Lesser Australium Nugget
hbm:nugget_australium_greater, Greater Australium Nugget
hbm:nugget_verticium, Verticium Nugget
hbm:nugget_unobtainium, Unobtainium Nugget
hbm:nugget_unobtainium_lesser, Unobtainium-439 Nugget
hbm:nugget_unobtainium_greater, Unobtainium-440 Nugget
hbm:nugget_daffergon, Daffergon Nugget
hbm:nugget_mercury, Drop of Mercury
hbm:nugget_mercury_tiny, Tiny Drop of Mercury
hbm:bottle_mercury, Bottle of Mercury
hbm:powder_iron, Iron Powder
hbm:powder_gold, Gold Powder
hbm:powder_diamond, Diamond Powder
hbm:powder_emerald, Emerald Powder
hbm:powder_lapis, Lapis Lazuli Powder
hbm:powder_titanium, Titanium Powder
hbm:powder_tungsten, Tungsten Powder
hbm:powder_sodium, Sodium
hbm:powder_chlorocalcite, Chlorocalcite
hbm:powder_molysite, Molysite
hbm:powder_copper, Copper Powder
hbm:powder_beryllium, Beryllium Powder
hbm:powder_aluminium, Aluminium Powder
hbm:powder_lead, Lead Powder
hbm:powder_combine_steel, CMB Steel Powder
hbm:powder_tcalloy, Technetium Steel Powder
hbm:powder_cdalloy, Cadmium Steel Powder
hbm:powder_magnetized_tungsten, Magnetized Tungsten Powder
hbm:powder_chlorophyte, Chlorophyte Powder
hbm:powder_red_copper, Red Copper Powder
hbm:powder_steel, Steel Powder
hbm:powder_steel_tiny, Tiny Pile of Steel Powder
hbm:powder_lithium, Lithium Powder
hbm:powder_lithium_tiny, Tiny Pile of Lithium Powder
hbm:redstone_depleted, Desaturated Redstone Dust
hbm:powder_quartz, Quartz Powder
hbm:powder_borax, Borax
hbm:powder_dura_steel, High-Speed Steel Powder
hbm:powder_polymer, Polymer Powder
hbm:powder_bakelite, Bakelite Powder
hbm:powder_lanthanium, Lanthanium Powder
hbm:powder_lanthanium_tiny, Tiny Pile of Lanthanium Powder
hbm:powder_actinium, Actinium Powder
hbm:powder_actinium_tiny, Tiny Pile of Actinium Powder
hbm:powder_boron, Boron Powder
hbm:powder_boron_tiny, Tiny Pile of Boron Powder
hbm:powder_semtex_mix, Semtex Blend
hbm:powder_desh, Desh Powder
hbm:powder_zirconium, Zirconium Powder
hbm:powder_lignite, Lignite Powder
hbm:powder_asbestos, Asbestos Powder
hbm:powder_cadmium, Cadmium Powder
hbm:powder_bismuth, Bismuth Powder
hbm:powder_coal, Coal Powder
hbm:powder_coal_tiny, Tiny Pile of Coal Powder
hbm:powder_yellowcake, Yellowcake
hbm:powder_thorium, Thorium Powder
hbm:powder_uranium, Uranium Powder
hbm:powder_plutonium, Plutonium Powder
hbm:powder_neptunium, Neptunium Powder
hbm:powder_polonium, Polonium-210 Powder
hbm:powder_schrabidium, Schrabidium Powder
hbm:powder_schrabidate, Ferric Schrabidate Powder
hbm:powder_euphemium, Euphemium Powder
hbm:powder_dineutronium, Dineutronium Powder
hbm:powder_iodine, Iodine Powder
hbm:powder_iodine_tiny, Tiny Pile of Iodine Powder
hbm:powder_astatine, Astatine Powder
hbm:powder_neodymium, Neodymium Powder
hbm:powder_neodymium_tiny, Tiny Pile of Neodymium Powder
hbm:powder_caesium, Caesium Powder
hbm:powder_reiium, Reiium Powder
hbm:powder_weidanium, Weidanium Powder
hbm:powder_australium, Australium Powder
hbm:powder_verticium, Verticium Powder
hbm:powder_unobtainium, Unobtainium Powder
hbm:powder_daffergon, Daffergon Powder
hbm:powder_strontium, Strontium Powder
hbm:powder_cobalt, Cobalt Powder
hbm:powder_cobalt_tiny, Tiny Pile of Cobalt Powder
hbm:powder_bromine, Bromine Powder
hbm:powder_niobium, Niobium Powder
hbm:powder_niobium_tiny, Tiny Pile of Niobium Powder
hbm:powder_tantalium, Tantalium Powder
hbm:powder_tennessine, Tennessine Powder
hbm:powder_cerium, Cerium Powder
hbm:powder_cerium_tiny, Tiny Pile of Cerium Powder
hbm:powder_calcium, Calcium Powder
hbm:powder_ice, Cryo Powder
hbm:powder_limestone, Limestone Powder
hbm:powder_desh_mix, Desh Blend
hbm:powder_desh_ready, DeshReady™ Blend
hbm:powder_nitan_mix, Nitanium Blend
hbm:powder_spark_mix, Spark Blend
hbm:powder_fire, Red Phosphorus
hbm:powder_meteorite, Meteorite Powder
hbm:powder_meteorite_tiny, Tiny Pile of Meteorite Powder
hbm:powder_flux, Flux
hbm:powder_fertilizer, Industrial Fertilizer
hbm:powder_tektite, Tektite Powder
hbm:powder_paleogenite_tiny, Tiny Pile of Paleogenite Powder
hbm:powder_paleogenite, Paleogenite Powder
hbm:powder_impure_osmiridium, Impure Osmiridium Powder
hbm:powder_osmiridium, Osmiridium Powder
hbm:powder_magic, Pulverized Enchantment
hbm:powder_cloud, Cloud Residue
hbm:powder_balefire, Thermonuclear Ashes
hbm:powder_sawdust, Sawdust
hbm:powder_coltan_ore, Crushed Coltan
hbm:powder_coltan, Purified Tantalite
hbm:powder_poison, Poison Powder
hbm:powder_thermite, Thermite
hbm:powder_power, Energy Powder
hbm:powder_co60, Cobalt-60 Powder
hbm:powder_co60_tiny, Tiny Pile of Cobalt-60 Powder
hbm:powder_sr90, Strontium-90 Powder
hbm:powder_sr90_tiny, Tiny Pile of Strontium-90 Powder
hbm:powder_at209, Astatine-209 Powder
hbm:powder_at209_tiny, Tiny Pile of Astatine-209 Powder
hbm:powder_pb209, Lead-209 Powder
hbm:powder_pb209_tiny, Tiny Pile of Lead-209 Powder
hbm:powder_i131, Iodine-131 Powder
hbm:powder_i131_tiny, Tiny Pile of Iodine-131 Powder
hbm:powder_cs137, Caesium-137 Powder
hbm:powder_cs137_tiny, Tiny Pile of Caesium-137 Powder
hbm:powder_xe135, Xenon-135 Powder
hbm:powder_xe135_tiny, Tiny Pile of Xenon-135 Powder
hbm:powder_au198, Gold-198 Powder
hbm:powder_au198_tiny, Tiny Pile of Gold-198 Powder
hbm:powder_ra226, Radium-226 Powder
hbm:sulfur, Sulfur
hbm:nitra, Nitra
hbm:nitra_small, Small Pile of Nitra
hbm:niter, Niter
hbm:fluorite, Fluorite
hbm:lithium, Lithium Cube
hbm:ingot_semtex, Bar of Semtex
hbm:ingot_c4, Bar of Composition C-4
hbm:trinitite, Trinitite
hbm:nuclear_waste_long:0, Long-Lived Nuclear Waste
hbm:nuclear_waste_long:1, Long-Lived Nuclear Waste
hbm:nuclear_waste_long:2, Long-Lived Nuclear Waste
hbm:nuclear_waste_long:3, Long-Lived Nuclear Waste
hbm:nuclear_waste_long:4, Long-Lived Nuclear Waste
hbm:nuclear_waste_long_tiny:0, Tiny Pile of Long-Lived Nuclear Waste
hbm:nuclear_waste_long_tiny:1, Tiny Pile of Long-Lived Nuclear Waste
hbm:nuclear_waste_long_tiny:2, Tiny Pile of Long-Lived Nuclear Waste
hbm:nuclear_waste_long_tiny:3, Tiny Pile of Long-Lived Nuclear Waste
hbm:nuclear_waste_long_tiny:4, Tiny Pile of Long-Lived Nuclear Waste
hbm:nuclear_waste_short:0, Short-Lived Nuclear Waste
hbm:nuclear_waste_short:1, Short-Lived Nuclear Waste
hbm:nuclear_waste_short:2, Short-Lived Nuclear Waste
hbm:nuclear_waste_short:3, Short-Lived Nuclear Waste
hbm:nuclear_waste_short:4, Short-Lived Nuclear Waste
hbm:nuclear_waste_short:5, Short-Lived Nuclear Waste
hbm:nuclear_waste_short:6, Short-Lived Nuclear Waste
hbm:nuclear_waste_short:7, Short-Lived Nuclear Waste
hbm:nuclear_waste_short_tiny:0, Tiny Pile of Short-Lived Nuclear Waste
hbm:nuclear_waste_short_tiny:1, Tiny Pile of Short-Lived Nuclear Waste
hbm:nuclear_waste_short_tiny:2, Tiny Pile of Short-Lived Nuclear Waste
hbm:nuclear_waste_short_tiny:3, Tiny Pile of Short-Lived Nuclear Waste
hbm:nuclear_waste_short_tiny:4, Tiny Pile of Short-Lived Nuclear Waste
hbm:nuclear_waste_short_tiny:5, Tiny Pile of Short-Lived Nuclear Waste
hbm:nuclear_waste_short_tiny:6, Tiny Pile of Short-Lived Nuclear Waste
hbm:nuclear_waste_short_tiny:7, Tiny Pile of Short-Lived Nuclear Waste
hbm:nuclear_waste_long_depleted:0, Decayed Long-Lived Nuclear Waste
hbm:nuclear_waste_long_depleted:1, Decayed Long-Lived Nuclear Waste
hbm:nuclear_waste_long_depleted:2, Decayed Long-Lived Nuclear Waste
hbm:nuclear_waste_long_depleted:3, Decayed Long-Lived Nuclear Waste
hbm:nuclear_waste_long_depleted:4, Decayed Long-Lived Nuclear Waste
hbm:nuclear_waste_long_depleted_tiny:0, Tiny Pile of Decayed Long-Lived Nuclear Waste
hbm:nuclear_waste_long_depleted_tiny:1, Tiny Pile of Decayed Long-Lived Nuclear Waste
hbm:nuclear_waste_long_depleted_tiny:2, Tiny Pile of Decayed Long-Lived Nuclear Waste
hbm:nuclear_waste_long_depleted_tiny:3, Tiny Pile of Decayed Long-Lived Nuclear Waste
hbm:nuclear_waste_long_depleted_tiny:4, Tiny Pile of Decayed Long-Lived Nuclear Waste
hbm:nuclear_waste_short_depleted:0, Decayed Short-Lived Nuclear Waste
hbm:nuclear_waste_short_depleted:1, Decayed Short-Lived Nuclear Waste
hbm:nuclear_waste_short_depleted:2, Decayed Short-Lived Nuclear Waste
hbm:nuclear_waste_short_depleted:3, Decayed Short-Lived Nuclear Waste
hbm:nuclear_waste_short_depleted:4, Decayed Short-Lived Nuclear Waste
hbm:nuclear_waste_short_depleted:5, Decayed Short-Lived Nuclear Waste
hbm:nuclear_waste_short_depleted:6, Decayed Short-Lived Nuclear Waste
hbm:nuclear_waste_short_depleted:7, Decayed Short-Lived Nuclear Waste
hbm:nuclear_waste_short_depleted_tiny:0, Tiny Pile of Decayed Short-Lived Nuclear Waste
hbm:nuclear_waste_short_depleted_tiny:1, Tiny Pile of Decayed Short-Lived Nuclear Waste
hbm:nuclear_waste_short_depleted_tiny:2, Tiny Pile of Decayed Short-Lived Nuclear Waste
hbm:nuclear_waste_short_depleted_tiny:3, Tiny Pile of Decayed Short-Lived Nuclear Waste
hbm:nuclear_waste_short_depleted_tiny:4, Tiny Pile of Decayed Short-Lived Nuclear Waste
hbm:nuclear_waste_short_depleted_tiny:5, Tiny Pile of Decayed Short-Lived Nuclear Waste
hbm:nuclear_waste_short_depleted_tiny:6, Tiny Pile of Decayed Short-Lived Nuclear Waste
hbm:nuclear_waste_short_depleted_tiny:7, Tiny Pile of Decayed Short-Lived Nuclear Waste
hbm:nuclear_waste, Nuclear Waste
hbm:nuclear_waste_tiny, Tiny Pile of Nuclear Waste
hbm:nuclear_waste_vitrified, Vitrified Nuclear Waste
hbm:nuclear_waste_vitrified_tiny, Tiny Pile of Vitrified Nuclear Waste
hbm:scrap_plastic, Plastic Scraps
hbm:scrap, Scrap
hbm:scrap_oil, Oily Scraps
hbm:scrap_nuclear, Radioactive Scraps
hbm:dust, Dust
hbm:dust_tiny, Tiny Pile of Dust
hbm:falloutitem, Pile of Fallout
hbm:containment_box, Containment Box
hbm:plastic_bag, Plastic Bag
hbm:ammo_bag, Ammo Bag
hbm:ammo_bag_infinite, Infinite Ammo Bag
hbm:casing_bag, Bullet Casing Bag
hbm:tritium_deuterium_cake, Tritium-Deuterium-Cake
hbm:pile_rod_uranium, Chicago Pile Uranium Rod
hbm:pile_rod_pu239, Chicago Pile Bred Uranium Rod
hbm:pile_rod_plutonium, Chicago Pile Plutonium Rod
hbm:pile_rod_source, Chicago Pile Ra226Be Neutron Source
hbm:pile_rod_boron, Chicago Pile Control Rod
hbm:pile_rod_lithium, Chicago Pile Lithium Cell
hbm:pile_rod_detector, Chicago Pile Control & Detector Rod
hbm:rod_empty, Empty Rod
hbm:rod_dual_empty, Empty Dual Rod
hbm:rod_quad_empty, Empty Quad Rod
hbm:rod_zirnox_empty, Empty ZIRNOX Rod
hbm:rod_zirnox_tritium, ZIRNOX Tritium Rod
hbm:rod_zirnox:0, ZIRNOX Natural Uranium Fuel Rod
hbm:rod_zirnox:1, ZIRNOX Uranium Fuel Rod
hbm:rod_zirnox:2, ZIRNOX Thorium-232 Rod
hbm:rod_zirnox:3, ZIRNOX Thorium Fuel Rod
hbm:rod_zirnox:4, ZIRNOX MOX Fuel Rod
hbm:rod_zirnox:5, ZIRNOX Plutonium Fuel Rod
hbm:rod_zirnox:6, ZIRNOX Uranium-233 Fuel Rod
hbm:rod_zirnox:7, ZIRNOX Uranium-235 Fuel Rod
hbm:rod_zirnox:8, ZIRNOX LES Fuel Rod
hbm:rod_zirnox:9, ZIRNOX Lithium Rod
hbm:rod_zirnox:10, ZIRNOX ZFB MOX Fuel Rod
hbm:rod_zirnox_depleted:0, Depleted ZIRNOX Natural Uranium Fuel Rod
hbm:rod_zirnox_depleted:1, Depleted ZIRNOX Uranium Fuel Rod
hbm:rod_zirnox_depleted:2, Depleted ZIRNOX Thorium Fuel Rod
hbm:rod_zirnox_depleted:3, Depleted ZIRNOX MOX Fuel Rod
hbm:rod_zirnox_depleted:4, Depleted ZIRNOX Plutonium Fuel Rod
hbm:rod_zirnox_depleted:5, Depleted ZIRNOX Uranium-233 Fuel Rod
hbm:rod_zirnox_depleted:6, Depleted ZIRNOX Uranium-235 Fuel Rod
hbm:rod_zirnox_depleted:7, Depleted ZIRNOX LES Fuel Rod
hbm:rod_zirnox_depleted:8, Depleted ZIRNOX ZFB MOX Fuel Rod
hbm:waste_natural_uranium:0, Depleted Natural Uranium Fuel
hbm:waste_natural_uranium:1, Depleted Natural Uranium Fuel
hbm:waste_uranium:0, Depleted Uranium Fuel
hbm:waste_uranium:1, Depleted Uranium Fuel
hbm:waste_thorium:0, Depleted Thorium Fuel
hbm:waste_thorium:1, Depleted Thorium Fuel
hbm:waste_mox:0, Depleted MOX Fuel
hbm:waste_mox:1, Depleted MOX Fuel
hbm:waste_plutonium:0, Depleted Plutonium Fuel
hbm:waste_plutonium:1, Depleted Plutonium Fuel
hbm:waste_u233:0, Depleted Uranium-233 Fuel
hbm:waste_u233:1, Depleted Uranium-233 Fuel
hbm:waste_u235:0, Depleted Uranium-235 Fuel
hbm:waste_u235:1, Depleted Uranium-235 Fuel
hbm:waste_schrabidium:0, Depleted Schrabidium Fuel
hbm:waste_schrabidium:1, Depleted Schrabidium Fuel
hbm:waste_zfb_mox:0, Depleted ZFB MOX Fuel
hbm:waste_zfb_mox:1, Depleted ZFB MOX Fuel
hbm:waste_plate_u233:0, Depleted HEU-233 Plate Fuel
hbm:waste_plate_u233:1, Depleted HEU-233 Plate Fuel
hbm:waste_plate_u235:0, Depleted HEU-235 Plate Fuel
hbm:waste_plate_u235:1, Depleted HEU-235 Plate Fuel
hbm:waste_plate_mox:0, Depleted MOX Plate Fuel
hbm:waste_plate_mox:1, Depleted MOX Plate Fuel
hbm:waste_plate_pu239:0, Depleted HEP-239 Plate Fuel
hbm:waste_plate_pu239:1, Depleted HEP-239 Plate Fuel
hbm:waste_plate_sa326:0, Depleted HES-326 Plate Fuel
hbm:waste_plate_sa326:1, Depleted HES-326 Plate Fuel
hbm:waste_plate_ra226be:0, Depleted Ra226Be Plate Fuel
hbm:waste_plate_ra226be:1, Depleted Ra226Be Plate Fuel
hbm:waste_plate_pu238be:0, Depleted Pu238Be Plate Fuel
hbm:waste_plate_pu238be:1, Depleted Pu238Be Plate Fuel
hbm:plate_fuel_u233, HEU-233 Plate Fuel
hbm:plate_fuel_u235, HEU-235 Plate Fuel
hbm:plate_fuel_mox, MOX Plate Fuel
hbm:plate_fuel_pu239, HEP-239 Plate Fuel
hbm:plate_fuel_sa326, HES-326 Plate Fuel
hbm:plate_fuel_ra226be, Ra226Be Plate Fuel
hbm:plate_fuel_pu238be, Pu238Be Plate Fuel
hbm:pwr_fuel:0, MEU PWR Fuel Rod
hbm:pwr_fuel:1, HEU-233 PWR Fuel Rod
hbm:pwr_fuel:2, HEU-235 PWR Fuel Rod
hbm:pwr_fuel:3, MEN PWR Fuel Rod
hbm:pwr_fuel:4, HEN-237 PWR Fuel Rod
hbm:pwr_fuel:5, MOX PWR Fuel Rod
hbm:pwr_fuel:6, MEP PWR Fuel Rod
hbm:pwr_fuel:7, HEP-239 PWR Fuel Rod
hbm:pwr_fuel:8, HEP-241 PWR Fuel Rod
hbm:pwr_fuel:9, MEA PWR Fuel Rod
hbm:pwr_fuel:10, HEA-242 PWR Fuel Rod
hbm:pwr_fuel:11, HES-326 PWR Fuel Rod
hbm:pwr_fuel:12, HES-327 PWR Fuel Rod
hbm:pwr_fuel:13, Fuel Grade Americium PWR BFB Rod
hbm:pwr_fuel:14, Plutonium-241 PWR BFB Rod
hbm:pwr_fuel_hot:0, Hot MEU PWR Fuel Rod
hbm:pwr_fuel_hot:1, Hot HEU-233 PWR Fuel Rod
hbm:pwr_fuel_hot:2, Hot HEU-235 PWR Fuel Rod
hbm:pwr_fuel_hot:3, Hot MEN PWR Fuel Rod
hbm:pwr_fuel_hot:4, Hot HEN-237 PWR Fuel Rod
hbm:pwr_fuel_hot:5, Hot MOX PWR Fuel Rod
hbm:pwr_fuel_hot:6, Hot MEP PWR Fuel Rod
hbm:pwr_fuel_hot:7, Hot HEP-239 PWR Fuel Rod
hbm:pwr_fuel_hot:8, Hot HEP-241 PWR Fuel Rod
hbm:pwr_fuel_hot:9, Hot MEA PWR Fuel Rod
hbm:pwr_fuel_hot:10, Hot HEA-242 PWR Fuel Rod
hbm:pwr_fuel_hot:11, Hot HES-326 PWR Fuel Rod
hbm:pwr_fuel_hot:12, Hot HES-327 PWR Fuel Rod
hbm:pwr_fuel_hot:13, Hot Fuel Grade Americium PWR BFB Rod
hbm:pwr_fuel_hot:14, Hot Plutonium-241 PWR BFB Rod
hbm:pwr_fuel_depleted:0, Depleted MEU PWR Fuel Rod
hbm:pwr_fuel_depleted:1, Depleted HEU-233 PWR Fuel Rod
hbm:pwr_fuel_depleted:2, Depleted HEU-235 PWR Fuel Rod
hbm:pwr_fuel_depleted:3, Depleted MEN PWR Fuel Rod
hbm:pwr_fuel_depleted:4, Depleted HEN-237 PWR Fuel Rod
hbm:pwr_fuel_depleted:5, Depleted MOX PWR Fuel Rod
hbm:pwr_fuel_depleted:6, Depleted MEP PWR Fuel Rod
hbm:pwr_fuel_depleted:7, Depleted HEP-239 PWR Fuel Rod
hbm:pwr_fuel_depleted:8, Depleted HEP-241 PWR Fuel Rod
hbm:pwr_fuel_depleted:9, Depleted MEA PWR Fuel Rod
hbm:pwr_fuel_depleted:10, Depleted HEA-242 PWR Fuel Rod
hbm:pwr_fuel_depleted:11, Depleted HES-326 PWR Fuel Rod
hbm:pwr_fuel_depleted:12, Depleted HES-327 PWR Fuel Rod
hbm:pwr_fuel_depleted:13, Depleted Fuel Grade Americium PWR BFB Rod
hbm:pwr_fuel_depleted:14, Depleted Plutonium-241 PWR BFB Rod
hbm:rod:0, Lithium Rod
hbm:rod:1, Tritium Rod
hbm:rod:2, Cobalt Rod
hbm:rod:3, Cobalt-60 Rod
hbm:rod:4, Thorium-232 Rod
hbm:rod:5, Thorium Fuel Rod
hbm:rod:6, Uranium-235 Rod
hbm:rod:7, Neptunium-237 Rod
hbm:rod:8, Uranium-238 Rod
hbm:rod:9, Plutonium-238 Rod
hbm:rod:10, Plutonium-239 Rod
hbm:rod:11, Reactor-Grade Plutonium Rod
hbm:rod:12, Nuclear Waste Rod
hbm:rod:13, Lead Rod
hbm:rod:14, Uranium Rod
hbm:rod:15, Radium-226 Rod
hbm:rod:16, Actinium-227 Rod
hbm:rod_dual:0, Lithium Dual Rod
hbm:rod_dual:1, Tritium Dual Rod
hbm:rod_dual:2, Cobalt Dual Rod
hbm:rod_dual:3, Cobalt-60 Dual Rod
hbm:rod_dual:4, Thorium-232 Dual Rod
hbm:rod_dual:5, Thorium Fuel Dual Rod
hbm:rod_dual:6, Uranium-235 Dual Rod
hbm:rod_dual:7, Neptunium-237 Dual Rod
hbm:rod_dual:8, Uranium-238 Dual Rod
hbm:rod_dual:9, Plutonium-238 Dual Rod
hbm:rod_dual:10, Plutonium-239 Dual Rod
hbm:rod_dual:11, Reactor-Grade Plutonium Dual Rod
hbm:rod_dual:12, Nuclear Waste Dual Rod
hbm:rod_dual:13, Lead Dual Rod
hbm:rod_dual:14, Uranium Dual Rod
hbm:rod_dual:15, Radium-226 Dual Rod
hbm:rod_dual:16, Actinium-227 Dual Rod
hbm:rod_quad:0, Lithium Quad Rod
hbm:rod_quad:1, Tritium Quad Rod
hbm:rod_quad:2, Cobalt Quad Rod
hbm:rod_quad:3, Cobalt-60 Quad Rod
hbm:rod_quad:4, Thorium-232 Quad Rod
hbm:rod_quad:5, Thorium Fuel Quad Rod
hbm:rod_quad:6, Uranium-235 Quad Rod
hbm:rod_quad:7, Neptunium-237 Quad Rod
hbm:rod_quad:8, Uranium-238 Quad Rod
hbm:rod_quad:9, Plutonium-238 Quad Rod
hbm:rod_quad:10, Plutonium-239 Quad Rod
hbm:rod_quad:11, Reactor-Grade Plutonium Quad Rod
hbm:rod_quad:12, Nuclear Waste Quad Rod
hbm:rod_quad:13, Lead Quad Rod
hbm:rod_quad:14, Uranium Quad Rod
hbm:rod_quad:15, Radium-226 Quad Rod
hbm:rod_quad:16, Actinium-227 Quad Rod
hbm:pellet_rtg_depleted:0, Decayed Bismuth RTG Pellet
hbm:pellet_rtg_depleted:1, Decayed Mercury RTG Pellet
hbm:pellet_rtg_depleted:2, Decayed Neptunium RTG Pellet
hbm:pellet_rtg_depleted:3, Decayed Lead RTG Pellet
hbm:pellet_rtg_depleted:4, Decayed Zirconium RTG Pellet
hbm:pellet_rtg_depleted:5, Decayed Nickel RTG Pellet
hbm:pellet_rtg_radium, Radium-226 RTG Pellet
hbm:pellet_rtg_weak, Weak Uranium RTG Pellet
hbm:pellet_rtg, Plutonium-238 RTG Pellet
hbm:pellet_rtg_strontium, Strontium-90 RTG Pellet
hbm:pellet_rtg_cobalt, Cobalt-60 RTG Pellet
hbm:pellet_rtg_actinium, Actinium-227 RTG Pellet
hbm:pellet_rtg_americium, Americium-241 RTG Pellet
hbm:pellet_rtg_polonium, Polonium-210 RTG Pellet
hbm:pellet_rtg_gold, Gold-198 RTG Pellet
hbm:pellet_rtg_lead, Lead-209 RTG Pellet
hbm:pellet_rtg_balefire, Balefire-XXX RTG Pellet
hbm:pellet_coal, Dense Coal Cluster
hbm:chlorine_pinwheel, Chlorine Pinwheel
hbm:ring_starmetal, §9Starmetal Ring§r
hbm:flywheel_beryllium, Beryllium Flywheel
hbm:biomass, Biomass
hbm:biomass_compressed, Compressed Biomass
hbm:ball_resin, Latex
hbm:cordite, Cordite
hbm:ballistite, Ballistite
hbm:ball_dynamite, Dynamite
hbm:ball_tnt, TNT
hbm:ball_tatb, TATB
hbm:ball_fireclay, Fireclay
hbm:plant_item:0, Tobacco
hbm:plant_item:1, Rope
hbm:plant_item:2, Mustard Willow Leaf
hbm:mold_base, Blank Foundry Mold
hbm:mold:0, Foundry Mold
hbm:mold:1, Foundry Mold
hbm:mold:2, Foundry Mold
hbm:mold:3, Foundry Mold
hbm:mold:4, Foundry Mold
hbm:mold:5, Foundry Mold
hbm:mold:6, Foundry Mold
hbm:mold:7, Foundry Mold
hbm:mold:8, Foundry Mold
hbm:mold:9, Foundry Mold
hbm:mold:10, Foundry Mold
hbm:mold:11, Foundry Mold
hbm:mold:12, Foundry Mold
hbm:mold:13, Foundry Mold
hbm:mold:15, Foundry Mold
hbm:mold:16, Foundry Mold
hbm:mold:17, Foundry Mold
hbm:mold:19, Foundry Mold
hbm:mold:20, Foundry Mold
hbm:mold:21, Foundry Mold
hbm:mold:22, Foundry Mold
hbm:mold:23, Foundry Mold
hbm:mold:24, Foundry Mold
hbm:mold:25, Foundry Mold
hbm:mold:26, Foundry Mold
hbm:mold:27, Foundry Mold
hbm:mold:28, Foundry Mold
hbm:scraps:0, Stone Scraps
hbm:scraps:699, Carbon Scraps
hbm:scraps:2600, Iron Scraps
hbm:scraps:7900, Gold Scraps
hbm:scraps:1, Redstone Scraps
hbm:scraps:2, Obsidian Scraps
hbm:scraps:2601, Hematite Scraps
hbm:scraps:2602, Wrought Iron Scraps
hbm:scraps:2603, Pig Iron Scraps
hbm:scraps:2604, Meteoric Iron Scraps
hbm:scraps:2901, Malachite Scraps
hbm:scraps:9200, Uranium Scraps
hbm:scraps:9233, Uranium-233 Scraps
hbm:scraps:9235, Uranium-235 Scraps
hbm:scraps:9238, Uranium-238 Scraps
hbm:scraps:9032, Thorium-232 Scraps
hbm:scraps:9400, Plutonium Scraps
hbm:scraps:9401, Reactor-Grade Plutonium Scraps
hbm:scraps:9438, Plutonium-238 Scraps
hbm:scraps:9439, Plutonium-239 Scraps
hbm:scraps:9440, Plutonium-240 Scraps
hbm:scraps:9441, Plutonium-241 Scraps
hbm:scraps:9501, Reactor-Grade Americium Scraps
hbm:scraps:9541, Americium-241 Scraps
hbm:scraps:9542, Americium-242 Scraps
hbm:scraps:9337, Neptunium-237 Scraps
hbm:scraps:8410, Polonium-210 Scraps
hbm:scraps:4399, Technetium-99 Scraps
hbm:scraps:8826, Radium-226 Scraps
hbm:scraps:8927, Actinium-227 Scraps
hbm:scraps:2760, Cobalt-60 Scraps
hbm:scraps:7998, Gold-198 Scraps
hbm:scraps:8209, Lead-209 Scraps
hbm:scraps:12626, Schrabidium Scraps
hbm:scraps:12627, Solinium Scraps
hbm:scraps:12600, Ferric Schrabidate Scraps
hbm:scraps:12601, Schraranium Scraps
hbm:scraps:12836, Ghiorsium-336 Scraps
hbm:scraps:2200, Titanium Scraps
hbm:scraps:2900, Copper Scraps
hbm:scraps:7400, Tungsten Scraps
hbm:scraps:1300, Aluminium Scraps
hbm:scraps:8200, Lead Scraps
hbm:scraps:8300, Bismuth Scraps
hbm:scraps:3300, Arsenic Scraps
hbm:scraps:7300, Tantalum Scraps
hbm:scraps:6000, Neodymium Scraps
hbm:scraps:4100, Niobium Scraps
hbm:scraps:400, Beryllium Scraps
hbm:scraps:2700, Cobalt Scraps
hbm:scraps:500, Boron Scraps
hbm:scraps:501, Borax Scraps
hbm:scraps:5700, Lanthanium Scraps
hbm:scraps:4000, Zirconium Scraps
hbm:scraps:1100, Sodium Scraps
hbm:scraps:3800, Strontium Scraps
hbm:scraps:2000, Calcium Scraps
hbm:scraps:300, Lithium Scraps
hbm:scraps:4800, Cadmium Scraps
hbm:scraps:1400, Silicon Scraps
hbm:scraps:1401, Asbestos Scraps
hbm:scraps:7699, Osmiridium Scraps
hbm:scraps:30, Steel Scraps
hbm:scraps:31, Minecraft Grade Copper Scraps
hbm:scraps:33, High-Speed Steel Scraps
hbm:scraps:42, Desh Scraps
hbm:scraps:35, Starmetal Scraps
hbm:scraps:37, Ferrouranium Scraps
hbm:scraps:36, Technetium Steel Scraps
hbm:scraps:43, Cadmium Steel Scraps
hbm:scraps:46, Bismuth Bronze Scraps
hbm:scraps:47, Arsenic Bronze Scraps
hbm:scraps:48, BSCCO Scraps
hbm:scraps:38, Magnetized Tungsten Scraps
hbm:scraps:39, Combine Steel Scraps
hbm:scraps:45, Dineutronium Scraps
hbm:scraps:40, Flux Scraps
hbm:scraps:41, Slag Scraps
hbm:scraps:44, Poisonous Mud Scraps
hbm:scraps:49, Gunmetal Scraps
hbm:scraps:50, Weapon Steel Scraps
hbm:scraps:34, Saturnite Scraps
hbm:shell:2200, Titanium Shell
hbm:shell:2900, Copper Shell
hbm:shell:1300, Aluminium Shell
hbm:shell:30, Steel Shell
hbm:shell:50, Weapon Steel Shell
hbm:shell:34, Saturnite Shell
hbm:pipe:2600, Iron Pipe
hbm:pipe:2900, Copper Pipe
hbm:pipe:1300, Aluminium Pipe
hbm:pipe:8200, Lead Pipe
hbm:pipe:30, Steel Pipe
hbm:pipe:33, High-Speed Steel Pipe
hbm:pipe:20003, Rubber Pipe
hbm:ingot_raw:1, Redstone Ingot
hbm:ingot_raw:6000, Neodymium Ingot
hbm:ingot_raw:501, Borax Ingot
hbm:ingot_raw:1100, Sodium Ingot
hbm:ingot_raw:3800, Strontium Ingot
hbm:ingot_raw:41, Slag Ingot
hbm:plate_cast:2600, Cast Iron Plate
hbm:plate_cast:7900, Cast Gold Plate
hbm:plate_cast:12626, Cast Schrabidium Plate
hbm:plate_cast:12600, Cast Ferric Schrabidate Plate
hbm:plate_cast:2200, Cast Titanium Plate
hbm:plate_cast:2900, Cast Copper Plate
hbm:plate_cast:7400, Cast Tungsten Plate
hbm:plate_cast:1300, Cast Aluminium Plate
hbm:plate_cast:8200, Cast Lead Plate
hbm:plate_cast:4000, Cast Zirconium Plate
hbm:plate_cast:7699, Cast Osmiridium Plate
hbm:plate_cast:30, Cast Steel Plate
hbm:plate_cast:33, Cast High-Speed Steel Plate
hbm:plate_cast:42, Cast Desh Plate
hbm:plate_cast:35, Cast Starmetal Plate
hbm:plate_cast:37, Cast Ferrouranium Plate
hbm:plate_cast:36, Cast Technetium Steel Plate
hbm:plate_cast:43, Cast Cadmium Steel Plate
hbm:plate_cast:46, Cast Bismuth Bronze Plate
hbm:plate_cast:47, Cast Arsenic Bronze Plate
hbm:plate_cast:39, Cast Combine Steel Plate
hbm:plate_cast:50, Cast Weapon Steel Plate
hbm:plate_cast:34, Cast Saturnite Plate
hbm:plate_welded:2600, Welded Iron Plate
hbm:plate_welded:2200, Welded Titanium Plate
hbm:plate_welded:2900, Welded Copper Plate
hbm:plate_welded:7400, Welded Tungsten Plate
hbm:plate_welded:1300, Welded Aluminium Plate
hbm:plate_welded:4000, Welded Zirconium Plate
hbm:plate_welded:7699, Welded Osmiridium Plate
hbm:plate_welded:30, Welded Steel Plate
hbm:plate_welded:36, Welded Technetium Steel Plate
hbm:plate_welded:43, Welded Cadmium Steel Plate
hbm:plate_welded:39, Welded Combine Steel Plate
hbm:wire_fine:699, Carbon Wire
hbm:wire_fine:7900, Gold Wire
hbm:wire_fine:12626, Schrabidium Wire
hbm:wire_fine:2900, Copper Wire
hbm:wire_fine:7400, Tungsten Wire
hbm:wire_fine:1300, Aluminium Wire
hbm:wire_fine:8200, Lead Wire
hbm:wire_fine:4000, Zirconium Wire
hbm:wire_fine:30, Steel Wire
hbm:wire_fine:31, Minecraft Grade Copper Wire
hbm:wire_fine:38, Magnetized Tungsten Wire
hbm:wire_dense:7900, Dense Gold Wire
hbm:wire_dense:12626, Dense Schrabidium Wire
hbm:wire_dense:12600, Dense Ferric Schrabidate Wire
hbm:wire_dense:2200, Dense Titanium Wire
hbm:wire_dense:2900, Dense Copper Wire
hbm:wire_dense:7400, Dense Tungsten Wire
hbm:wire_dense:6000, Dense Neodymium Wire
hbm:wire_dense:4100, Dense Niobium Wire
hbm:wire_dense:31, Dense Minecraft Grade Copper Wire
hbm:wire_dense:35, Dense Starmetal Wire
hbm:wire_dense:48, Dense BSCCO Wire
hbm:wire_dense:38, Dense Magnetized Tungsten Wire
hbm:wire_dense:45, Dense Dineutronium Wire
hbm:bolt:7400, Tungsten Bolt
hbm:bolt:8200, Lead Bolt
hbm:bolt:30, Steel Bolt
hbm:bolt:33, High-Speed Steel Bolt
hbm:bolt_spike, Railroad Spike
hbm:part_barrel_light:30, Light Steel Barrel
hbm:part_barrel_light:33, Light High-Speed Steel Barrel
hbm:part_barrel_light:42, Light Desh Barrel
hbm:part_barrel_light:36, Light Technetium Steel Barrel
hbm:part_barrel_light:43, Light Cadmium Steel Barrel
hbm:part_barrel_light:46, Light Bismuth Bronze Barrel
hbm:part_barrel_light:47, Light Arsenic Bronze Barrel
hbm:part_barrel_light:49, Light Gunmetal Barrel
hbm:part_barrel_light:50, Light Weapon Steel Barrel
hbm:part_barrel_light:34, Light Saturnite Barrel
hbm:part_barrel_heavy:30, Heavy Steel Barrel
hbm:part_barrel_heavy:33, Heavy High-Speed Steel Barrel
hbm:part_barrel_heavy:42, Heavy Desh Barrel
hbm:part_barrel_heavy:37, Heavy Ferrouranium Barrel
hbm:part_barrel_heavy:36, Heavy Technetium Steel Barrel
hbm:part_barrel_heavy:43, Heavy Cadmium Steel Barrel
hbm:part_barrel_heavy:49, Heavy Gunmetal Barrel
hbm:part_barrel_heavy:50, Heavy Weapon Steel Barrel
hbm:part_barrel_heavy:34, Heavy Saturnite Barrel
hbm:part_receiver_light:30, Light Steel Receiver
hbm:part_receiver_light:33, Light High-Speed Steel Receiver
hbm:part_receiver_light:42, Light Desh Receiver
hbm:part_receiver_light:36, Light Technetium Steel Receiver
hbm:part_receiver_light:43, Light Cadmium Steel Receiver
hbm:part_receiver_light:46, Light Bismuth Bronze Receiver
hbm:part_receiver_light:47, Light Arsenic Bronze Receiver
hbm:part_receiver_light:49, Light Gunmetal Receiver
hbm:part_receiver_light:50, Light Weapon Steel Receiver
hbm:part_receiver_light:34, Light Saturnite Receiver
hbm:part_receiver_heavy:33, Heavy High-Speed Steel Receiver
hbm:part_receiver_heavy:37, Heavy Ferrouranium Receiver
hbm:part_receiver_heavy:36, Heavy Technetium Steel Receiver
hbm:part_receiver_heavy:43, Heavy Cadmium Steel Receiver
hbm:part_receiver_heavy:46, Heavy Bismuth Bronze Receiver
hbm:part_receiver_heavy:47, Heavy Arsenic Bronze Receiver
hbm:part_receiver_heavy:49, Heavy Gunmetal Receiver
hbm:part_receiver_heavy:50, Heavy Weapon Steel Receiver
hbm:part_receiver_heavy:34, Heavy Saturnite Receiver
hbm:part_mechanism:49, Gunmetal Mechanism
hbm:part_mechanism:50, Weapon Steel Mechanism
hbm:part_mechanism:34, Saturnite Mechanism
hbm:part_stock:3, Wood Stock
hbm:part_stock:42, Desh Stock
hbm:part_stock:49, Gunmetal Stock
hbm:part_stock:50, Weapon Steel Stock
hbm:part_stock:34, Saturnite Stock
hbm:part_stock:20001, Polymer Stock
hbm:part_stock:20002, Bakelite Stock
hbm:part_stock:20004, Hard Plastic Stock
hbm:part_stock:20005, PVC Stock
hbm:part_grip:3, Wood Grip
hbm:part_grip:4, Ivory Grip
hbm:part_grip:30, Steel Grip
hbm:part_grip:33, High-Speed Steel Grip
hbm:part_grip:42, Desh Grip
hbm:part_grip:49, Gunmetal Grip
hbm:part_grip:50, Weapon Steel Grip
hbm:part_grip:34, Saturnite Grip
hbm:part_grip:20001, Polymer Grip
hbm:part_grip:20002, Bakelite Grip
hbm:part_grip:20003, Rubber Grip
hbm:part_grip:20004, Hard Plastic Grip
hbm:part_grip:20005, PVC Grip
hbm:casing:0, Small Gunmetal Casing
hbm:casing:1, Large Gunmetal Casing
hbm:casing:2, Small Weapon Steel Casing
hbm:casing:3, Large Weapon Steel Casing
hbm:casing:4, Black Powder Shotshell Casing
hbm:casing:5, Plastic Shotshell Casing
hbm:casing:6, Advanced Shotshell Casing
hbm:bedrock_ore_new:0, Light Metal Bedrock Ore
hbm:bedrock_ore_new:16, Roasted Light Metal Bedrock Ore
hbm:bedrock_ore_new:32, Washed Light Metal Bedrock Ore
hbm:bedrock_ore_new:48, Light Metal Bedrock Ore, Primary Fraction
hbm:bedrock_ore_new:64, Light Metal Bedrock Ore, Roasted Primary Fraction
hbm:bedrock_ore_new:80, Light Metal Bedrock Ore, Sulfuric Primary Fraction
hbm:bedrock_ore_new:96, Light Metal Bedrock Ore, Separated Sulfuric Primary Fraction
hbm:bedrock_ore_new:112, Light Metal Bedrock Ore, Dissolved Primary Fraction
hbm:bedrock_ore_new:128, Light Metal Bedrock Ore, Separated Dissolved Primary Fraction
hbm:bedrock_ore_new:144, Light Metal Bedrock Ore, Cleaned Primary Fraction
hbm:bedrock_ore_new:160, Light Metal Bedrock Ore, Separated Cleaned Primary Fraction
hbm:bedrock_ore_new:176, Light Metal Bedrock Ore, Primary Fraction, Higher Weight
hbm:bedrock_ore_new:192, Light Metal Bedrock Ore, Primary Fraction, Lower Weight
hbm:bedrock_ore_new:208, Light Metal Bedrock Ore Crumbs
hbm:bedrock_ore_new:224, Light Metal Bedrock Ore, Sulfuric Byproduct
hbm:bedrock_ore_new:240, Light Metal Bedrock Ore, Roasted Sulfuric Byproduct
hbm:bedrock_ore_new:256, Light Metal Bedrock Ore, Seared Sulfuric Byproduct
hbm:bedrock_ore_new:272, Light Metal Bedrock Ore, Washed Sulfuric Byproduct
hbm:bedrock_ore_new:288, Light Metal Bedrock Ore, Dissolved Byproduct
hbm:bedrock_ore_new:304, Light Metal Bedrock Ore, Roasted Dissolved Byproduct
hbm:bedrock_ore_new:320, Light Metal Bedrock Ore, Seared Dissolved Byproduct
hbm:bedrock_ore_new:336, Light Metal Bedrock Ore, Washed Dissolved Byproduct
hbm:bedrock_ore_new:352, Light Metal Bedrock Ore, Cleaned Byproduct
hbm:bedrock_ore_new:368, Light Metal Bedrock Ore, Roasted Cleaned Byproduct
hbm:bedrock_ore_new:384, Light Metal Bedrock Ore, Seared Cleaned Byproduct
hbm:bedrock_ore_new:400, Light Metal Bedrock Ore, Washed Cleaned Byproduct
hbm:bedrock_ore_new:1, Heavy Metal Bedrock Ore
hbm:bedrock_ore_new:17, Roasted Heavy Metal Bedrock Ore
hbm:bedrock_ore_new:33, Washed Heavy Metal Bedrock Ore
hbm:bedrock_ore_new:49, Heavy Metal Bedrock Ore, Primary Fraction
hbm:bedrock_ore_new:65, Heavy Metal Bedrock Ore, Roasted Primary Fraction
hbm:bedrock_ore_new:81, Heavy Metal Bedrock Ore, Sulfuric Primary Fraction
hbm:bedrock_ore_new:97, Heavy Metal Bedrock Ore, Separated Sulfuric Primary Fraction
hbm:bedrock_ore_new:113, Heavy Metal Bedrock Ore, Dissolved Primary Fraction
hbm:bedrock_ore_new:129, Heavy Metal Bedrock Ore, Separated Dissolved Primary Fraction
hbm:bedrock_ore_new:145, Heavy Metal Bedrock Ore, Cleaned Primary Fraction
hbm:bedrock_ore_new:161, Heavy Metal Bedrock Ore, Separated Cleaned Primary Fraction
hbm:bedrock_ore_new:177, Heavy Metal Bedrock Ore, Primary Fraction, Higher Weight
hbm:bedrock_ore_new:193, Heavy Metal Bedrock Ore, Primary Fraction, Lower Weight
hbm:bedrock_ore_new:209, Heavy Metal Bedrock Ore Crumbs
hbm:bedrock_ore_new:225, Heavy Metal Bedrock Ore, Sulfuric Byproduct
hbm:bedrock_ore_new:241, Heavy Metal Bedrock Ore, Roasted Sulfuric Byproduct
hbm:bedrock_ore_new:257, Heavy Metal Bedrock Ore, Seared Sulfuric Byproduct
hbm:bedrock_ore_new:273, Heavy Metal Bedrock Ore, Washed Sulfuric Byproduct
hbm:bedrock_ore_new:289, Heavy Metal Bedrock Ore, Dissolved Byproduct
hbm:bedrock_ore_new:305, Heavy Metal Bedrock Ore, Roasted Dissolved Byproduct
hbm:bedrock_ore_new:321, Heavy Metal Bedrock Ore, Seared Dissolved Byproduct
hbm:bedrock_ore_new:337, Heavy Metal Bedrock Ore, Washed Dissolved Byproduct
hbm:bedrock_ore_new:353, Heavy Metal Bedrock Ore, Cleaned Byproduct
hbm:bedrock_ore_new:369, Heavy Metal Bedrock Ore, Roasted Cleaned Byproduct
hbm:bedrock_ore_new:385, Heavy Metal Bedrock Ore, Seared Cleaned Byproduct
hbm:bedrock_ore_new:401, Heavy Metal Bedrock Ore, Washed Cleaned Byproduct
hbm:bedrock_ore_new:2, Rare Earth Bedrock Ore
hbm:bedrock_ore_new:18, Roasted Rare Earth Bedrock Ore
hbm:bedrock_ore_new:34, Washed Rare Earth Bedrock Ore
hbm:bedrock_ore_new:50, Rare Earth Bedrock Ore, Primary Fraction
hbm:bedrock_ore_new:66, Rare Earth Bedrock Ore, Roasted Primary Fraction
hbm:bedrock_ore_new:82, Rare Earth Bedrock Ore, Sulfuric Primary Fraction
hbm:bedrock_ore_new:98, Rare Earth Bedrock Ore, Separated Sulfuric Primary Fraction
hbm:bedrock_ore_new:114, Rare Earth Bedrock Ore, Dissolved Primary Fraction
hbm:bedrock_ore_new:130, Rare Earth Bedrock Ore, Separated Dissolved Primary Fraction
hbm:bedrock_ore_new:146, Rare Earth Bedrock Ore, Cleaned Primary Fraction
hbm:bedrock_ore_new:162, Rare Earth Bedrock Ore, Separated Cleaned Primary Fraction
hbm:bedrock_ore_new:178, Rare Earth Bedrock Ore, Primary Fraction, Higher Weight
hbm:bedrock_ore_new:194, Rare Earth Bedrock Ore, Primary Fraction, Lower Weight
hbm:bedrock_ore_new:210, Rare Earth Bedrock Ore Crumbs
hbm:bedrock_ore_new:226, Rare Earth Bedrock Ore, Sulfuric Byproduct
hbm:bedrock_ore_new:242, Rare Earth Bedrock Ore, Roasted Sulfuric Byproduct
hbm:bedrock_ore_new:258, Rare Earth Bedrock Ore, Seared Sulfuric Byproduct
hbm:bedrock_ore_new:274, Rare Earth Bedrock Ore, Washed Sulfuric Byproduct
hbm:bedrock_ore_new:290, Rare Earth Bedrock Ore, Dissolved Byproduct
hbm:bedrock_ore_new:306, Rare Earth Bedrock Ore, Roasted Dissolved Byproduct
hbm:bedrock_ore_new:322, Rare Earth Bedrock Ore, Seared Dissolved Byproduct
hbm:bedrock_ore_new:338, Rare Earth Bedrock Ore, Washed Dissolved Byproduct
hbm:bedrock_ore_new:354, Rare Earth Bedrock Ore, Cleaned Byproduct
hbm:bedrock_ore_new:370, Rare Earth Bedrock Ore, Roasted Cleaned Byproduct
hbm:bedrock_ore_new:386, Rare Earth Bedrock Ore, Seared Cleaned Byproduct
hbm:bedrock_ore_new:402, Rare Earth Bedrock Ore, Washed Cleaned Byproduct
hbm:bedrock_ore_new:3, Actinide Bedrock Ore
hbm:bedrock_ore_new:19, Roasted Actinide Bedrock Ore
hbm:bedrock_ore_new:35, Washed Actinide Bedrock Ore
hbm:bedrock_ore_new:51, Actinide Bedrock Ore, Primary Fraction
hbm:bedrock_ore_new:67, Actinide Bedrock Ore, Roasted Primary Fraction
hbm:bedrock_ore_new:83, Actinide Bedrock Ore, Sulfuric Primary Fraction
hbm:bedrock_ore_new:99, Actinide Bedrock Ore, Separated Sulfuric Primary Fraction
hbm:bedrock_ore_new:115, Actinide Bedrock Ore, Dissolved Primary Fraction
hbm:bedrock_ore_new:131, Actinide Bedrock Ore, Separated Dissolved Primary Fraction
hbm:bedrock_ore_new:147, Actinide Bedrock Ore, Cleaned Primary Fraction
hbm:bedrock_ore_new:163, Actinide Bedrock Ore, Separated Cleaned Primary Fraction
hbm:bedrock_ore_new:179, Actinide Bedrock Ore, Primary Fraction, Higher Weight
hbm:bedrock_ore_new:195, Actinide Bedrock Ore, Primary Fraction, Lower Weight
hbm:bedrock_ore_new:211, Actinide Bedrock Ore Crumbs
hbm:bedrock_ore_new:227, Actinide Bedrock Ore, Sulfuric Byproduct
hbm:bedrock_ore_new:243, Actinide Bedrock Ore, Roasted Sulfuric Byproduct
hbm:bedrock_ore_new:259, Actinide Bedrock Ore, Seared Sulfuric Byproduct
hbm:bedrock_ore_new:275, Actinide Bedrock Ore, Washed Sulfuric Byproduct
hbm:bedrock_ore_new:291, Actinide Bedrock Ore, Dissolved Byproduct
hbm:bedrock_ore_new:307, Actinide Bedrock Ore, Roasted Dissolved Byproduct
hbm:bedrock_ore_new:323, Actinide Bedrock Ore, Seared Dissolved Byproduct
hbm:bedrock_ore_new:339, Actinide Bedrock Ore, Washed Dissolved Byproduct
hbm:bedrock_ore_new:355, Actinide Bedrock Ore, Cleaned Byproduct
hbm:bedrock_ore_new:371, Actinide Bedrock Ore, Roasted Cleaned Byproduct
hbm:bedrock_ore_new:387, Actinide Bedrock Ore, Seared Cleaned Byproduct
hbm:bedrock_ore_new:403, Actinide Bedrock Ore, Washed Cleaned Byproduct
hbm:bedrock_ore_new:4, Non-Metal Bedrock Ore
hbm:bedrock_ore_new:20, Roasted Non-Metal Bedrock Ore
hbm:bedrock_ore_new:36, Washed Non-Metal Bedrock Ore
hbm:bedrock_ore_new:52, Non-Metal Bedrock Ore, Primary Fraction
hbm:bedrock_ore_new:68, Non-Metal Bedrock Ore, Roasted Primary Fraction
hbm:bedrock_ore_new:84, Non-Metal Bedrock Ore, Sulfuric Primary Fraction
hbm:bedrock_ore_new:100, Non-Metal Bedrock Ore, Separated Sulfuric Primary Fraction
hbm:bedrock_ore_new:116, Non-Metal Bedrock Ore, Dissolved Primary Fraction
hbm:bedrock_ore_new:132, Non-Metal Bedrock Ore, Separated Dissolved Primary Fraction
hbm:bedrock_ore_new:148, Non-Metal Bedrock Ore, Cleaned Primary Fraction
hbm:bedrock_ore_new:164, Non-Metal Bedrock Ore, Separated Cleaned Primary Fraction
hbm:bedrock_ore_new:180, Non-Metal Bedrock Ore, Primary Fraction, Higher Weight
hbm:bedrock_ore_new:196, Non-Metal Bedrock Ore, Primary Fraction, Lower Weight
hbm:bedrock_ore_new:212, Non-Metal Bedrock Ore Crumbs
hbm:bedrock_ore_new:228, Non-Metal Bedrock Ore, Sulfuric Byproduct
hbm:bedrock_ore_new:244, Non-Metal Bedrock Ore, Roasted Sulfuric Byproduct
hbm:bedrock_ore_new:260, Non-Metal Bedrock Ore, Seared Sulfuric Byproduct
hbm:bedrock_ore_new:276, Non-Metal Bedrock Ore, Washed Sulfuric Byproduct
hbm:bedrock_ore_new:292, Non-Metal Bedrock Ore, Dissolved Byproduct
hbm:bedrock_ore_new:308, Non-Metal Bedrock Ore, Roasted Dissolved Byproduct
hbm:bedrock_ore_new:324, Non-Metal Bedrock Ore, Seared Dissolved Byproduct
hbm:bedrock_ore_new:340, Non-Metal Bedrock Ore, Washed Dissolved Byproduct
hbm:bedrock_ore_new:356, Non-Metal Bedrock Ore, Cleaned Byproduct
hbm:bedrock_ore_new:372, Non-Metal Bedrock Ore, Roasted Cleaned Byproduct
hbm:bedrock_ore_new:388, Non-Metal Bedrock Ore, Seared Cleaned Byproduct
hbm:bedrock_ore_new:404, Non-Metal Bedrock Ore, Washed Cleaned Byproduct
hbm:bedrock_ore_new:5, Crystalline Bedrock Ore
hbm:bedrock_ore_new:21, Roasted Crystalline Bedrock Ore
hbm:bedrock_ore_new:37, Washed Crystalline Bedrock Ore
hbm:bedrock_ore_new:53, Crystalline Bedrock Ore, Primary Fraction
hbm:bedrock_ore_new:69, Crystalline Bedrock Ore, Roasted Primary Fraction
hbm:bedrock_ore_new:85, Crystalline Bedrock Ore, Sulfuric Primary Fraction
hbm:bedrock_ore_new:101, Crystalline Bedrock Ore, Separated Sulfuric Primary Fraction
hbm:bedrock_ore_new:117, Crystalline Bedrock Ore, Dissolved Primary Fraction
hbm:bedrock_ore_new:133, Crystalline Bedrock Ore, Separated Dissolved Primary Fraction
hbm:bedrock_ore_new:149, Crystalline Bedrock Ore, Cleaned Primary Fraction
hbm:bedrock_ore_new:165, Crystalline Bedrock Ore, Separated Cleaned Primary Fraction
hbm:bedrock_ore_new:181, Crystalline Bedrock Ore, Primary Fraction, Higher Weight
hbm:bedrock_ore_new:197, Crystalline Bedrock Ore, Primary Fraction, Lower Weight
hbm:bedrock_ore_new:213, Crystalline Bedrock Ore Crumbs
hbm:bedrock_ore_new:229, Crystalline Bedrock Ore, Sulfuric Byproduct
hbm:bedrock_ore_new:245, Crystalline Bedrock Ore, Roasted Sulfuric Byproduct
hbm:bedrock_ore_new:261, Crystalline Bedrock Ore, Seared Sulfuric Byproduct
hbm:bedrock_ore_new:277, Crystalline Bedrock Ore, Washed Sulfuric Byproduct
hbm:bedrock_ore_new:293, Crystalline Bedrock Ore, Dissolved Byproduct
hbm:bedrock_ore_new:309, Crystalline Bedrock Ore, Roasted Dissolved Byproduct
hbm:bedrock_ore_new:325, Crystalline Bedrock Ore, Seared Dissolved Byproduct
hbm:bedrock_ore_new:341, Crystalline Bedrock Ore, Washed Dissolved Byproduct
hbm:bedrock_ore_new:357, Crystalline Bedrock Ore, Cleaned Byproduct
hbm:bedrock_ore_new:373, Crystalline Bedrock Ore, Roasted Cleaned Byproduct
hbm:bedrock_ore_new:389, Crystalline Bedrock Ore, Seared Cleaned Byproduct
hbm:bedrock_ore_new:405, Crystalline Bedrock Ore, Washed Cleaned Byproduct
hbm:bedrock_ore_base, Raw Bedrock Ore
hbm:bedrock_ore_fragment:600, Coal Bedrock Ore Fragment
hbm:bedrock_ore_fragment:601, Lignite Bedrock Ore Fragment
hbm:bedrock_ore_fragment:1430, Diamond Bedrock Ore Fragment
hbm:bedrock_ore_fragment:2600, Iron Bedrock Ore Fragment
hbm:bedrock_ore_fragment:7900, Gold Bedrock Ore Fragment
hbm:bedrock_ore_fragment:1, Redstone Bedrock Ore Fragment
hbm:bedrock_ore_fragment:2902, Bauxite Bedrock Ore Fragment
hbm:bedrock_ore_fragment:2903, Cryolite Bedrock Ore Fragment
hbm:bedrock_ore_fragment:9200, Uranium Bedrock Ore Fragment
hbm:bedrock_ore_fragment:9238, Uranium-238 Bedrock Ore Fragment
hbm:bedrock_ore_fragment:9032, Thorium-232 Bedrock Ore Fragment
hbm:bedrock_ore_fragment:8410, Polonium-210 Bedrock Ore Fragment
hbm:bedrock_ore_fragment:4399, Technetium-99 Bedrock Ore Fragment
hbm:bedrock_ore_fragment:8826, Radium-226 Bedrock Ore Fragment
hbm:bedrock_ore_fragment:2200, Titanium Bedrock Ore Fragment
hbm:bedrock_ore_fragment:2900, Copper Bedrock Ore Fragment
hbm:bedrock_ore_fragment:7400, Tungsten Bedrock Ore Fragment
hbm:bedrock_ore_fragment:1300, Aluminium Bedrock Ore Fragment
hbm:bedrock_ore_fragment:8200, Lead Bedrock Ore Fragment
hbm:bedrock_ore_fragment:8300, Bismuth Bedrock Ore Fragment
hbm:bedrock_ore_fragment:7300, Tantalum Bedrock Ore Fragment
hbm:bedrock_ore_fragment:6000, Neodymium Bedrock Ore Fragment
hbm:bedrock_ore_fragment:4100, Niobium Bedrock Ore Fragment
hbm:bedrock_ore_fragment:400, Beryllium Bedrock Ore Fragment
hbm:bedrock_ore_fragment:401, Emerald Bedrock Ore Fragment
hbm:bedrock_ore_fragment:2700, Cobalt Bedrock Ore Fragment
hbm:bedrock_ore_fragment:500, Boron Bedrock Ore Fragment
hbm:bedrock_ore_fragment:501, Borax Bedrock Ore Fragment
hbm:bedrock_ore_fragment:5700, Lanthanium Bedrock Ore Fragment
hbm:bedrock_ore_fragment:4000, Zirconium Bedrock Ore Fragment
hbm:bedrock_ore_fragment:1100, Sodium Bedrock Ore Fragment
hbm:bedrock_ore_fragment:1101, Sodalite Bedrock Ore Fragment
hbm:bedrock_ore_fragment:3800, Strontium Bedrock Ore Fragment
hbm:bedrock_ore_fragment:300, Lithium Bedrock Ore Fragment
hbm:bedrock_ore_fragment:1600, Sulfur Bedrock Ore Fragment
hbm:bedrock_ore_fragment:700, Niter Bedrock Ore Fragment
hbm:bedrock_ore_fragment:900, Fluorite Bedrock Ore Fragment
hbm:bedrock_ore_fragment:1500, Red Phosphorus Bedrock Ore Fragment
hbm:bedrock_ore_fragment:1701, Chlorocalcite Bedrock Ore Fragment
hbm:bedrock_ore_fragment:1702, Molysite Bedrock Ore Fragment
hbm:bedrock_ore_fragment:8001, Cinnabar Bedrock Ore Fragment
hbm:bedrock_ore_fragment:1400, Silicon Bedrock Ore Fragment
hbm:bedrock_ore_fragment:1401, Asbestos Bedrock Ore Fragment
hbm:bedrock_ore_fragment:20000, Rare Earth Bedrock Ore Fragment
hbm:chunk_ore:0, Rare Earth Ore Chunk
hbm:chunk_ore:1, Malachite Chunk
hbm:chunk_ore:2, Cryolite Chunk
hbm:chunk_ore:3, Moonstone
hbm:neutron_reflector, Neutron Reflector
hbm:rtg_unit, RTG Unit
hbm:thermo_unit_empty, Thermic Distribution Unit
hbm:thermo_unit_endo, Coldness Distribution Unit
hbm:thermo_unit_exo, Heat Distribution Unit
hbm:levitation_unit, Gravity Manipulator
hbm:magnetron, Magnetron
hbm:pellet_buckshot, Lead Pellets
hbm:pellet_flechette, Flechettes
hbm:pellet_chlorophyte, Chlorophyte Rounds
hbm:pellet_meteorite, Meteorite Rounds
hbm:pellet_canister, Canister Shot
hbm:pellet_claws, Sharp Metal Claws
hbm:pellet_charged, Ionized Particles
hbm:pellet_cluster, Explosive Pellets
hbm:pellet_gas, Poison Gas Cartridge
hbm:coal_infernal, Infernal Coal
hbm:cinnabar, Cinnabar
hbm:powder_ash:0, Wood Ash
hbm:powder_ash:1, Coal Ash
hbm:powder_ash:2, Ash
hbm:powder_ash:3, Fly Ash
hbm:powder_ash:4, Fine Soot
hbm:powder_ash:5, Fullerene
hbm:powder_cement, Cement
hbm:toothpicks, Toothpicks
hbm:ducttape, Duct Tape
hbm:catalyst_clay, Clay Catalyst
hbm:motor, Motor
hbm:motor_desh, Desh Motor
hbm:motor_bismuth, Bismuth Motor
hbm:photo_panel, Photovoltaic Panel
hbm:sat_base, Satellite Base
hbm:thruster_nuclear, LV-N Nuclear Rocket Engine
hbm:safety_fuse, Safety Fuse
hbm:blade_titanium, Titanium Blade
hbm:turbine_titanium, Titanium Steam Turbine
hbm:blade_tungsten, Tungsten Reinforced Blade
hbm:turbine_tungsten, Reinforced Turbofan Blades
hbm:board_copper, Copper Panel
hbm:pipes_steel, Steel Pipes
hbm:drill_titanium, Titanium Drill
hbm:bolt_compound, Reinforced Turbine Shaft
hbm:hazmat_cloth, Hazmat Cloth
hbm:hazmat_cloth_red, Advanced Hazmat Cloth
hbm:hazmat_cloth_grey, Lead-Reinforced Hazmat Cloth
hbm:asbestos_cloth, Fire Proximity Cloth
hbm:rag, Cloth
hbm:rag_damp, Damp Cloth
hbm:rag_piss, Piss-Soaked Rag
hbm:filter_coal, Activated Carbon Filter
hbm:magnet_circular, Flat Magnet
hbm:centrifuge_element, Centrifuge Element
hbm:reactor_core, Breeding Reactor Core
hbm:oil_tar:0, Oil Tar
hbm:oil_tar:1, Crack Oil Tar
hbm:oil_tar:2, Coal Tar
hbm:oil_tar:3, Wood Tar
hbm:oil_tar:4, Chlorinated Petroleum Wax
hbm:oil_tar:5, Paraffin Wax
hbm:solid_fuel, Solid Fuel
hbm:solid_fuel_presto, Presto Log
hbm:solid_fuel_presto_triplet, Boosted Presto Logs
hbm:solid_fuel_bf, Solid Fuel (Balefire)
hbm:solid_fuel_presto_bf, Presto Log (Balefire)
hbm:solid_fuel_presto_triplet_bf, Boosted Presto Logs (Balefire)
hbm:rocket_fuel, Solid Fuel (Rocket Propellant)
hbm:briquette:0, Coal Briquette
hbm:briquette:1, Lignite Briquette
hbm:briquette:2, Sawdust Briquette
hbm:coke:0, Coal Coke
hbm:coke:1, Lignite Coke
hbm:coke:2, Petroleum Coke
hbm:lignite, Lignite
hbm:circuit:0, Vacuum Tube
hbm:circuit:1, Capacitor
hbm:circuit:2, Tantalium Capacitor
hbm:circuit:3, Printed Circuit Board
hbm:circuit:4, Printed Silicon Wafer
hbm:circuit:5, Microchip
hbm:circuit:6, Versatile Integrated Circuit
hbm:circuit:7, Analog Circuit Board
hbm:circuit:8, Integrated Circuit Board
hbm:circuit:9, Military Grade Circuit Board
hbm:circuit:10, Capacitor Board
hbm:circuit:11, Versatile Circuit Board
hbm:circuit:12, Control Unit Casing
hbm:circuit:13, Control Unit
hbm:circuit:14, Advanced Control Unit
hbm:circuit:15, Quantum Processing Unit
hbm:circuit:16, Solid State Quantum Processor
hbm:circuit:17, Quantum Computer
hbm:circuit:18, Atomic Clock
hbm:circuit:19, Incandescent Seven Segment Display
hbm:fragment_neodymium, Neodymium Fragment
hbm:fragment_cobalt, Cobalt Fragment
hbm:fragment_niobium, Niobium Fragment
hbm:fragment_cerium, Cerium Fragment
hbm:fragment_lanthanium, Lanthanium Fragment
hbm:fragment_actinium, Actinium-227 Fragment
hbm:fragment_meteorite, Meteorite Fragment
hbm:fragment_boron, Boron Fragment
hbm:fragment_coltan, Coltan
hbm:demon_core_open, Suspended Demon Core
hbm:demon_core_closed, Closed Demon Core
hbm:bottle_opener, Hbm's Own Self-Made Bottle Opener
hbm:bottle_empty, Empty Bomb-Shaped Bottle
hbm:bottle_nuka, Bottle of Nuka Cola
hbm:bottle_cherry, Bottle of Nuka Cherry
hbm:bottle_quantum, Bottle of Nuka Cola Quantum
hbm:bottle_sparkle, Bottle of S~Cola
hbm:bottle_rad, Bottle of S~Cola RAD
hbm:bottle2_empty, Empty Bottle
hbm:bottle2_korl, Korl
hbm:bottle2_fritz, Fritz Cola
hbm:bottle2_korl_special, The First Korl
hbm:bottle2_fritz_special, The First Fritz Cola
hbm:bottle2_sunset, Sunset Sarsaparilla
hbm:flask_infusion:0, Shield Infusion
hbm:chocolate_milk, Chocolate Milk
hbm:coffee, Coffee
hbm:coffee_radium, Radium Coffee
hbm:chocolate, Ithis-Brand Radium Chocolate
hbm:cap_nuka, Nuka Cola Bottle Cap
hbm:cap_quantum, Nuka Cola Quantum Bottle Cap
hbm:cap_sparkle, S~Cola Bottle Cap
hbm:cap_rad, S~Cola RAD Bottle Cap
hbm:cap_korl, Korl Bottle Cap
hbm:cap_fritz, Fritz Cola Bottle Cap
hbm:cap_sunset, Sunset Sarsaparilla Bottle Cap
hbm:cap_star, Sunset Sarsaparilla Star Cap
hbm:ring_pull, Ring Pull
hbm:bomb_waffle, Waffle of Mass Destruction
hbm:schnitzel_vegan, Vegan Schnitzel
hbm:cotton_candy, Radioactive Cotton Candy
hbm:apple_lead:0, Lead Apple
hbm:apple_lead:1, Lead Apple
hbm:apple_lead:2, Lead Apple
hbm:apple_schrabidium:0, Schrabidium Apple
hbm:apple_schrabidium:1, Schrabidium Apple
hbm:apple_schrabidium:2, Schrabidium Apple
hbm:tem_flakes:0, Tem Flakes
hbm:glowing_stew, Glowing Mushroom Stew
hbm:balefire_scrambled, Scrambled Balefire Egg
hbm:balefire_and_ham, Ham and Balefire Eggs
hbm:lemon, "Lemon"
hbm:definitelyfood, MRE
hbm:med_ipecac, Ipecac Syrup
hbm:med_ptsd, PTSD Medication
hbm:med_schizophrenia, Schizophrenia Medication
hbm:loops, Lööps
hbm:loop_stew, IT Breakfast
hbm:fooditem, food item
hbm:twinkie, Twinkie
hbm:static_sandwich, Sandwich Garnished with TV Static
hbm:canteen_13, Vault 13 Canteen
hbm:canteen_vodka, Stylish Flask
hbm:canteen_fab, Fabulous Vodka
hbm:pancake, Pancake made from Scrap Metal, Nails and Gem Dust
hbm:nugget, Chicken Nugget
hbm:peas, Peas
hbm:marshmallow, Marshmallow on a Stick
hbm:cheese, Cheese
hbm:cheese_quesadilla, Cheese Quesadilla
hbm:mucho_mango, AriZona Mucho Mango
hbm:marshmallow_roasted, Marshmallow on a Stick
hbm:glyphid_meat, Glyphid Meat
hbm:glyphid_meat_grilled, Grilled Glyphid Meat
hbm:egg_glyphid, Glyphid Egg
hbm:spongebob_macaroni, Spongebob Macaroni
hbm:canned_conserve:0, Canned Beef
hbm:canned_conserve:1, Canned Tuna
hbm:canned_conserve:2, Canned Mystery Meat
hbm:canned_conserve:3, Паштет
hbm:canned_conserve:4, Canned Melted Cheese
hbm:canned_conserve:5, FlimFlam Industries Canned Stallion Milk™
hbm:canned_conserve:6, Canned Evaporated Milk
hbm:canned_conserve:7, Canned Ass
hbm:canned_conserve:8, Canned Pepperoni Pizza
hbm:canned_conserve:9, Astronaut Food Tube
hbm:canned_conserve:10, Canned Tomato Soup
hbm:canned_conserve:11, Canned Asbestos
hbm:canned_conserve:12, Canned Black Hole
hbm:canned_conserve:13, Canned Hotdogs
hbm:canned_conserve:14, Leftover Conserve
hbm:canned_conserve:15, Canned Yogurt
hbm:canned_conserve:16, Canned "Mushroom Stew"
hbm:canned_conserve:17, Canned Chinese Food
hbm:canned_conserve:18, Canned Engine Oil
hbm:canned_conserve:19, Canned Fist
hbm:canned_conserve:20, Canned Spam
hbm:canned_conserve:21, Canned Fried Chicken
hbm:canned_conserve:22, Canned Napalm
hbm:canned_conserve:23, Canned Diesel
hbm:canned_conserve:24, Canned Kerosene
hbm:canned_conserve:25, Canned Recursion
hbm:canned_conserve:26, Canned Pine Bark Jerky
hbm:can_key, Winding Key
hbm:coin_maskman, Maskman Coin
hbm:coin_creeper, Nuclear Creeper Coin
hbm:coin_radiation, Radiation Coin
hbm:coin_worm, Balls-O-Tron Coin
hbm:coin_ufo, UFO Coin
hbm:coin_siege:0, Siege Coin
hbm:coin_siege:1, Siege Coin
hbm:coin_siege:2, Siege Coin
hbm:coin_siege:3, Siege Coin
hbm:coin_siege:4, Siege Coin
hbm:coin_siege:5, Siege Coin
hbm:coin_siege:6, Siege Coin
hbm:coin_siege:7, Siege Coin
hbm:coin_siege:8, Siege Coin
hbm:coin_token, Vending Machine Token
hbm:pudding, Pudding
hbm:can_empty, Empty Can
hbm:can_smart, 'Smart' Energy Drink
hbm:can_creature, 'Creature' Energy Drink
hbm:can_redbomb, 'Red Bomb' Energy Drink
hbm:can_mrsugar, 'Dr. Sugar' Soft Drink
hbm:can_overcharge, Overcharge Delirium XT
hbm:can_luna, Black Mesa Luna - Dark Cola
hbm:can_bepis, Bepis
hbm:can_breen, Dr>Breens Private Reserve
hbm:can_mug, MUG Root Beer
hbm:drone:0, Transport Drone
hbm:drone:1, Chunkloading Transport Drone
hbm:drone:2, Express Transport Drone
hbm:drone:3, Chunkloading Express Transport Drone
hbm:drone:4, Logistics Drone
hbm:titanium_sword, Titanium Sword
hbm:titanium_pickaxe, Titanium Pickaxe
hbm:titanium_axe, Titanium Axe
hbm:titanium_shovel, Titanium Shovel
hbm:titanium_hoe, Titanium Hoe
hbm:steel_sword, Steel Sword
hbm:steel_pickaxe, Steel Pickaxe
hbm:steel_axe, Steel Axe
hbm:steel_shovel, Steel Shovel
hbm:steel_hoe, Steel Hoe
hbm:alloy_sword, Advanced Alloy Sword (LEGACY)
hbm:alloy_pickaxe, Advanced Alloy Pickaxe (LEGACY)
hbm:alloy_axe, Advanced Alloy Axe (LEGACY)
hbm:alloy_shovel, Advanced Alloy Shovel (LEGACY)
hbm:alloy_hoe, Advanced Alloy Hoe (LEGACY)
hbm:elec_sword, Stunstick
hbm:elec_pickaxe, Impact Drill
hbm:elec_axe, Electric Chainsaw
hbm:elec_shovel, Spiral Drill
hbm:desh_sword, Desh Sword
hbm:desh_pickaxe, Desh Pickaxe
hbm:desh_axe, Desh Axe
hbm:desh_shovel, Desh Shovel
hbm:desh_hoe, Desh Hoe
hbm:cobalt_sword, Cobalt Sword
hbm:cobalt_pickaxe, Cobalt Pickaxe
hbm:cobalt_axe, Cobalt Axe
hbm:cobalt_shovel, Cobalt Shovel
hbm:cobalt_hoe, Cobalt Hoe
hbm:centri_stick, Centrifuge on a Stick
hbm:smashing_hammer, Smashing Hammer
hbm:cobalt_decorated_sword, Decorated Cobalt Sword
hbm:cobalt_decorated_pickaxe, Decorated Cobalt Pickaxe
hbm:cobalt_decorated_axe, Decorated Cobalt Axe
hbm:cobalt_decorated_shovel, Decorated Cobalt Shovel
hbm:cobalt_decorated_hoe, Decorated Cobalt Hoe
hbm:starmetal_sword, Starmetal Sword
hbm:starmetal_pickaxe, Starmetal Pickaxe
hbm:starmetal_axe, Starmetal Axe
hbm:starmetal_shovel, Starmetal Shovel
hbm:starmetal_hoe, Starmetal Hoe
hbm:cmb_sword, CMB Steel Sword
hbm:cmb_pickaxe, CMB Steel Pickaxe
hbm:cmb_axe, CMB Steel Axe
hbm:cmb_shovel, CMB Steel Shovel
hbm:cmb_hoe, CMB Steel Hoe
hbm:bismuth_axe, Bismuth Axe
hbm:bismuth_pickaxe, Bismuth Pickaxe
hbm:volcanic_axe, Molten Axe
hbm:volcanic_pickaxe, Molten Pickaxe
hbm:chlorophyte_axe, Chlorophyte Axe
hbm:chlorophyte_pickaxe, Chlorophyte Pickaxe
hbm:schrabidium_hoe, Schrabidium Hoe
hbm:schrabidium_sword, Schrabidium Sword
hbm:schrabidium_pickaxe, Schrabidium Pickaxe
hbm:schrabidium_axe, Schrabidium Axe
hbm:schrabidium_shovel, Schrabidium Shovel
hbm:crowbar, Mk.V Crate Opening Device "Crowbar"
hbm:weapon_saw, Doctor Assisted Homicide
hbm:weapon_bat, Richard's Default
hbm:weapon_bat_nail, The Cliché
hbm:weapon_golf_club, Russian Mobster's Club
hbm:weapon_pipe_rusty, The Attitude Adjuster
hbm:weapon_pipe_lead, The Manual Override
hbm:reer_graar, The Reer Graar
hbm:stopsign, Stop Sign Battle Axe
hbm:sopsign, Sop Sign Battle Axe
hbm:chernobylsign, Chernobyl Warning Sign Battle Axe
hbm:mask_of_infamy, Mask of Infamy
hbm:meteorite_sword, Meteorite Sword
hbm:meteorite_sword_seared, Meteorite Sword (Seared)
hbm:meteorite_sword_reforged, Meteorite Sword (Reforged)
hbm:meteorite_sword_hardened, Meteorite Sword (Hardened)
hbm:meteorite_sword_alloyed, Meteorite Sword (Alloyed)
hbm:meteorite_sword_machined, Meteorite Sword (Machined)
hbm:meteorite_sword_treated, Meteorite Sword (Treated)
hbm:meteorite_sword_etched, Meteorite Sword (Etched)
hbm:meteorite_sword_bred, Meteorite Sword (Bred)
hbm:meteorite_sword_irradiated, Meteorite Sword (Irradiated)
hbm:meteorite_sword_fused, Meteorite Sword (Fused)
hbm:meteorite_sword_baleful, Meteorite Sword (Baleful)
hbm:plate_iron, Iron Plate
hbm:plate_copper, Copper Plate
hbm:plate_titanium, Titanium Plate
hbm:plate_aluminium, Aluminium Plate
hbm:plate_gold, Gold Plate
hbm:plate_lead, Lead Plate
hbm:plate_steel, Steel Plate
hbm:plate_combine_steel, CMB Steel Plate
hbm:plate_paa, PaA Alloy Plate
hbm:plate_saturnite, Saturnite Plate
hbm:plate_schrabidium, Schrabidium Plate
hbm:plate_dalekanium, Angry Metal
hbm:plate_mixed, Mixed Plate
hbm:plate_kevlar, Kevlar Sheet
hbm:plate_polymer, Insulator
hbm:plate_desh, Desh Compound Plate
hbm:plate_bismuth, Bismuth Compound Plate
hbm:plate_euphemium, Euphemium Compound Plate
hbm:plate_dineutronium, Dineutronium Compound Plate
hbm:plate_armor_titanium, Titanium Armor Plate
hbm:plate_armor_ajr, Iron-Shod Armor Plating
hbm:plate_armor_hev, Reactive Armor Plating
hbm:plate_armor_lunar, Lunar Plating
hbm:plate_armor_fau, Fau Armor Plating
hbm:plate_armor_dnt, DNT Armor Plating
hbm:plate_dura_steel, High-Speed Steel Plate
hbm:plate_gunmetal, Gunmetal Plate
hbm:plate_weaponsteel, Weapon Steel Plate
hbm:blueprint_folder:0, Blueprint Booklet
hbm:blueprint_folder:1, Blueprint Booklet
hbm:template_folder, Machine Template Folder
hbm:journal_pip, Survivalist's Journal
hbm:journal_bj, Whiskey Drenched Notebook
hbm:journal_silver, Contractor's Notes
hbm:bobmazon, Bobmazon
hbm:bobmazon_hidden, Hidden Catalog
hbm:siren_track:1, Siren Track
hbm:siren_track:2, Siren Track
hbm:siren_track:3, Siren Track
hbm:siren_track:4, Siren Track
hbm:siren_track:5, Siren Track
hbm:siren_track:6, Siren Track
hbm:siren_track:7, Siren Track
hbm:siren_track:8, Siren Track
hbm:siren_track:9, Siren Track
hbm:siren_track:10, Siren Track
hbm:siren_track:11, Siren Track
hbm:siren_track:12, Siren Track
hbm:siren_track:13, Siren Track
hbm:siren_track:14, Siren Track
hbm:siren_track:15, Siren Track
hbm:siren_track:16, Siren Track
hbm:siren_track:17, Siren Track
hbm:siren_track:18, Siren Track
hbm:siren_track:19, Siren Track
hbm:siren_track:20, Siren Track
hbm:fluid_identifier_multi, Multi Fluid Identifier
hbm:ff_fluid_duct:152, Fluid Duct: Compressed Air
hbm:ff_fluid_duct:155, Fluid Duct: Hot Air Blast
hbm:ff_fluid_duct:1, Fluid Duct: Water
hbm:ff_fluid_duct:60, Fluid Duct: Heavy Water
hbm:ff_fluid_duct:125, Fluid Duct: Hot Heavy Water
hbm:ff_fluid_duct:7, Fluid Duct: Lava
hbm:ff_fluid_duct:2, Fluid Duct: Steam
hbm:ff_fluid_duct:3, Fluid Duct: Dense Steam
hbm:ff_fluid_duct:4, Fluid Duct: Super Dense Steam
hbm:ff_fluid_duct:5, Fluid Duct: Ultra Dense Steam
hbm:ff_fluid_duct:48, Fluid Duct: Low-Pressure Steam
hbm:ff_fluid_duct:55, Fluid Duct: Carbon Dioxide
hbm:ff_fluid_duct:6, Fluid Duct: Coolant
hbm:ff_fluid_duct:76, Fluid Duct: Hot Coolant
hbm:ff_fluid_duct:145, Fluid Duct: Perfluoromethyl
hbm:ff_fluid_duct:146, Fluid Duct: Cold Perfluoromethyl
hbm:ff_fluid_duct:147, Fluid Duct: Hot Perfluoromethyl
hbm:ff_fluid_duct:37, Fluid Duct: Cryogel
hbm:ff_fluid_duct:77, Fluid Duct: Mug Root Beer
hbm:ff_fluid_duct:78, Fluid Duct: Hot Mug Root Beer
hbm:ff_fluid_duct:84, Fluid Duct: Blood
hbm:ff_fluid_duct:85, Fluid Duct: Hot Blood
hbm:ff_fluid_duct:126, Fluid Duct: Liquid Sodium
hbm:ff_fluid_duct:127, Fluid Duct: Hot Liquid Sodium
hbm:ff_fluid_duct:143, Fluid Duct: Liquid Lead
hbm:ff_fluid_duct:144, Fluid Duct: Hot Liquid Lead
hbm:ff_fluid_duct:128, Fluid Duct: Liquid Thorium Salt
hbm:ff_fluid_duct:129, Fluid Duct: Hot Liquid Thorium Salt
hbm:ff_fluid_duct:130, Fluid Duct: Depleted Liquid Thorium Salt
hbm:ff_fluid_duct:38, Fluid Duct: Liquid Hydrogen
hbm:ff_fluid_duct:8, Fluid Duct: Deuterium
hbm:ff_fluid_duct:9, Fluid Duct: Tritium
hbm:ff_fluid_duct:57, Fluid Duct: Helium-3
hbm:ff_fluid_duct:124, Fluid Duct: Helium-4
hbm:ff_fluid_duct:39, Fluid Duct: Liquid Oxygen
hbm:ff_fluid_duct:40, Fluid Duct: Xenon Gas
hbm:ff_fluid_duct:90, Fluid Duct: Chlorine Gas
hbm:ff_fluid_duct:42, Fluid Duct: Mercury
hbm:ff_fluid_duct:10, Fluid Duct: Crude Oil
hbm:ff_fluid_duct:134, Fluid Duct: Desulfurized Crude Oil
hbm:ff_fluid_duct:61, Fluid Duct: Cracked Oil
hbm:ff_fluid_duct:136, Fluid Duct: Desulfurized Cracked Oil
hbm:ff_fluid_duct:62, Fluid Duct: Coal Oil
hbm:ff_fluid_duct:105, Fluid Duct: Coker Oil
hbm:ff_fluid_duct:11, Fluid Duct: Hot Crude Oil
hbm:ff_fluid_duct:135, Fluid Duct: Desulfurized Hot Crude Oil
hbm:ff_fluid_duct:63, Fluid Duct: Hot Cracked Oil
hbm:ff_fluid_duct:137, Fluid Duct: Desulfurized Hot Cracked Oil
hbm:ff_fluid_duct:12, Fluid Duct: Heavy Oil
hbm:ff_fluid_duct:91, Fluid Duct: Vacuum Heavy Oil
hbm:ff_fluid_duct:19, Fluid Duct: Naphtha
hbm:ff_fluid_duct:138, Fluid Duct: Desulfurized Naphtha
hbm:ff_fluid_duct:64, Fluid Duct: Cracked Naphtha
hbm:ff_fluid_duct:106, Fluid Duct: Coker Naphtha
hbm:ff_fluid_duct:92, Fluid Duct: Reformate
hbm:ff_fluid_duct:21, Fluid Duct: Light Oil
hbm:ff_fluid_duct:139, Fluid Duct: Desulfurized Light Oil
hbm:ff_fluid_duct:65, Fluid Duct: Cracked Light Oil
hbm:ff_fluid_duct:93, Fluid Duct: Vacuum Light Oil
hbm:ff_fluid_duct:13, Fluid Duct: Bitumen
hbm:ff_fluid_duct:14, Fluid Duct: Industrial Oil
hbm:ff_fluid_duct:15, Fluid Duct: Heating Oil
hbm:ff_fluid_duct:96, Fluid Duct: Heavy Heating Oil
hbm:ff_fluid_duct:16, Fluid Duct: Reclaimed Industrial Oil
hbm:ff_fluid_duct:18, Fluid Duct: Engine Lubricant
hbm:ff_fluid_duct:156, Fluid Duct: Flue Gas
hbm:ff_fluid_duct:23, Fluid Duct: Natural Gas
hbm:ff_fluid_duct:107, Fluid Duct: Coker Gas
hbm:ff_fluid_duct:24, Fluid Duct: Petroleum Gas
hbm:ff_fluid_duct:94, Fluid Duct: Sour Gas
hbm:ff_fluid_duct:25, Fluid Duct: LPG
hbm:ff_fluid_duct:86, Fluid Duct: Syngas
hbm:ff_fluid_duct:87, Fluid Duct: Oxyhydrogen
hbm:ff_fluid_duct:67, Fluid Duct: Aromatic Hydrocarbons
hbm:ff_fluid_duct:68, Fluid Duct: Unsaturated Hydrocarbons
hbm:ff_fluid_duct:95, Fluid Duct: BTX
hbm:ff_fluid_duct:100, Fluid Duct: Reformate Gas
hbm:ff_fluid_duct:20, Fluid Duct: Diesel
hbm:ff_fluid_duct:97, Fluid Duct: High-Cetane Diesel
hbm:ff_fluid_duct:66, Fluid Duct: Cracked Diesel
hbm:ff_fluid_duct:98, Fluid Duct: High-Cetane Cracked Diesel
hbm:ff_fluid_duct:22, Fluid Duct: Kerosene
hbm:ff_fluid_duct:99, Fluid Duct: Jet Fuel
hbm:ff_fluid_duct:17, Fluid Duct: Petroil
hbm:ff_fluid_duct:72, Fluid Duct: Leaded Petroil
hbm:ff_fluid_duct:46, Fluid Duct: Gasoline
hbm:ff_fluid_duct:73, Fluid Duct: Leaded Gasoline
hbm:ff_fluid_duct:47, Fluid Duct: Coal Gasoline
hbm:ff_fluid_duct:74, Fluid Duct: Leaded Coal Gasoline
hbm:ff_fluid_duct:80, Fluid Duct: Coal Tar Creosote
hbm:ff_fluid_duct:79, Fluid Duct: Wood Oil
hbm:ff_fluid_duct:26, Fluid Duct: Biogas
hbm:ff_fluid_duct:27, Fluid Duct: Biofuel
hbm:ff_fluid_duct:59, Fluid Duct: Ethanol
hbm:ff_fluid_duct:111, Fluid Duct: Fish Oil
hbm:ff_fluid_duct:112, Fluid Duct: Sunflower Seed Oil
hbm:ff_fluid_duct:28, Fluid Duct: NITAN© 100 Octane Super Fuel
hbm:ff_fluid_duct:154, Fluid Duct: Deuterated Hydrocarbon
hbm:ff_fluid_duct:41, Fluid Duct: BF Rocket Fuel
hbm:ff_fluid_duct:69, Fluid Duct: Salient Green
hbm:ff_fluid_duct:81, Fluid Duct: Seeding Slurry
hbm:ff_fluid_duct:101, Fluid Duct: Colloid
hbm:ff_fluid_duct:141, Fluid Duct: Vitriol
hbm:ff_fluid_duct:142, Fluid Duct: Ore Slop
hbm:ff_fluid_duct:104, Fluid Duct: Ionic Gel
hbm:ff_fluid_duct:35, Fluid Duct: Hydrogen Peroxide
hbm:ff_fluid_duct:75, Fluid Duct: Sulfuric Acid
hbm:ff_fluid_duct:82, Fluid Duct: Nitric Acid
hbm:ff_fluid_duct:83, Fluid Duct: Solvent
hbm:ff_fluid_duct:88, Fluid Duct: High-Performance Solvent
hbm:ff_fluid_duct:32, Fluid Duct: Schrabidic Acid
hbm:ff_fluid_duct:29, Fluid Duct: Uranium Hexafluoride
hbm:ff_fluid_duct:30, Fluid Duct: Plutonium Hexafluoride
hbm:ff_fluid_duct:31, Fluid Duct: Schrabidium Trisulfide
hbm:ff_fluid_duct:43, Fluid Duct: Pandemonium(III)tantalite Solution
hbm:ff_fluid_duct:58, Fluid Duct: Osmiridic Solution
hbm:ff_fluid_duct:36, Fluid Duct: Poisonous Mud
hbm:ff_fluid_duct:114, Fluid Duct: Red Mud
hbm:ff_fluid_duct:131, Fluid Duct: Fullerene Solution
hbm:ff_fluid_duct:108, Fluid Duct: Dissolved Egg
hbm:ff_fluid_duct:109, Fluid Duct: Cholesterol Solution
hbm:ff_fluid_duct:115, Fluid Duct: Chlorocalcite Solution
hbm:ff_fluid_duct:116, Fluid Duct: Mixed Chlorocalcite Solution
hbm:ff_fluid_duct:117, Fluid Duct: Cleaned Chlorocalcite Solution
hbm:ff_fluid_duct:118, Fluid Duct: Potassiumchloride Solution
hbm:ff_fluid_duct:119, Fluid Duct: Calciumchloride Solution
hbm:ff_fluid_duct:120, Fluid Duct: Calcium Solution
hbm:ff_fluid_duct:149, Fluid Duct: Sodium Aluminate
hbm:ff_fluid_duct:150, Fluid Duct: Bauxite Solution
hbm:ff_fluid_duct:151, Fluid Duct: Alumina
hbm:ff_fluid_duct:153, Fluid Duct: Liquid Concrete
hbm:ff_fluid_duct:49, Fluid Duct: Fracking Solution
hbm:ff_fluid_duct:148, Fluid Duct: Lye
hbm:ff_fluid_duct:102, Fluid Duct: Phosgene
hbm:ff_fluid_duct:103, Fluid Duct: Mustard Gas
hbm:ff_fluid_duct:110, Fluid Duct: Estradiol Solution
hbm:ff_fluid_duct:113, Fluid Duct: Nitroglycerin
hbm:ff_fluid_duct:33, Fluid Duct: Antimatter
hbm:ff_fluid_duct:34, Fluid Duct: Antischrabidium
hbm:ff_fluid_duct:44, Fluid Duct: Liquid Nuclear Waste
hbm:ff_fluid_duct:45, Fluid Duct: Gaseous Nuclear Waste
hbm:ff_fluid_duct:70, Fluid Duct: Experience Juice
hbm:ff_fluid_duct:71, Fluid Duct: Ender Juice
hbm:ff_fluid_duct:140, Fluid Duct: Stellar Flux
hbm:ff_fluid_duct:132, Fluid Duct: Booster Pheromone
hbm:ff_fluid_duct:133, Fluid Duct: Modified Booster Pheromone
hbm:ff_fluid_duct:89, Fluid Duct: Hydrazine
hbm:ff_fluid_duct:1000, Fluid Duct: Custom Fluid Demo
hbm:mese_gavel, Mese Gavel
hbm:mese_pickaxe, Mese Pickaxe
hbm:mese_axe, Mese Axe
hbm:dnt_sword, dinuatureum sword
hbm:dwarven_pickaxe, Dwarven Pickaxe
hbm:crystal_coal, Coal Crystals
hbm:crystal_iron, Iron Crystals
hbm:crystal_gold, Gold Crystals
hbm:crystal_redstone, Redstone Crystals
hbm:crystal_lapis, Lapis Crystals
hbm:crystal_diamond, Diamond Crystals
hbm:crystal_uranium, Uranium Crystals
hbm:crystal_thorium, Thorium Crystals
hbm:crystal_plutonium, Plutonium Crystals
hbm:crystal_titanium, Titanium Crystals
hbm:crystal_sulfur, Sulfur Crystals
hbm:crystal_niter, Niter Crystals
hbm:crystal_copper, Copper Crystals
hbm:crystal_tungsten, Tungsten Crystals
hbm:crystal_aluminium, Aluminium Crystals
hbm:crystal_fluorite, Fluorite Crystals
hbm:crystal_beryllium, Beryllium Crystals
hbm:crystal_lead, Lead Crystals
hbm:crystal_asbestos, Asbestos Crystals
hbm:crystal_schraranium, Schraranium Crystals
hbm:crystal_schrabidium, Schrabidium Crystals
hbm:crystal_rare, Rare Earth Crystals
hbm:crystal_phosphorus, Phosphorus Crystals
hbm:crystal_lithium, Lithium Crystals
hbm:crystal_cinnabar, Cinnabar Crystals
hbm:crystal_cobalt, Cobalt Crystals
hbm:crystal_starmetal, Starmetal Crystals
hbm:crystal_trixite, Trixite Crystals
hbm:crystal_osmiridium, Osmiridium Crystals
hbm:gem_tantalium, Tantalium Polycrystal
hbm:gem_volcanic, Volcanic Gem
hbm:gem_sodalite, Sodalite
hbm:gem_rad, Radioactive Gem
hbm:gem_alexandrite, Alexandrite
hbm:upgrade_muffler, Muffler
hbm:upgrade_template, Machine Upgrade Template
hbm:deuterium_filter, Deuterium Filter
hbm:parts_legendary:0, Legendary Parts
hbm:parts_legendary:1, Legendary Parts
hbm:parts_legendary:2, Legendary Parts
hbm:sawblade, Sawblade
hbm:gear_large:0, Large Gear
hbm:gear_large:1, Large Steel Gear
hbm:crt_display,  Cathode Ray Tube
hbm:circuit_star_piece:0, SC - Printed Circuit Board
hbm:circuit_star_piece:1, SC - Transistors
hbm:circuit_star_piece:2, SC - Voltage Converter
hbm:circuit_star_piece:3, SC - North Bridge
hbm:circuit_star_piece:4, SC - South Bridge
hbm:circuit_star_piece:5, SC - IO Chip
hbm:circuit_star_piece:6, SC - BUS
hbm:circuit_star_piece:7, SC - Chipset
hbm:circuit_star_piece:8, SC - CMOS RAM
hbm:circuit_star_piece:9, SC- BIOS Chip
hbm:circuit_star_piece:10, SC - CPU Register
hbm:circuit_star_piece:11, SC - CPU Clock
hbm:circuit_star_piece:12, SC - Arithmetic Logic Unit
hbm:circuit_star_piece:13, SC - CPU Cache
hbm:circuit_star_piece:14, SC - Arsenic Semi Conductor Extension
hbm:circuit_star_piece:15, SC - CPU Socket
hbm:circuit_star_piece:16, SC - Memory Socket
hbm:circuit_star_piece:17, SC - 16k Memory Stick Slot A
hbm:circuit_star_piece:18, SC - 16k Memory Stick Slot B
hbm:circuit_star_piece:19, SC - 16k Memory Stick Slot C
hbm:circuit_star_piece:20, SC - 16k Memory Stick Slot D
hbm:circuit_star_piece:21, SC - Extension Card Board
hbm:circuit_star_piece:22, SC - Extension Card Processor
hbm:circuit_star_component:0, StarControl Chipset
hbm:circuit_star_component:1, StarControl CPU
hbm:circuit_star_component:2, StarControl RAM
hbm:circuit_star_component:3, StarControl Extension Card
hbm:circuit_star, StarControl Circuit Board
hbm:mechanism_revolver_1, Revolver Mechanism
hbm:mechanism_revolver_2, Advanced Revolver Mechanism
hbm:mechanism_rifle_1, Rifle Mechanism
hbm:mechanism_rifle_2, Advanced Rifle Mechanism
hbm:mechanism_launcher_1, Launcher Mechanism
hbm:mechanism_launcher_2, Advanced Launcher Mechanism
hbm:mechanism_special, High-Tech Weapon Mechanism
hbm:primer_357, .357 Magnum Primer (x24)
hbm:primer_44, .44 Magnum Primer (x24)
hbm:primer_9, Small Caliber Primer (x32)
hbm:primer_50, Large Caliber Primer (x12)
hbm:primer_buckshot, Buckshot Primer (x12)
hbm:casing_357, .357 Magnum Casings
hbm:casing_44, .44 Magnum Casings
hbm:casing_9, Small Caliber Casings
hbm:casing_50, Large Caliber Casings
hbm:casing_buckshot, Buckshot Casing
hbm:coil_gold, Gold Coil
hbm:coil_gold_torus, Golden Ring Coil
hbm:coil_tungsten, Heating Coil
hbm:coil_copper, Copper Coil
hbm:coil_copper_torus, Ring Coil
hbm:coil_magnetized_tungsten, 4000K High Temperature Super Conducting Coil
hbm:assembly_nuke, Mini Nuke Shell
hbm:ammo_shell:0, 240mm Shell
hbm:ammo_shell:1, 240mm HE Shell
hbm:ammo_shell:2, 240mm APFSDS-T
hbm:ammo_shell:3, 240mm APFSDS-DU
hbm:ammo_shell:4, 240mm W9 Nuclear Shell
hbm:ammo_dgk, Goalkeeper Twin CIWS 200 Round Belt
hbm:ammo_fireext:0, Fire Extinguisher Water Tank
hbm:ammo_fireext:1, Fire Extinguisher Foam Tank
hbm:ammo_fireext:2, Fire Extinguisher Sand Tank
hbm:ammo_misc:0, Goalkeeper Twin CIWS 200 Round Belt
hbm:ammo_arty:0, 16" Artillery Shell
hbm:ammo_arty:1, 16" Artillery Shell (The Factorio Special)
hbm:ammo_arty:2, 16" High Explosive Artillery Shell
hbm:ammo_arty:3, 16" Micro Nuclear Artillery Shell
hbm:ammo_arty:4, 16" Nuclear Artillery Shell
hbm:ammo_arty:5, 16" Phosphorus Shell
hbm:ammo_arty:6, 16" Multi Micro Nuclear Artillery Shell
hbm:ammo_arty:7, 16" Multi Phosphorus Shell
hbm:ammo_arty:8, 16" Express Delivery Artillery Shell
hbm:ammo_arty:9, 16" Chlorine Gas Artillery Shell
hbm:ammo_arty:10, 16" Phosgene Artillery Shell
hbm:ammo_arty:11, 16" Mustard Gas Artillery Shell
hbm:ammo_himars:0, 227mm Guided Artillery Rocket Pod
hbm:ammo_himars:1, 227mm Guided Artillery Rocket Pod (HE)
hbm:ammo_himars:2, 227mm Guided Artillery Rocket Pod (WP)
hbm:ammo_himars:3, 227mm Guided Artillery Rocket Pod (Thermobaric)
hbm:ammo_himars:4, 227mm Guided Artillery Rocket Pod (Lava)
hbm:ammo_himars:5, 227mm Guided Artillery Rocket Pod (Mini Nuke)
hbm:ammo_himars:6, 610mm Guided Artillery Rocket Pod
hbm:ammo_himars:7, 610mm Guided Artillery Rocket Pod (Thermobaric)
hbm:gun_b92_ammo, §9B92 Energy Cell§r
hbm:charge_railgun, Deuterium Plasma Capsule
hbm:ammo_container:0, Ammo Container
hbm:ammo_container:1, Ammo Container
hbm:grenade_shell:0, Compact Grenade Shell
hbm:grenade_shell:1, Stick Grenade Shell
hbm:grenade_shell:2, High-Tech Grenade Shell
hbm:grenade_shell:3, Nuclear Grenade Shell
hbm:grenade_filling:0, Gunpowder Grenade Charge
hbm:grenade_filling:1, High-Explosive Grenade Charge
hbm:grenade_filling:2, Demolition Grenade Charge
hbm:grenade_filling:3, Incendiary Grenade Charge
hbm:grenade_filling:4, White Phosphorus Grenade Charge
hbm:grenade_filling:5, Cluster Grenade Charge
hbm:grenade_filling:6, EMP Grenade Charge
hbm:grenade_filling:7, Plasma Grenade Charge
hbm:grenade_filling:8, Laser Grenade Charge
hbm:grenade_filling:9, Heavy Cluster Grenade Charge
hbm:grenade_filling:10, Nuclear Grenade Charge
hbm:grenade_filling:11, Nuclear Demolition Grenade Charge
hbm:grenade_filling:12, Schrabidium Grenade Charge
hbm:grenade_fuze:0, Timed Grenade Fuze, 3s
hbm:grenade_fuze:1, Timed Grenade Fuze, 7s
hbm:grenade_fuze:2, Timed Grenade Fuze, 15s
hbm:grenade_fuze:3, Impact Grenade Fuze
hbm:grenade_fuze:4, Airburst Grenade Fuze
hbm:grenade_extra:0, Grenade Extra - Glue
hbm:grenade_extra:1, Grenade Extra - Proximity Fuze
hbm:grenade_extra:2, Grenade Extra - Fragmentation Sleeve
hbm:grenade_extra:3, Grenade Extra - Triplex
hbm:grenade_universal, Grenade
hbm:weaponized_starblaster_cell, §cRigged Star Blaster Energy Cell§r
hbm:turret_chip, Turret AI-Chip
hbm:turret_biometry, Turret Telemetry Card
hbm:designator_arty_range, Long Range Artillery Remote
hbm:book_guide_book:1, Guide Book
hbm:book_guide_book:2, Guide Book
hbm:book_guide_book:3, Guide Book
hbm:book_guide_book:4, Guide Book
hbm:book_lore, item.book_lore.name
hbm:rune_blank, Blank Catalyst Matrix
hbm:rune_isa, Cool Catalyst Matrix
hbm:rune_dagaz, Balanced Catalyst Matrix
hbm:rune_hagalaz, Rough Catalyst Matrix
hbm:rune_jera, Multiplicative Catalyst Matrix
hbm:rune_thurisaz, Additive Catalyst Matrix
hbm:rbmk_lid, RBMK Cover Panel
hbm:rbmk_lid_glass, RBMK Glass Cover Panel
hbm:debris_graphite, Hot Graphite Chunk
hbm:debris_metal, Broken Metal Bar
hbm:debris_fuel, RBMK Fuel Chunk
hbm:debris_concrete, Broken Concrete
hbm:debris_shrapnel, Walkway Shrapnel
hbm:debris_exchanger, Heat Exchanger Piece
hbm:debris_element, Broken ZIRNOX Fuel Element
hbm:rbmk_pellet_zfb_bismuth:0, Bismuth ZFB Pellet
hbm:rbmk_pellet_zfb_bismuth:1, Bismuth ZFB Pellet
hbm:rbmk_pellet_zfb_bismuth:2, Bismuth ZFB Pellet
hbm:rbmk_pellet_zfb_bismuth:3, Bismuth ZFB Pellet
hbm:rbmk_pellet_zfb_bismuth:4, Bismuth ZFB Pellet
hbm:rbmk_pellet_zfb_bismuth:5, Bismuth ZFB Pellet
hbm:rbmk_pellet_zfb_bismuth:6, Bismuth ZFB Pellet
hbm:rbmk_pellet_zfb_bismuth:7, Bismuth ZFB Pellet
hbm:rbmk_pellet_zfb_bismuth:8, Bismuth ZFB Pellet
hbm:rbmk_pellet_zfb_bismuth:9, Bismuth ZFB Pellet
hbm:rbmk_pellet_zfb_pu241:0, Pu-241 ZFB Pellet
hbm:rbmk_pellet_zfb_pu241:1, Pu-241 ZFB Pellet
hbm:rbmk_pellet_zfb_pu241:2, Pu-241 ZFB Pellet
hbm:rbmk_pellet_zfb_pu241:3, Pu-241 ZFB Pellet
hbm:rbmk_pellet_zfb_pu241:4, Pu-241 ZFB Pellet
hbm:rbmk_pellet_zfb_pu241:5, Pu-241 ZFB Pellet
hbm:rbmk_pellet_zfb_pu241:6, Pu-241 ZFB Pellet
hbm:rbmk_pellet_zfb_pu241:7, Pu-241 ZFB Pellet
hbm:rbmk_pellet_zfb_pu241:8, Pu-241 ZFB Pellet
hbm:rbmk_pellet_zfb_pu241:9, Pu-241 ZFB Pellet
hbm:rbmk_pellet_zfb_am_mix:0, Fuel Grade Americium ZFB Pellet
hbm:rbmk_pellet_zfb_am_mix:1, Fuel Grade Americium ZFB Pellet
hbm:rbmk_pellet_zfb_am_mix:2, Fuel Grade Americium ZFB Pellet
hbm:rbmk_pellet_zfb_am_mix:3, Fuel Grade Americium ZFB Pellet
hbm:rbmk_pellet_zfb_am_mix:4, Fuel Grade Americium ZFB Pellet
hbm:rbmk_pellet_zfb_am_mix:5, Fuel Grade Americium ZFB Pellet
hbm:rbmk_pellet_zfb_am_mix:6, Fuel Grade Americium ZFB Pellet
hbm:rbmk_pellet_zfb_am_mix:7, Fuel Grade Americium ZFB Pellet
hbm:rbmk_pellet_zfb_am_mix:8, Fuel Grade Americium ZFB Pellet
hbm:rbmk_pellet_zfb_am_mix:9, Fuel Grade Americium ZFB Pellet
hbm:rbmk_pellet_ueu:0, NU Fuel Pellet
hbm:rbmk_pellet_ueu:1, NU Fuel Pellet
hbm:rbmk_pellet_ueu:2, NU Fuel Pellet
hbm:rbmk_pellet_ueu:3, NU Fuel Pellet
hbm:rbmk_pellet_ueu:4, NU Fuel Pellet
hbm:rbmk_pellet_ueu:5, NU Fuel Pellet
hbm:rbmk_pellet_ueu:6, NU Fuel Pellet
hbm:rbmk_pellet_ueu:7, NU Fuel Pellet
hbm:rbmk_pellet_ueu:8, NU Fuel Pellet
hbm:rbmk_pellet_ueu:9, NU Fuel Pellet
hbm:rbmk_pellet_meu:0, MEU Fuel Pellet
hbm:rbmk_pellet_meu:1, MEU Fuel Pellet
hbm:rbmk_pellet_meu:2, MEU Fuel Pellet
hbm:rbmk_pellet_meu:3, MEU Fuel Pellet
hbm:rbmk_pellet_meu:4, MEU Fuel Pellet
hbm:rbmk_pellet_meu:5, MEU Fuel Pellet
hbm:rbmk_pellet_meu:6, MEU Fuel Pellet
hbm:rbmk_pellet_meu:7, MEU Fuel Pellet
hbm:rbmk_pellet_meu:8, MEU Fuel Pellet
hbm:rbmk_pellet_meu:9, MEU Fuel Pellet
hbm:rbmk_pellet_heu233:0, HEU-233 Fuel Pellet
hbm:rbmk_pellet_heu233:1, HEU-233 Fuel Pellet
hbm:rbmk_pellet_heu233:2, HEU-233 Fuel Pellet
hbm:rbmk_pellet_heu233:3, HEU-233 Fuel Pellet
hbm:rbmk_pellet_heu233:4, HEU-233 Fuel Pellet
hbm:rbmk_pellet_heu233:5, HEU-233 Fuel Pellet
hbm:rbmk_pellet_heu233:6, HEU-233 Fuel Pellet
hbm:rbmk_pellet_heu233:7, HEU-233 Fuel Pellet
hbm:rbmk_pellet_heu233:8, HEU-233 Fuel Pellet
hbm:rbmk_pellet_heu233:9, HEU-233 Fuel Pellet
hbm:rbmk_pellet_heu235:0, HEU-235 Fuel Pellet
hbm:rbmk_pellet_heu235:1, HEU-235 Fuel Pellet
hbm:rbmk_pellet_heu235:2, HEU-235 Fuel Pellet
hbm:rbmk_pellet_heu235:3, HEU-235 Fuel Pellet
hbm:rbmk_pellet_heu235:4, HEU-235 Fuel Pellet
hbm:rbmk_pellet_heu235:5, HEU-235 Fuel Pellet
hbm:rbmk_pellet_heu235:6, HEU-235 Fuel Pellet
hbm:rbmk_pellet_heu235:7, HEU-235 Fuel Pellet
hbm:rbmk_pellet_heu235:8, HEU-235 Fuel Pellet
hbm:rbmk_pellet_heu235:9, HEU-235 Fuel Pellet
hbm:rbmk_pellet_uzh:0, UZrH Fuel Pellet
hbm:rbmk_pellet_uzh:1, UZrH Fuel Pellet
hbm:rbmk_pellet_uzh:2, UZrH Fuel Pellet
hbm:rbmk_pellet_uzh:3, UZrH Fuel Pellet
hbm:rbmk_pellet_uzh:4, UZrH Fuel Pellet
hbm:rbmk_pellet_uzh:5, UZrH Fuel Pellet
hbm:rbmk_pellet_uzh:6, UZrH Fuel Pellet
hbm:rbmk_pellet_uzh:7, UZrH Fuel Pellet
hbm:rbmk_pellet_uzh:8, UZrH Fuel Pellet
hbm:rbmk_pellet_uzh:9, UZrH Fuel Pellet
hbm:rbmk_pellet_thmeu:0, ThMEU Fuel Pellet
hbm:rbmk_pellet_thmeu:1, ThMEU Fuel Pellet
hbm:rbmk_pellet_thmeu:2, ThMEU Fuel Pellet
hbm:rbmk_pellet_thmeu:3, ThMEU Fuel Pellet
hbm:rbmk_pellet_thmeu:4, ThMEU Fuel Pellet
hbm:rbmk_pellet_thmeu:5, ThMEU Fuel Pellet
hbm:rbmk_pellet_thmeu:6, ThMEU Fuel Pellet
hbm:rbmk_pellet_thmeu:7, ThMEU Fuel Pellet
hbm:rbmk_pellet_thmeu:8, ThMEU Fuel Pellet
hbm:rbmk_pellet_thmeu:9, ThMEU Fuel Pellet
hbm:rbmk_pellet_lep:0, LEP Fuel Pellet
hbm:rbmk_pellet_lep:1, LEP Fuel Pellet
hbm:rbmk_pellet_lep:2, LEP Fuel Pellet
hbm:rbmk_pellet_lep:3, LEP Fuel Pellet
hbm:rbmk_pellet_lep:4, LEP Fuel Pellet
hbm:rbmk_pellet_lep:5, LEP Fuel Pellet
hbm:rbmk_pellet_lep:6, LEP Fuel Pellet
hbm:rbmk_pellet_lep:7, LEP Fuel Pellet
hbm:rbmk_pellet_lep:8, LEP Fuel Pellet
hbm:rbmk_pellet_lep:9, LEP Fuel Pellet
hbm:rbmk_pellet_mep:0, MEP Fuel Pellet
hbm:rbmk_pellet_mep:1, MEP Fuel Pellet
hbm:rbmk_pellet_mep:2, MEP Fuel Pellet
hbm:rbmk_pellet_mep:3, MEP Fuel Pellet
hbm:rbmk_pellet_mep:4, MEP Fuel Pellet
hbm:rbmk_pellet_mep:5, MEP Fuel Pellet
hbm:rbmk_pellet_mep:6, MEP Fuel Pellet
hbm:rbmk_pellet_mep:7, MEP Fuel Pellet
hbm:rbmk_pellet_mep:8, MEP Fuel Pellet
hbm:rbmk_pellet_mep:9, MEP Fuel Pellet
hbm:rbmk_pellet_hep239:0, HEP-239 Fuel Pellet
hbm:rbmk_pellet_hep239:1, HEP-239 Fuel Pellet
hbm:rbmk_pellet_hep239:2, HEP-239 Fuel Pellet
hbm:rbmk_pellet_hep239:3, HEP-239 Fuel Pellet
hbm:rbmk_pellet_hep239:4, HEP-239 Fuel Pellet
hbm:rbmk_pellet_hep239:5, HEP-239 Fuel Pellet
hbm:rbmk_pellet_hep239:6, HEP-239 Fuel Pellet
hbm:rbmk_pellet_hep239:7, HEP-239 Fuel Pellet
hbm:rbmk_pellet_hep239:8, HEP-239 Fuel Pellet
hbm:rbmk_pellet_hep239:9, HEP-239 Fuel Pellet
hbm:rbmk_pellet_hep241:0, HEP-241 Fuel Pellet
hbm:rbmk_pellet_hep241:1, HEP-241 Fuel Pellet
hbm:rbmk_pellet_hep241:2, HEP-241 Fuel Pellet
hbm:rbmk_pellet_hep241:3, HEP-241 Fuel Pellet
hbm:rbmk_pellet_hep241:4, HEP-241 Fuel Pellet
hbm:rbmk_pellet_hep241:5, HEP-241 Fuel Pellet
hbm:rbmk_pellet_hep241:6, HEP-241 Fuel Pellet
hbm:rbmk_pellet_hep241:7, HEP-241 Fuel Pellet
hbm:rbmk_pellet_hep241:8, HEP-241 Fuel Pellet
hbm:rbmk_pellet_hep241:9, HEP-241 Fuel Pellet
hbm:rbmk_pellet_lea:0, LEA Fuel Pellet
hbm:rbmk_pellet_lea:1, LEA Fuel Pellet
hbm:rbmk_pellet_lea:2, LEA Fuel Pellet
hbm:rbmk_pellet_lea:3, LEA Fuel Pellet
hbm:rbmk_pellet_lea:4, LEA Fuel Pellet
hbm:rbmk_pellet_lea:5, LEA Fuel Pellet
hbm:rbmk_pellet_lea:6, LEA Fuel Pellet
hbm:rbmk_pellet_lea:7, LEA Fuel Pellet
hbm:rbmk_pellet_lea:8, LEA Fuel Pellet
hbm:rbmk_pellet_lea:9, LEA Fuel Pellet
hbm:rbmk_pellet_mea:0, MEA Fuel Pellet
hbm:rbmk_pellet_mea:1, MEA Fuel Pellet
hbm:rbmk_pellet_mea:2, MEA Fuel Pellet
hbm:rbmk_pellet_mea:3, MEA Fuel Pellet
hbm:rbmk_pellet_mea:4, MEA Fuel Pellet
hbm:rbmk_pellet_mea:5, MEA Fuel Pellet
hbm:rbmk_pellet_mea:6, MEA Fuel Pellet
hbm:rbmk_pellet_mea:7, MEA Fuel Pellet
hbm:rbmk_pellet_mea:8, MEA Fuel Pellet
hbm:rbmk_pellet_mea:9, MEA Fuel Pellet
hbm:rbmk_pellet_hea241:0, HEA-241 Fuel Pellet
hbm:rbmk_pellet_hea241:1, HEA-241 Fuel Pellet
hbm:rbmk_pellet_hea241:2, HEA-241 Fuel Pellet
hbm:rbmk_pellet_hea241:3, HEA-241 Fuel Pellet
hbm:rbmk_pellet_hea241:4, HEA-241 Fuel Pellet
hbm:rbmk_pellet_hea241:5, HEA-241 Fuel Pellet
hbm:rbmk_pellet_hea241:6, HEA-241 Fuel Pellet
hbm:rbmk_pellet_hea241:7, HEA-241 Fuel Pellet
hbm:rbmk_pellet_hea241:8, HEA-241 Fuel Pellet
hbm:rbmk_pellet_hea241:9, HEA-241 Fuel Pellet
hbm:rbmk_pellet_hea242:0, HEA-242 Fuel Pellet
hbm:rbmk_pellet_hea242:1, HEA-242 Fuel Pellet
hbm:rbmk_pellet_hea242:2, HEA-242 Fuel Pellet
hbm:rbmk_pellet_hea242:3, HEA-242 Fuel Pellet
hbm:rbmk_pellet_hea242:4, HEA-242 Fuel Pellet
hbm:rbmk_pellet_hea242:5, HEA-242 Fuel Pellet
hbm:rbmk_pellet_hea242:6, HEA-242 Fuel Pellet
hbm:rbmk_pellet_hea242:7, HEA-242 Fuel Pellet
hbm:rbmk_pellet_hea242:8, HEA-242 Fuel Pellet
hbm:rbmk_pellet_hea242:9, HEA-242 Fuel Pellet
hbm:rbmk_pellet_men:0, MEN Fuel Pellet
hbm:rbmk_pellet_men:1, MEN Fuel Pellet
hbm:rbmk_pellet_men:2, MEN Fuel Pellet
hbm:rbmk_pellet_men:3, MEN Fuel Pellet
hbm:rbmk_pellet_men:4, MEN Fuel Pellet
hbm:rbmk_pellet_men:5, MEN Fuel Pellet
hbm:rbmk_pellet_men:6, MEN Fuel Pellet
hbm:rbmk_pellet_men:7, MEN Fuel Pellet
hbm:rbmk_pellet_men:8, MEN Fuel Pellet
hbm:rbmk_pellet_men:9, MEN Fuel Pellet
hbm:rbmk_pellet_hen:0, HEN Fuel Pellet
hbm:rbmk_pellet_hen:1, HEN Fuel Pellet
hbm:rbmk_pellet_hen:2, HEN Fuel Pellet
hbm:rbmk_pellet_hen:3, HEN Fuel Pellet
hbm:rbmk_pellet_hen:4, HEN Fuel Pellet
hbm:rbmk_pellet_hen:5, HEN Fuel Pellet
hbm:rbmk_pellet_hen:6, HEN Fuel Pellet
hbm:rbmk_pellet_hen:7, HEN Fuel Pellet
hbm:rbmk_pellet_hen:8, HEN Fuel Pellet
hbm:rbmk_pellet_hen:9, HEN Fuel Pellet
hbm:rbmk_pellet_mox:0, MOX Fuel Pellet
hbm:rbmk_pellet_mox:1, MOX Fuel Pellet
hbm:rbmk_pellet_mox:2, MOX Fuel Pellet
hbm:rbmk_pellet_mox:3, MOX Fuel Pellet
hbm:rbmk_pellet_mox:4, MOX Fuel Pellet
hbm:rbmk_pellet_mox:5, MOX Fuel Pellet
hbm:rbmk_pellet_mox:6, MOX Fuel Pellet
hbm:rbmk_pellet_mox:7, MOX Fuel Pellet
hbm:rbmk_pellet_mox:8, MOX Fuel Pellet
hbm:rbmk_pellet_mox:9, MOX Fuel Pellet
hbm:rbmk_pellet_les:0, LES Fuel Pellet
hbm:rbmk_pellet_les:1, LES Fuel Pellet
hbm:rbmk_pellet_les:2, LES Fuel Pellet
hbm:rbmk_pellet_les:3, LES Fuel Pellet
hbm:rbmk_pellet_les:4, LES Fuel Pellet
hbm:rbmk_pellet_les:5, LES Fuel Pellet
hbm:rbmk_pellet_les:6, LES Fuel Pellet
hbm:rbmk_pellet_les:7, LES Fuel Pellet
hbm:rbmk_pellet_les:8, LES Fuel Pellet
hbm:rbmk_pellet_les:9, LES Fuel Pellet
hbm:rbmk_pellet_mes:0, MES Fuel Pellet
hbm:rbmk_pellet_mes:1, MES Fuel Pellet
hbm:rbmk_pellet_mes:2, MES Fuel Pellet
hbm:rbmk_pellet_mes:3, MES Fuel Pellet
hbm:rbmk_pellet_mes:4, MES Fuel Pellet
hbm:rbmk_pellet_mes:5, MES Fuel Pellet
hbm:rbmk_pellet_mes:6, MES Fuel Pellet
hbm:rbmk_pellet_mes:7, MES Fuel Pellet
hbm:rbmk_pellet_mes:8, MES Fuel Pellet
hbm:rbmk_pellet_mes:9, MES Fuel Pellet
hbm:rbmk_pellet_hes:0, HES Fuel Pellet
hbm:rbmk_pellet_hes:1, HES Fuel Pellet
hbm:rbmk_pellet_hes:2, HES Fuel Pellet
hbm:rbmk_pellet_hes:3, HES Fuel Pellet
hbm:rbmk_pellet_hes:4, HES Fuel Pellet
hbm:rbmk_pellet_hes:5, HES Fuel Pellet
hbm:rbmk_pellet_hes:6, HES Fuel Pellet
hbm:rbmk_pellet_hes:7, HES Fuel Pellet
hbm:rbmk_pellet_hes:8, HES Fuel Pellet
hbm:rbmk_pellet_hes:9, HES Fuel Pellet
hbm:rbmk_pellet_leaus:0, LEAus Fuel Pellet
hbm:rbmk_pellet_leaus:1, LEAus Fuel Pellet
hbm:rbmk_pellet_leaus:2, LEAus Fuel Pellet
hbm:rbmk_pellet_leaus:3, LEAus Fuel Pellet
hbm:rbmk_pellet_leaus:4, LEAus Fuel Pellet
hbm:rbmk_pellet_leaus:5, LEAus Fuel Pellet
hbm:rbmk_pellet_leaus:6, LEAus Fuel Pellet
hbm:rbmk_pellet_leaus:7, LEAus Fuel Pellet
hbm:rbmk_pellet_leaus:8, LEAus Fuel Pellet
hbm:rbmk_pellet_leaus:9, LEAus Fuel Pellet
hbm:rbmk_pellet_heaus:0, HEAus Fuel Pellet
hbm:rbmk_pellet_heaus:1, HEAus Fuel Pellet
hbm:rbmk_pellet_heaus:2, HEAus Fuel Pellet
hbm:rbmk_pellet_heaus:3, HEAus Fuel Pellet
hbm:rbmk_pellet_heaus:4, HEAus Fuel Pellet
hbm:rbmk_pellet_heaus:5, HEAus Fuel Pellet
hbm:rbmk_pellet_heaus:6, HEAus Fuel Pellet
hbm:rbmk_pellet_heaus:7, HEAus Fuel Pellet
hbm:rbmk_pellet_heaus:8, HEAus Fuel Pellet
hbm:rbmk_pellet_heaus:9, HEAus Fuel Pellet
hbm:rbmk_pellet_po210be:0, Po210Be Neutron Source Pellet
hbm:rbmk_pellet_po210be:1, Po210Be Neutron Source Pellet
hbm:rbmk_pellet_po210be:2, Po210Be Neutron Source Pellet
hbm:rbmk_pellet_po210be:3, Po210Be Neutron Source Pellet
hbm:rbmk_pellet_po210be:4, Po210Be Neutron Source Pellet
hbm:rbmk_pellet_po210be:5, Po210Be Neutron Source Pellet
hbm:rbmk_pellet_po210be:6, Po210Be Neutron Source Pellet
hbm:rbmk_pellet_po210be:7, Po210Be Neutron Source Pellet
hbm:rbmk_pellet_po210be:8, Po210Be Neutron Source Pellet
hbm:rbmk_pellet_po210be:9, Po210Be Neutron Source Pellet
hbm:rbmk_pellet_ra226be:0, Ra226Be Neutron Source Pellet
hbm:rbmk_pellet_ra226be:1, Ra226Be Neutron Source Pellet
hbm:rbmk_pellet_ra226be:2, Ra226Be Neutron Source Pellet
hbm:rbmk_pellet_ra226be:3, Ra226Be Neutron Source Pellet
hbm:rbmk_pellet_ra226be:4, Ra226Be Neutron Source Pellet
hbm:rbmk_pellet_ra226be:5, Ra226Be Neutron Source Pellet
hbm:rbmk_pellet_ra226be:6, Ra226Be Neutron Source Pellet
hbm:rbmk_pellet_ra226be:7, Ra226Be Neutron Source Pellet
hbm:rbmk_pellet_ra226be:8, Ra226Be Neutron Source Pellet
hbm:rbmk_pellet_ra226be:9, Ra226Be Neutron Source Pellet
hbm:rbmk_pellet_pu238be:0, Pu238Be Neutron Source Pellet
hbm:rbmk_pellet_pu238be:1, Pu238Be Neutron Source Pellet
hbm:rbmk_pellet_pu238be:2, Pu238Be Neutron Source Pellet
hbm:rbmk_pellet_pu238be:3, Pu238Be Neutron Source Pellet
hbm:rbmk_pellet_pu238be:4, Pu238Be Neutron Source Pellet
hbm:rbmk_pellet_pu238be:5, Pu238Be Neutron Source Pellet
hbm:rbmk_pellet_pu238be:6, Pu238Be Neutron Source Pellet
hbm:rbmk_pellet_pu238be:7, Pu238Be Neutron Source Pellet
hbm:rbmk_pellet_pu238be:8, Pu238Be Neutron Source Pellet
hbm:rbmk_pellet_pu238be:9, Pu238Be Neutron Source Pellet
hbm:rbmk_pellet_balefire_gold:0, Flashgold Fuel Pellet
hbm:rbmk_pellet_balefire_gold:1, Flashgold Fuel Pellet
hbm:rbmk_pellet_balefire_gold:2, Flashgold Fuel Pellet
hbm:rbmk_pellet_balefire_gold:3, Flashgold Fuel Pellet
hbm:rbmk_pellet_balefire_gold:4, Flashgold Fuel Pellet
hbm:rbmk_pellet_balefire_gold:5, Flashgold Fuel Pellet
hbm:rbmk_pellet_balefire_gold:6, Flashgold Fuel Pellet
hbm:rbmk_pellet_balefire_gold:7, Flashgold Fuel Pellet
hbm:rbmk_pellet_balefire_gold:8, Flashgold Fuel Pellet
hbm:rbmk_pellet_balefire_gold:9, Flashgold Fuel Pellet
hbm:rbmk_pellet_flashlead:0, Flashlead Fuel Pellet
hbm:rbmk_pellet_flashlead:1, Flashlead Fuel Pellet
hbm:rbmk_pellet_flashlead:2, Flashlead Fuel Pellet
hbm:rbmk_pellet_flashlead:3, Flashlead Fuel Pellet
hbm:rbmk_pellet_flashlead:4, Flashlead Fuel Pellet
hbm:rbmk_pellet_flashlead:5, Flashlead Fuel Pellet
hbm:rbmk_pellet_flashlead:6, Flashlead Fuel Pellet
hbm:rbmk_pellet_flashlead:7, Flashlead Fuel Pellet
hbm:rbmk_pellet_flashlead:8, Flashlead Fuel Pellet
hbm:rbmk_pellet_flashlead:9, Flashlead Fuel Pellet
hbm:rbmk_pellet_balefire:0, Balefire Fuel Pellet
hbm:rbmk_pellet_balefire:1, Balefire Fuel Pellet
hbm:rbmk_pellet_balefire:2, Balefire Fuel Pellet
hbm:rbmk_pellet_balefire:3, Balefire Fuel Pellet
hbm:rbmk_pellet_balefire:4, Balefire Fuel Pellet
hbm:rbmk_pellet_balefire:5, Balefire Fuel Pellet
hbm:rbmk_pellet_balefire:6, Balefire Fuel Pellet
hbm:rbmk_pellet_balefire:7, Balefire Fuel Pellet
hbm:rbmk_pellet_balefire:8, Balefire Fuel Pellet
hbm:rbmk_pellet_balefire:9, Balefire Fuel Pellet
hbm:rbmk_pellet_drx:0, §cDigamma Fuel Pellet§r
hbm:rbmk_pellet_drx:1, §cDigamma Fuel Pellet§r
hbm:rbmk_pellet_drx:2, §cDigamma Fuel Pellet§r
hbm:rbmk_pellet_drx:3, §cDigamma Fuel Pellet§r
hbm:rbmk_pellet_drx:4, §cDigamma Fuel Pellet§r
hbm:rbmk_pellet_drx:5, §cDigamma Fuel Pellet§r
hbm:rbmk_pellet_drx:6, §cDigamma Fuel Pellet§r
hbm:rbmk_pellet_drx:7, §cDigamma Fuel Pellet§r
hbm:rbmk_pellet_drx:8, §cDigamma Fuel Pellet§r
hbm:rbmk_pellet_drx:9, §cDigamma Fuel Pellet§r
hbm:rbmk_fuel_empty, Empty RBMK Fuel Rod
hbm:rbmk_fuel_ueu, NU RBMK Fuel Rod
hbm:rbmk_fuel_meu, MEU RBMK Fuel Rod
hbm:rbmk_fuel_heu233, HEU-233 RBMK Fuel Rod
hbm:rbmk_fuel_heu235, HEU-235 RBMK Fuel Rod
hbm:rbmk_fuel_uzh, UZrH RBMK Fuel Rod
hbm:rbmk_fuel_thmeu, ThMEU RBMK Fuel Rod
hbm:rbmk_fuel_lep, LEP-239 RBMK Fuel Rod
hbm:rbmk_fuel_mep, MEP-239 RBMK Fuel Rod
hbm:rbmk_fuel_hep, HEP-239 RBMK Fuel Rod
hbm:rbmk_fuel_hep241, HEP-241 RBMK Fuel Rod
hbm:rbmk_fuel_lea, LEA RBMK Fuel Rod
hbm:rbmk_fuel_mea, MEA RBMK Fuel Rod
hbm:rbmk_fuel_hea241, HEA-241 RBMK Fuel Rod
hbm:rbmk_fuel_hea242, HEA-242 RBMK Fuel Rod
hbm:rbmk_fuel_men, MEN RBMK Fuel Rod
hbm:rbmk_fuel_hen, HEN RBMK Fuel Rod
hbm:rbmk_fuel_mox, MOX RBMK Fuel Rod
hbm:rbmk_fuel_les, LES RBMK Fuel Rod
hbm:rbmk_fuel_mes, MES RBMK Fuel Rod
hbm:rbmk_fuel_hes, HES RBMK Fuel Rod
hbm:rbmk_fuel_leaus, LEAus RBMK Fuel Rod
hbm:rbmk_fuel_heaus, HEAus RBMK Fuel Rod
hbm:rbmk_fuel_ra226be, Ra226Be RBMK Neutron Source
hbm:rbmk_fuel_po210be, Po210Be RBMK Neutron Source
hbm:rbmk_fuel_pu238be, Pu238Be RBMK Neutron Source
hbm:rbmk_fuel_balefire_gold, Flashgold RBMK Fuel Rod
hbm:rbmk_fuel_flashlead, Flashlead RBMK Fuel Rod
hbm:rbmk_fuel_zfb_bismuth, Bismuth RBMK ZFB Rod
hbm:rbmk_fuel_zfb_pu241, Pu-241 RBMK ZFB Rod
hbm:rbmk_fuel_zfb_am_mix, Fuel Grade Americium RBMK ZFB Rod
hbm:rbmk_fuel_balefire, Balefire RBMK Fuel Rod
hbm:rbmk_fuel_drx, §cDigamma RBMK Fuel Rod§r
hbm:rbmk_fuel_test, item.rbmk_fuel_test.name
hbm:icf_pellet_empty, Empty ICF Fuel Pellet
hbm:icf_pellet:0, ICF Fuel Pellet
hbm:icf_pellet:0, ICF Fuel Pellet
hbm:icf_pellet:0, ICF Fuel Pellet
hbm:icf_pellet:0, ICF Fuel Pellet
hbm:icf_pellet:0, ICF Fuel Pellet
hbm:icf_pellet_depleted, Depleted ICF Fuel Pellet
hbm:watz_pellet:0, Schrabidium Watz Pellet
hbm:watz_pellet:1, HES Watz Pellet
hbm:watz_pellet:2, MES Watz Pellet
hbm:watz_pellet:3, LES Watz Pellet
hbm:watz_pellet:4, HEN Watz Pellet
hbm:watz_pellet:5, MEU Watz Pellet
hbm:watz_pellet:6, MEP Watz Pellet
hbm:watz_pellet:7, Lead Absorber Pellet
hbm:watz_pellet:8, Boron Absorber Pellet
hbm:watz_pellet:9, Depleted Uranium Absorber Pellet
hbm:watz_pellet:10, Enriched Naquadah Watz Pellet
hbm:watz_pellet:11, Naquadria Watz Pellet
hbm:watz_pellet_depleted:0, Schrabidium Watz Pellet (Depleted)
hbm:watz_pellet_depleted:1, HES Watz Pellet (Depleted)
hbm:watz_pellet_depleted:2, MES Watz Pellet (Depleted)
hbm:watz_pellet_depleted:3, LES Watz Pellet (Depleted)
hbm:watz_pellet_depleted:4, HEN Watz Pellet (Depleted)
hbm:watz_pellet_depleted:5, MEU Watz Pellet (Depleted)
hbm:watz_pellet_depleted:6, MEP Watz Pellet (Depleted)
hbm:watz_pellet_depleted:7, Lead Absorber Pellet (Depleted)
hbm:watz_pellet_depleted:8, Boron Absorber Pellet (Depleted)
hbm:watz_pellet_depleted:9, Depleted Uranium Absorber Pellet (Depleted)
hbm:watz_pellet_depleted:10, Enriched Naquadah Watz Pellet (Depleted)
hbm:watz_pellet_depleted:11, Naquadria Watz Pellet (Depleted)
hbm:pa_coil:0, Large Gold Coil
hbm:pa_coil:1, Large NbTi Coil
hbm:pa_coil:2, Large BSCCO Coil
hbm:pa_coil:3, Large Chlorophyte Coil
hbm:particle_empty, Empty Particle Capsule
hbm:particle_hydrogen, Hydrogen Ion Capsule
hbm:particle_copper, Copper Ion Capsule
hbm:particle_lead, Lead Ion Capsule
hbm:particle_aproton, Antiproton Capsule
hbm:particle_aelectron, Positron Capsule
hbm:particle_muon, Muon Capsule
hbm:particle_amat, Antimatter Capsule
hbm:particle_aschrab, Antischrabidium Capsule
hbm:particle_higgs, Higgs Boson Capsule
hbm:particle_tachyon, Tachyon Capsule
hbm:particle_dark, Dark Matter Capsule
hbm:particle_strange, Strange Quark Capsule
hbm:particle_sparkticle, Sparkticle Capsule
hbm:particle_digamma, §cThe Digamma Particle§r
hbm:capsule_xen, Xen Capsule
hbm:singularity, Singularity
hbm:singularity_counter_resonant, Contained Counter-Resonant Singularity
hbm:singularity_super_heated, Superheated Resonating Singularity
hbm:black_hole, Miniature Black Hole
hbm:singularity_spark, Spark Singularity
hbm:pellet_antimatter, Antimatter Cluster
hbm:crystal_xen, Artificial Xen Crystal
hbm:crystal_energy, Energy Crystal
hbm:pellet_coolant, Coolant Cluster
hbm:key, Key
hbm:key_red, Red Key
hbm:key_red_cracked, Cracked Key
hbm:key_kit, Key Imitation Kit
hbm:key_fake, Counterfeit Key
hbm:pin, Bobby Pin
hbm:padlock_rusty, Rusty Padlock
hbm:padlock, Padlock
hbm:padlock_reinforced, Reinforced Padlock
hbm:padlock_unbreakable, Unbreakable Padlock
hbm:mech_key, Large Silver Key
hbm:ams_catalyst_blank, Blank Reaction Catalyst
hbm:ams_catalyst_iron, Iron Reaction Catalyst
hbm:ams_catalyst_copper, Copper Reaction Catalyst
hbm:ams_catalyst_aluminium, Aluminium Reaction Catalyst
hbm:ams_catalyst_lithium, Lithium Reaction Catalyst
hbm:ams_catalyst_beryllium, Beryllium Reaction Catalyst
hbm:ams_catalyst_tungsten, Tungsten Reaction Catalyst
hbm:ams_catalyst_cobalt, Cobalt Reaction Catalyst
hbm:ams_catalyst_niobium, Niobium Reaction Catalyst
hbm:ams_catalyst_cerium, Cerium Reaction Catalyst
hbm:ams_catalyst_thorium, Thorium Reaction Catalyst
hbm:ams_catalyst_strontium, Strontium Reaction Catalyst
hbm:ams_catalyst_caesium, Caeseium Reaction Catalyst
hbm:ams_catalyst_schrabidium, Schrabidium Reaction Catalyst
hbm:ams_catalyst_euphemium, Euphemium Reaction Catalyst
hbm:ams_catalyst_dineutronium, Dineutronium Reaction Catalyst
hbm:ams_lens, Stabilizer Lens
hbm:ams_core_sing, Vibrant Singularity (AMS/DFC Core)
hbm:ams_core_wormhole, Tiny Wormhole (AMS/DFC Core)
hbm:ams_core_eyeofharmony, Eye of Harmony (AMS/DFC Core)
hbm:ams_core_thingy, Thingy (AMS/DFC Core)
hbm:ams_muzzle, Ray-Emission Muzzle
hbm:fluid_icon:152, Compressed Air
hbm:fluid_icon:155, Hot Air Blast
hbm:fluid_icon:1, Water
hbm:fluid_icon:60, Heavy Water
hbm:fluid_icon:125, Hot Heavy Water
hbm:fluid_icon:7, Lava
hbm:fluid_icon:2, Steam
hbm:fluid_icon:3, Dense Steam
hbm:fluid_icon:4, Super Dense Steam
hbm:fluid_icon:5, Ultra Dense Steam
hbm:fluid_icon:48, Low-Pressure Steam
hbm:fluid_icon:55, Carbon Dioxide
hbm:fluid_icon:6, Coolant
hbm:fluid_icon:76, Hot Coolant
hbm:fluid_icon:145, Perfluoromethyl
hbm:fluid_icon:146, Cold Perfluoromethyl
hbm:fluid_icon:147, Hot Perfluoromethyl
hbm:fluid_icon:37, Cryogel
hbm:fluid_icon:77, Mug Root Beer
hbm:fluid_icon:78, Hot Mug Root Beer
hbm:fluid_icon:84, Blood
hbm:fluid_icon:85, Hot Blood
hbm:fluid_icon:126, Liquid Sodium
hbm:fluid_icon:127, Hot Liquid Sodium
hbm:fluid_icon:143, Liquid Lead
hbm:fluid_icon:144, Hot Liquid Lead
hbm:fluid_icon:128, Liquid Thorium Salt
hbm:fluid_icon:129, Hot Liquid Thorium Salt
hbm:fluid_icon:130, Depleted Liquid Thorium Salt
hbm:fluid_icon:38, Liquid Hydrogen
hbm:fluid_icon:8, Deuterium
hbm:fluid_icon:9, Tritium
hbm:fluid_icon:57, Helium-3
hbm:fluid_icon:124, Helium-4
hbm:fluid_icon:39, Liquid Oxygen
hbm:fluid_icon:40, Xenon Gas
hbm:fluid_icon:90, Chlorine Gas
hbm:fluid_icon:42, Mercury
hbm:fluid_icon:10, Crude Oil
hbm:fluid_icon:134, Desulfurized Crude Oil
hbm:fluid_icon:61, Cracked Oil
hbm:fluid_icon:136, Desulfurized Cracked Oil
hbm:fluid_icon:62, Coal Oil
hbm:fluid_icon:105, Coker Oil
hbm:fluid_icon:11, Hot Crude Oil
hbm:fluid_icon:135, Desulfurized Hot Crude Oil
hbm:fluid_icon:63, Hot Cracked Oil
hbm:fluid_icon:137, Desulfurized Hot Cracked Oil
hbm:fluid_icon:12, Heavy Oil
hbm:fluid_icon:91, Vacuum Heavy Oil
hbm:fluid_icon:19, Naphtha
hbm:fluid_icon:138, Desulfurized Naphtha
hbm:fluid_icon:64, Cracked Naphtha
hbm:fluid_icon:106, Coker Naphtha
hbm:fluid_icon:92, Reformate
hbm:fluid_icon:21, Light Oil
hbm:fluid_icon:139, Desulfurized Light Oil
hbm:fluid_icon:65, Cracked Light Oil
hbm:fluid_icon:93, Vacuum Light Oil
hbm:fluid_icon:13, Bitumen
hbm:fluid_icon:14, Industrial Oil
hbm:fluid_icon:15, Heating Oil
hbm:fluid_icon:96, Heavy Heating Oil
hbm:fluid_icon:16, Reclaimed Industrial Oil
hbm:fluid_icon:18, Engine Lubricant
hbm:fluid_icon:156, Flue Gas
hbm:fluid_icon:23, Natural Gas
hbm:fluid_icon:107, Coker Gas
hbm:fluid_icon:24, Petroleum Gas
hbm:fluid_icon:94, Sour Gas
hbm:fluid_icon:25, LPG
hbm:fluid_icon:86, Syngas
hbm:fluid_icon:87, Oxyhydrogen
hbm:fluid_icon:67, Aromatic Hydrocarbons
hbm:fluid_icon:68, Unsaturated Hydrocarbons
hbm:fluid_icon:95, BTX
hbm:fluid_icon:100, Reformate Gas
hbm:fluid_icon:20, Diesel
hbm:fluid_icon:97, High-Cetane Diesel
hbm:fluid_icon:66, Cracked Diesel
hbm:fluid_icon:98, High-Cetane Cracked Diesel
hbm:fluid_icon:22, Kerosene
hbm:fluid_icon:99, Jet Fuel
hbm:fluid_icon:17, Petroil
hbm:fluid_icon:72, Leaded Petroil
hbm:fluid_icon:46, Gasoline
hbm:fluid_icon:73, Leaded Gasoline
hbm:fluid_icon:47, Coal Gasoline
hbm:fluid_icon:74, Leaded Coal Gasoline
hbm:fluid_icon:80, Coal Tar Creosote
hbm:fluid_icon:79, Wood Oil
hbm:fluid_icon:26, Biogas
hbm:fluid_icon:27, Biofuel
hbm:fluid_icon:59, Ethanol
hbm:fluid_icon:111, Fish Oil
hbm:fluid_icon:112, Sunflower Seed Oil
hbm:fluid_icon:28, NITAN© 100 Octane Super Fuel
hbm:fluid_icon:154, Deuterated Hydrocarbon
hbm:fluid_icon:41, BF Rocket Fuel
hbm:fluid_icon:69, Salient Green
hbm:fluid_icon:81, Seeding Slurry
hbm:fluid_icon:101, Colloid
hbm:fluid_icon:141, Vitriol
hbm:fluid_icon:142, Ore Slop
hbm:fluid_icon:104, Ionic Gel
hbm:fluid_icon:35, Hydrogen Peroxide
hbm:fluid_icon:75, Sulfuric Acid
hbm:fluid_icon:82, Nitric Acid
hbm:fluid_icon:83, Solvent
hbm:fluid_icon:88, High-Performance Solvent
hbm:fluid_icon:32, Schrabidic Acid
hbm:fluid_icon:29, Uranium Hexafluoride
hbm:fluid_icon:30, Plutonium Hexafluoride
hbm:fluid_icon:31, Schrabidium Trisulfide
hbm:fluid_icon:43, Pandemonium(III)tantalite Solution
hbm:fluid_icon:58, Osmiridic Solution
hbm:fluid_icon:36, Poisonous Mud
hbm:fluid_icon:114, Red Mud
hbm:fluid_icon:131, Fullerene Solution
hbm:fluid_icon:108, Dissolved Egg
hbm:fluid_icon:109, Cholesterol Solution
hbm:fluid_icon:115, Chlorocalcite Solution
hbm:fluid_icon:116, Mixed Chlorocalcite Solution
hbm:fluid_icon:117, Cleaned Chlorocalcite Solution
hbm:fluid_icon:118, Potassiumchloride Solution
hbm:fluid_icon:119, Calciumchloride Solution
hbm:fluid_icon:120, Calcium Solution
hbm:fluid_icon:149, Sodium Aluminate
hbm:fluid_icon:150, Bauxite Solution
hbm:fluid_icon:151, Alumina
hbm:fluid_icon:153, Liquid Concrete
hbm:fluid_icon:49, Fracking Solution
hbm:fluid_icon:148, Lye
hbm:fluid_icon:102, Phosgene
hbm:fluid_icon:103, Mustard Gas
hbm:fluid_icon:110, Estradiol Solution
hbm:fluid_icon:113, Nitroglycerin
hbm:fluid_icon:33, Antimatter
hbm:fluid_icon:34, Antischrabidium
hbm:fluid_icon:44, Liquid Nuclear Waste
hbm:fluid_icon:45, Gaseous Nuclear Waste
hbm:fluid_icon:70, Experience Juice
hbm:fluid_icon:71, Ender Juice
hbm:fluid_icon:140, Stellar Flux
hbm:fluid_icon:50, Deuterium-Tritium Plasma
hbm:fluid_icon:51, Hydrogen-Deuterium Plasma
hbm:fluid_icon:52, Hydrogen-Tritium Plasma
hbm:fluid_icon:56, Deuterium-Helium-3 Plasma
hbm:fluid_icon:53, Helium-4-Oxygen Plasma
hbm:fluid_icon:54, Balefire Plasma
hbm:fluid_icon:121, Smoke
hbm:fluid_icon:122, Leaded Smoke
hbm:fluid_icon:123, Poison Smoke
hbm:fluid_icon:132, Booster Pheromone
hbm:fluid_icon:133, Modified Booster Pheromone
hbm:fluid_icon:89, Hydrazine
hbm:fluid_icon:1000, hbmfluid.custom_demo
hbm:gadget_explosive, First Generation Explosive Lens
hbm:gadget_explosive8, Bundle of First Generation Implosion Propellant
hbm:gadget_wireing, Wiring
hbm:gadget_core, Large Plutonium Core
hbm:boy_shielding, Neutron Shielding
hbm:boy_target, Subcritical U235 Target
hbm:boy_bullet, U235 Projectile
hbm:boy_propellant, Propellant
hbm:boy_igniter, Bomb Igniter
hbm:man_core, Plutonium Core
hbm:man_explosive, Explosive Lens
hbm:man_explosive8, Bundle of Implosion Propellant
hbm:man_igniter, Bomb Firing Unit
hbm:mike_core, Uranium Coated Deuterium Tank
hbm:mike_cooling_unit, Deuterium Cooling Unit
hbm:tsar_core, Tsar Bomba Core
hbm:fleija_igniter, Pulse Igniter
hbm:fleija_propellant, Schrabidium Propellant
hbm:fleija_core, F.L.E.I.J.A. Uranium 235 Charge
hbm:solinium_core, Semi-Stable Solinium Core
hbm:solinium_igniter, SOL Pulse Igniter
hbm:solinium_propellant, SOL Compression Charge
hbm:n2_charge, Large Explosive Charge
hbm:egg_balefire_shard, Balefire Shard
hbm:egg_balefire, Balefire Egg
hbm:custom_tnt, Custom Nuke Explosive Charge
hbm:custom_nuke, Custom Nuke Nuclear Rod
hbm:custom_hydro, Custom Nuke Hydrogen Rod
hbm:custom_amat, Custom Nuke Antimatter Rod
hbm:custom_dirty, Custom Nuke Dirty Rod
hbm:custom_schrab, Custom Nuke Schrabidium Rod
hbm:custom_sol, Custom Nuke Solinium Rod
hbm:custom_euph, Custom Nuke Anti-Mass Rod
hbm:custom_fall, Custom Nuke Drop Upgrade
hbm:grenade_kit, Grenade Kit
hbm:gadget_kit, The Gadget Kit
hbm:boy_kit, Little Boy Kit
hbm:man_kit, Fat Man Kit
hbm:mike_kit, Ivy Mike Kit
hbm:tsar_kit, Tsar Bomba Kit
hbm:prototype_kit, Prototype Kit
hbm:fleija_kit, F.L.E.I.J.A. Kit
hbm:solinium_kit, Solinium Kit
hbm:balefire_kit, Balefire Bomb Kit
hbm:multi_kit, Multi Purpose Bomb Kit
hbm:custom_kit, Custom Nuke Kit
hbm:missile_kit, Missile Kit
hbm:t45_kit, T45 Power Armor Kit
hbm:hazmat_kit, Hazmat Kit
hbm:hazmat_red_kit, Advanced Hazmat Kit
hbm:hazmat_grey_kit, High-Performance Hazmat Kit
hbm:nuke_starter_kit, Atomic Science Starter Kit
hbm:nuke_advanced_kit, Atomic Science Advanced Kit
hbm:nuke_commercially_kit, Atomic Science Kit for Commercial Uses
hbm:kit_custom, item.kit_custom.name
hbm:toolbox, Toolbox
hbm:loot_10, Size 10 Missile Loot Crate
hbm:loot_15, Size 15 Missile Loot Crate
hbm:loot_misc, General Missile Loot Crate
hbm:sat_mapper, Surface Mapping Satellite
hbm:sat_scanner, Satellite with Depth-Resource Scanning Module
hbm:sat_radar, Radar Survey Satellite
hbm:sat_laser, Orbital Death Ray
hbm:sat_foeq, PEAF - Mk.I FOEQ Duna Probe with experimental Nuclear Propulsion
hbm:sat_resonator, Xenium Resonator Satellite
hbm:sat_miner, Asteroid Mining Ship
hbm:sat_lunar_miner, Lunar Mining Ship
hbm:sat_gerald, Gerald The Construction Android
hbm:sat_chip, Satellite ID-Chip
hbm:sat_interface, Satellite Control Interface
hbm:sat_coord, Satellite Designator
hbm:sat_designator, Satellite Laser Designator
hbm:sat_relay, Satellite Radar Relay
hbm:rangefinder, Rangefinder
hbm:designator, Short Range Target Designator
hbm:designator_range, Long Range Target Designator
hbm:designator_manual, Manual Target Designator
hbm:launch_code_piece, Silo Launch Code Piece
hbm:launch_code, Silo Launch Code
hbm:launch_key, Silo Launch Key
hbm:missile_assembly, Small Missile Assembly
hbm:missile_generic, High Explosive Missile
hbm:missile_strong, Strong HE Missile
hbm:missile_burst, Spare Missile
hbm:missile_incendiary, Incendiary Missile
hbm:missile_incendiary_strong, Strong Incendiary Missile
hbm:missile_inferno, Inferno Missile G.R.N. Mk.II
hbm:missile_cluster, Cluster Missile
hbm:missile_cluster_strong, Strong Cluster Missile
hbm:missile_rain, Bomblet Rain
hbm:missile_buster, Bunker Buster
hbm:missile_buster_strong, Enhanced Bunker Buster
hbm:missile_drill, The Concrete Cracker
hbm:missile_n2, N² Missile
hbm:missile_nuclear, Nuclear Missile
hbm:missile_nuclear_cluster, Thermonuclear Missile
hbm:missile_volcano, Tectonic Missile
hbm:missile_endo, Endothermic Missile
hbm:missile_exo, Exothermic Missile
hbm:missile_shuttle, Reliant Robin Space Shuttle
hbm:missile_doomsday, Doomsday Missile
hbm:missile_doomsday_rusted, Damaged Doomsday Missile
hbm:missile_taint, Taint-Tipped Missile
hbm:missile_micro, Micro-Nuclear Missile
hbm:missile_bhole, Black Hole Missile
hbm:missile_schrabidium, Schrabidium Missile
hbm:missile_emp, EMP Missile
hbm:missile_emp_strong, Strong EMP Missile
hbm:missile_anti_ballistic, Anti-Ballistic Missile
hbm:missile_carrier, HTR-01 Carrier Rocket
hbm:missile_decoy, Decoy Missile
hbm:missile_stealth, Stealth Missile
hbm:missile_soyuz_lander, Orbital Module
hbm:missile_soyuz:0, Soyuz-FG
hbm:missile_soyuz:1, Soyuz-FG
hbm:missile_soyuz:2, Soyuz-FG
hbm:warhead_generic_small, Small Warhead
hbm:warhead_incendiary_small, Small Incendiary Warhead
hbm:warhead_cluster_small, Small Cluster Warhead
hbm:warhead_buster_small, Small Bunker Buster Warhead
hbm:warhead_generic_medium, Medium Warhead
hbm:warhead_incendiary_medium, Medium Incendiary Warhead
hbm:warhead_cluster_medium, Medium Cluster Warhead
hbm:warhead_buster_medium, Medium Bunker Buster Warhead
hbm:warhead_generic_large, Large Warhead
hbm:warhead_incendiary_large, Large Incendiary Warhead
hbm:warhead_cluster_large, Large Cluster Warhead
hbm:warhead_buster_large, Large Bunker Buster Warhead
hbm:warhead_n2, N² Warhead
hbm:warhead_nuclear, Nuclear Warhead
hbm:warhead_mirvlet, MIRV
hbm:warhead_mirv, Thermonuclear Warhead
hbm:warhead_volcano, Tectonic Warhead
hbm:warhead_thermo_endo, Endothermic Warhead
hbm:warhead_thermo_exo, Exothermic Warhead
hbm:thruster_small, Small Thruster
hbm:thruster_medium, Medium Thruster
hbm:thruster_large, Large Thruster
hbm:cap_aluminium, Aluminium Cap
hbm:fins_flat, Flat Steel Casing
hbm:fins_small_steel, Small Steel Grid Fins
hbm:fins_big_steel, Big Steel Grid Fins
hbm:fins_tri_steel, Large Steel Fins
hbm:fins_quad_titanium, Small Titanium Fins
hbm:sphere_steel, Steel Sphere
hbm:pedestal_steel, Steel Pedestal
hbm:dysfunctional_reactor, Dysfunctional Nuclear Reactor
hbm:rotor_steel, Large Steel Rotor
hbm:generator_steel, Generator Body
hbm:sat_head_mapper, High-Gain Optical Camera
hbm:sat_head_scanner, M700 Survey Scanner
hbm:sat_head_radar, Radar Dish
hbm:sat_head_laser, Death Ray
hbm:sat_head_resonator, Xenium Resonator
hbm:seg_10, Size 10 Connector
hbm:seg_15, Size 15 Connector
hbm:seg_20, Size 20 Connector
hbm:fuel_tank_small, Small Fuel Tank
hbm:fuel_tank_medium, Medium Fuel Tank
hbm:fuel_tank_large, Large Fuel Tank
hbm:tank_steel, Steel Tank
hbm:mike_deut, Deuterium Tank
hbm:mp_thruster_10_kerosene, Size 10 Liquid Fuel Thruster
hbm:mp_thruster_10_solid, Size 10 Solid Fuel Thruster
hbm:mp_thruster_10_xenon, Size 10 Ion Thruster
hbm:mp_thruster_15_kerosene, Size 15 Liquid Fuel Thruster
hbm:mp_thruster_15_kerosene_dual, Size 15 Liquid Fuel Twin Thrusters
hbm:mp_thruster_15_kerosene_triple, Size 15 Liquid Fuel Triple Thrusters
hbm:mp_thruster_15_solid, Size 15 Solid Fuel Thruster
hbm:mp_thruster_15_solid_hexdecuple, Size 15 Solid Fuel Hexdecuple Thrusters
hbm:mp_thruster_15_hydrogen, Size 15 Hydrogen Thruster
hbm:mp_thruster_15_hydrogen_dual, Size 15 Hydrogen Twin Thrusters
hbm:mp_thruster_15_balefire_short, Size 15 BF Thruster with Nuclear Preheater (Shortened)
hbm:mp_thruster_15_balefire, Size 15 BF Thruster with Nuclear Preheater
hbm:mp_thruster_15_balefire_large, Size 15 BF Thruster with Nuclear Preheater (Heavy Duty Nozzle)
hbm:mp_thruster_15_balefire_large_rad, Size 15 BF Thruster with Nuclear Preheater (Heavy Duty Nozzle)
hbm:mp_thruster_20_kerosene, Size 20 Liquid Fuel Thruster
hbm:mp_thruster_20_kerosene_dual, Size 20 Liquid Fuel Twin Thrusters
hbm:mp_thruster_20_kerosene_triple, Size 20 Liquid Fuel Triple Thrusters
hbm:mp_thruster_20_solid, Size 20 Solid Fuel Thruster
hbm:mp_thruster_20_solid_multi, Size 20 Solid Fuel 30-Fold Thrusters
hbm:mp_thruster_20_solid_multier, Size 20 Solid Fuel 47-Fold Thrusters
hbm:mp_stability_10_flat, Size 10 Flat Fins
hbm:mp_stability_10_cruise, Size 10 Cruise Fins
hbm:mp_stability_10_space, Size 10 Space Fins
hbm:mp_stability_15_flat, Size 15 Flat Fins
hbm:mp_stability_15_thin, Size 15 Thin Fins
hbm:mp_stability_15_soyuz, Size 15 Pointy Fins
hbm:mp_fuselage_10_kerosene, Size 10 Kerosene Fuselage
hbm:mp_fuselage_10_kerosene_camo, Size 10 Kerosene Fuselage
hbm:mp_fuselage_10_kerosene_desert, Size 10 Kerosene Fuselage
hbm:mp_fuselage_10_kerosene_sky, Size 10 Kerosene Fuselage
hbm:mp_fuselage_10_kerosene_flames, Size 10 Kerosene Fuselage
hbm:mp_fuselage_10_kerosene_insulation, Size 10 Kerosene Fuselage
hbm:mp_fuselage_10_kerosene_sleek, Size 10 Kerosene Fuselage
hbm:mp_fuselage_10_kerosene_metal, Size 10 Kerosene Fuselage
hbm:mp_fuselage_10_kerosene_taint, Size 10 Kerosene Fuselage
hbm:mp_fuselage_10_solid, Size 10 Solid Fuel Fuselage
hbm:mp_fuselage_10_solid_flames, Size 10 Solid Fuel Fuselage
hbm:mp_fuselage_10_solid_insulation, Size 10 Solid Fuel Fuselage
hbm:mp_fuselage_10_solid_sleek, Size 10 Solid Fuel Fuselage
hbm:mp_fuselage_10_solid_soviet_glory, Size 10 Solid Fuel Fuselage
hbm:mp_fuselage_10_solid_cathedral, Size 10 Solid Fuel Fuselage
hbm:mp_fuselage_10_solid_moonlit, Size 10 Solid Fuel Fuselage
hbm:mp_fuselage_10_solid_battery, Size 10 Solid Fuel Fuselage
hbm:mp_fuselage_10_solid_duracell, Size 10 Solid Fuel Fuselage
hbm:mp_fuselage_10_xenon, Size 10 Xenon Fuselage
hbm:mp_fuselage_10_xenon_bhole, Size 10 Xenon Fuselage
hbm:mp_fuselage_10_long_kerosene, Size 10 Long Kerosene Fuselage
hbm:mp_fuselage_10_long_kerosene_camo, Size 10 Long Kerosene Fuselage
hbm:mp_fuselage_10_long_kerosene_desert, Size 10 Long Kerosene Fuselage
hbm:mp_fuselage_10_long_kerosene_sky, Size 10 Long Kerosene Fuselage
hbm:mp_fuselage_10_long_kerosene_flames, Size 10 Long Kerosene Fuselage
hbm:mp_fuselage_10_long_kerosene_insulation, Size 10 Long Kerosene Fuselage
hbm:mp_fuselage_10_long_kerosene_sleek, Size 10 Long Kerosene Fuselage
hbm:mp_fuselage_10_long_kerosene_metal, Size 10 Long Kerosene Fuselage
hbm:mp_fuselage_10_long_kerosene_dash, Size 10 Long Kerosene Fuselage
hbm:mp_fuselage_10_long_kerosene_taint, Size 10 Long Kerosene Fuselage
hbm:mp_fuselage_10_long_kerosene_vap, Size 10 Long Kerosene Fuselage
hbm:mp_fuselage_10_long_solid, Size 10 Long Solid Fuel Fuselage
hbm:mp_fuselage_10_long_solid_flames, Size 10 Long Solid Fuel Fuselage
hbm:mp_fuselage_10_long_solid_insulation, Size 10 Long Solid Fuel Fuselage
hbm:mp_fuselage_10_long_solid_sleek, Size 10 Long Solid Fuel Fuselage
hbm:mp_fuselage_10_long_solid_soviet_glory, Size 10 Long Solid Fuselage
hbm:mp_fuselage_10_long_solid_bullet, Size 10 Long Solid Fuselage
hbm:mp_fuselage_10_long_solid_silvermoonlight, Size 10 Long Solid Fuselage
hbm:mp_fuselage_10_15_kerosene, Size 10/15 Kerosene Fuselage
hbm:mp_fuselage_10_15_solid, Size 10/15 Solid Fuel Fuselage
hbm:mp_fuselage_10_15_hydrogen, Size 10/15 Hydrogen Fuselage
hbm:mp_fuselage_10_15_balefire, Size 10/15 BF Fuselage
hbm:mp_fuselage_15_kerosene, Size 15 Kerosene Fuselage
hbm:mp_fuselage_15_kerosene_camo, Size 15 Kerosene Fuselage
hbm:mp_fuselage_15_kerosene_desert, Size 15 Kerosene Fuselage
hbm:mp_fuselage_15_kerosene_sky, Size 15 Kerosene Fuselage
hbm:mp_fuselage_15_kerosene_insulation, Size 15 Kerosene Fuselage
hbm:mp_fuselage_15_kerosene_metal, Size 15 Kerosene Fuselage
hbm:mp_fuselage_15_kerosene_decorated, Size 15 Kerosene Fuselage
hbm:mp_fuselage_15_kerosene_steampunk, Size 15 Kerosene Fuselage
hbm:mp_fuselage_15_kerosene_polite, Size 15 Kerosene Fuselage
hbm:mp_fuselage_15_kerosene_blackjack, Size 15 Kerosene Fuselage
hbm:mp_fuselage_15_kerosene_lambda, Size 15 Kerosene Fuselage
hbm:mp_fuselage_15_kerosene_minuteman, Size 15 Kerosene Fuselage
hbm:mp_fuselage_15_kerosene_pip, Size 15 Kerosene Fuselage
hbm:mp_fuselage_15_kerosene_taint, Size 15 Kerosene Fuselage
hbm:mp_fuselage_15_kerosene_yuck, Size 15 Kerosene Fuselage
hbm:mp_fuselage_15_solid, Size 15 Solid Fuel Fuselage
hbm:mp_fuselage_15_solid_insulation, Size 15 Solid Fuel Fuselage
hbm:mp_fuselage_15_solid_desh, Size 15 Solid Fuel Fuselage
hbm:mp_fuselage_15_solid_soviet_glory, Size 15 Solid Fuel Fuselage
hbm:mp_fuselage_15_solid_soviet_stank, Size 15 Solid Fuel Fuselage
hbm:mp_fuselage_15_solid_faust, Size 15 Solid Fuel Fuselage
hbm:mp_fuselage_15_solid_silvermoonlight, Size 15 Solid Fuel Fuselage
hbm:mp_fuselage_15_solid_snowy, Size 15 Solid Fuel Fuselage
hbm:mp_fuselage_15_solid_panorama, Size 15 Solid Fuel Fuselage
hbm:mp_fuselage_15_solid_roses, Size 15 Solid Fuel Fuselage
hbm:mp_fuselage_15_solid_mimi, Size 15 Solid Fuel Mimi-chan's Body
hbm:mp_fuselage_15_hydrogen, Size 15 Hydrogen Fuselage
hbm:mp_fuselage_15_hydrogen_cathedral, Size 15 Hydrogen Fuselage
hbm:mp_fuselage_15_balefire, Size 15 BF Fuselage
hbm:mp_fuselage_15_20_kerosene, Size 15/20 Kerosene Fuselage
hbm:mp_fuselage_15_20_kerosene_magnusson, Size 15/20 Kerosene Fuselage
hbm:mp_fuselage_15_20_solid, Size 15/20 Solid Fuel Fuselage
hbm:mp_warhead_10_he, Size 10 HE Warhead
hbm:mp_warhead_10_incendiary, Size 10 Incendiary Warhead
hbm:mp_warhead_10_buster, Size 10 Bunker Buster Warhead
hbm:mp_warhead_10_nuclear, Size 10 Micro Nuclear Warhead
hbm:mp_warhead_10_nuclear_large, Size 10 Nuclear Warhead
hbm:mp_warhead_10_taint, Size 10 Tainted Warhead
hbm:mp_warhead_10_cloud, Size 10 Pink Cloud Warhead
hbm:mp_warhead_15_he, Size 15 HE Warhead
hbm:mp_warhead_15_incendiary, Size 15 Incendiary Warhead
hbm:mp_warhead_15_nuclear, Size 15 Nuclear Warhead
hbm:mp_warhead_15_nuclear_shark, Size 15 Nuclear Warhead
hbm:mp_warhead_15_thermo, Size 15 Thermonuclear Warhead
hbm:mp_warhead_15_mirv, Size 15 MIRV Warhead
hbm:mp_warhead_15_boxcar, Size 15 Boxcar?
hbm:mp_warhead_15_n2, Size 15 N² Mine
hbm:mp_warhead_15_balefire, Size 15 BF Warhead
hbm:mp_warhead_15_volcano, Size 15 Volcano Warhead
hbm:mp_warhead_15_turbine, Size 15 Jet Engine
hbm:mp_c_1, Tier 1 Missile Targeting Circuit
hbm:mp_c_2, Tier 2 Missile Targeting Circuit
hbm:mp_c_3, Tier 3 Missile Targeting Circuit
hbm:mp_c_4, Tier 4 Missile Targeting Circuit
hbm:mp_c_5, Tier 5 Missile Targeting Circuit
hbm:missile_skin_camo, Missile Skin: Camo
hbm:missile_skin_desert, Missile Skin: Desert Camo
hbm:missile_skin_flames, Missile Skin: Sick Flames
hbm:missile_skin_manly_pink, Missile Skin: Manly Pink
hbm:missile_skin_orange_insulation, Missile Skin: Orange Insulation
hbm:missile_skin_sleek, Missile Skin: IF-R&D
hbm:missile_skin_soviet_glory, Missile Skin: Soviet Glory
hbm:missile_skin_soviet_stank, Missile Skin: Soviet Stank
hbm:missile_skin_metal, Missile Skin: Metal
hbm:missile_custom, Custom Missile
hbm:sliding_blast_door_skin0, Sideways Sliding Blast Door Default Skin
hbm:sliding_blast_door_skin1, Sideways Sliding Blast Door Variant 1 Skin
hbm:sliding_blast_door_skin2, Sideways Sliding Blast Door Variant 2 Skin
hbm:door_metal, Metal Door
hbm:door_office, Office Door
hbm:door_bunker, Bunker Door
hbm:door_red, Red Door
hbm:record_lc, item.record_lc.name
hbm:record_ss, item.record_ss.name
hbm:record_vc, item.record_vc.name
hbm:record_glass, item.record_glass.name
hbm:flame_pony, Painting of a Cartoon Pony
hbm:flame_conspiracy, Conspiracy Theory
hbm:flame_politics, Political Topic
hbm:flame_opinion, Own Opinion
hbm:polaroid, The Polaroid
hbm:glitch, Glitch
hbm:burnt_bark, Burnt Bark
hbm:letter, Express Mail
hbm:book_secret, 3-596-50802-9
hbm:clay_tablet:0, Clay Tablet
hbm:book_of_, The Book of Boxcars
hbm:book_lemegeton, Lemegeton
hbm:page_of_:0, Page 1
hbm:page_of_:1, Page 2
hbm:page_of_:2, Page 3
hbm:page_of_:3, Page 4
hbm:page_of_:4, Page 5
hbm:page_of_:5, Page 6
hbm:page_of_:6, Page 7
hbm:page_of_:7, Page 8
hbm:crystal_horn, Crystal Horn
hbm:crystal_charred, Charred Crystal
hbm:watch, Broken Pocket Watch
hbm:apple_euphemium, Euphemium Apple
hbm:wand_k, Construction Wand
hbm:wand_s, Structure Wand
hbm:wand_d, Debug Wand
hbm:rod_of_discord, Rod of Discord
hbm:analyzer, Analyzer
hbm:defuser, High-Tech Bomb Defusing Device
hbm:defuser_desh, Desh High-Tech Bomb Defusing Device
hbm:meltdown_tool, Dyatlov Instant Meltdown Applicator
hbm:chopper_head, Hunter Chopper Cockpit
hbm:chopper_gun, Emplacement Gun
hbm:chopper_torso, Hunter Chopper Body
hbm:chopper_tail, Hunter Chopper Tail
hbm:chopper_wing, Hunter Chopper Wing
hbm:chopper_blades, Hunter Chopper Rotor Blades
hbm:combine_scrap, CMB Scrap Metal
hbm:shimmer_head, Heavy Hammer Head
hbm:shimmer_axe_head, Heavy Axe Head
hbm:shimmer_handle, Reinforced Polymer Handle
hbm:telepad, Telepad
hbm:entanglement_kit, Entanglement Kit
hbm:achievement_icon:0, item.achievement_icon.gofish.name
hbm:achievement_icon:1, item.achievement_icon.acid.name
hbm:achievement_icon:2, item.achievement_icon.balls.name
hbm:achievement_icon:3, item.achievement_icon.digammasee.name
hbm:achievement_icon:4, item.achievement_icon.digammafeel.name
hbm:achievement_icon:5, item.achievement_icon.digammaknow.name
hbm:achievement_icon:6, item.achievement_icon.digammakauaimoho.name
hbm:achievement_icon:7, item.achievement_icon.digammaupontop.name
hbm:achievement_icon:8, item.achievement_icon.digammaforourright.name
hbm:achievement_icon:9, item.achievement_icon.questionmark.name
hbm:cloud1, item.cloud1.name
hbm:cloud2, item.cloud2.name
hbm:cloud3, item.cloud3.name
hbm:cloud4, item.cloud4.name
hbm:cloud5, item.cloud5.name
hbm:cloud6, item.cloud6.name
hbm:cloud7, item.cloud7.name
hbm:cloud8, item.cloud8.name
hbm:flame_1, item.flame_1.name
hbm:flame_2, item.flame_2.name
hbm:flame_3, item.flame_3.name
hbm:flame_4, item.flame_4.name
hbm:flame_5, item.flame_5.name
hbm:flame_6, item.flame_6.name
hbm:flame_7, item.flame_7.name
hbm:flame_8, item.flame_8.name
hbm:flame_9, item.flame_9.name
hbm:flame_10, item.flame_10.name
hbm:orange1, item.orange1.name
hbm:orange2, item.orange2.name
hbm:orange3, item.orange3.name
hbm:orange4, item.orange4.name
hbm:orange5, item.orange5.name
hbm:orange6, item.orange6.name
hbm:orange7, item.orange7.name
hbm:orange8, item.orange8.name
hbm:pc1, item.pc1.name
hbm:pc2, item.pc2.name
hbm:pc3, item.pc3.name
hbm:pc4, item.pc4.name
hbm:pc5, item.pc5.name
hbm:pc6, item.pc6.name
hbm:pc7, item.pc7.name
hbm:pc8, item.pc8.name
hbm:chlorine1, item.chlorine1.name
hbm:chlorine2, item.chlorine2.name
hbm:chlorine3, item.chlorine3.name
hbm:chlorine4, item.chlorine4.name
hbm:chlorine5, item.chlorine5.name
hbm:chlorine6, item.chlorine6.name
hbm:chlorine7, item.chlorine7.name
hbm:chlorine8, item.chlorine8.name
hbm:ln2_1, item.ln2_1.name
hbm:ln2_2, item.ln2_2.name
hbm:ln2_3, item.ln2_3.name
hbm:ln2_4, item.ln2_4.name
hbm:ln2_5, item.ln2_5.name
hbm:ln2_6, item.ln2_6.name
hbm:ln2_7, item.ln2_7.name
hbm:ln2_8, item.ln2_8.name
hbm:ln2_9, item.ln2_9.name
hbm:ln2_10, item.ln2_10.name
hbm:nothing, Nothing
hbm:broken_item, item.broken_item.name
hbm:ducc, ducc
hbm:discharge, item.discharge.name
hbm:undefined, Undefined
hbm:mysteryshovel, Brittle Spade
hbm:memory, item.null.name
hbm:conveyor_wand:0, Conveyor Belt
hbm:conveyor_wand:1, Express Conveyor Belt
hbm:conveyor_wand:2, Double-Lane Conveyor Belt
hbm:conveyor_wand:3, Triple-Lane Conveyor Belt
hbm:part_generic:0, Pneumatic Piston
hbm:part_generic:1, Hydraulic Piston
hbm:part_generic:2, Electric Piston
hbm:part_generic:3, Low-Density Element
hbm:part_generic:4, Heavy Duty Element
hbm:part_generic:5, Polarized Lens
hbm:item_secret:0, Composition SB-26
hbm:item_secret:1, Proprietary Control Unit
hbm:item_secret:2, Selenium Steel
hbm:item_secret:3, Aberrator Part
hbm:item_secret:4, Folly Part
hbm:item_expensive:0, Bolted Steel Plating
hbm:item_expensive:1, Heavy Framework
hbm:item_expensive:2, Extensive Circuit Board
hbm:item_expensive:3, Radiation Resistant Plating
hbm:item_expensive:4, Reinforced Ferrouranium Panels
hbm:item_expensive:5, Mainframe
hbm:item_expensive:6, Bronze Structural Elements
hbm:item_expensive:7, Plastic Panels
hbm:item_expensive:8, item.item_expensive.gold_dust.name
hbm:item_expensive:9, item.item_expensive.degenerate_matter.name
hbm:chemical_dye:0, Chemical Dye (Black)
hbm:chemical_dye:1, Chemical Dye (Red)
hbm:chemical_dye:2, Chemical Dye (Green)
hbm:chemical_dye:3, Chemical Dye (Brown)
hbm:chemical_dye:4, Chemical Dye (Blue)
hbm:chemical_dye:5, Chemical Dye (Purple)
hbm:chemical_dye:6, Chemical Dye (Cyan)
hbm:chemical_dye:7, Chemical Dye (Light Gray)
hbm:chemical_dye:8, Chemical Dye (Gray)
hbm:chemical_dye:9, Chemical Dye (Pink)
hbm:chemical_dye:10, Chemical Dye (Lime)
hbm:chemical_dye:11, Chemical Dye (Yellow)
hbm:chemical_dye:12, Chemical Dye (Light Blue)
hbm:chemical_dye:13, Chemical Dye (Magenta)
hbm:chemical_dye:14, Chemical Dye (Orange)
hbm:chemical_dye:15, Chemical Dye (White)
hbm:crayon:0, Black Crayon
hbm:crayon:1, Red Crayon
hbm:crayon:2, Green Crayon
hbm:crayon:3, Brown Crayon
hbm:crayon:4, Blue Crayon
hbm:crayon:5, Purple Crayon
hbm:crayon:6, Cyan Crayon
hbm:crayon:7, Light Gray Crayon
hbm:crayon:8, Gray Crayon
hbm:crayon:9, Pink Crayon
hbm:crayon:10, Lime Crayon
hbm:crayon:11, Yellow Crayon
hbm:crayon:12, Light Blue Crayon
hbm:crayon:13, Magenta Crayon
hbm:crayon:14, Orange Crayon
hbm:crayon:15, White Crayon
hbm:drax, Terra Drill
hbm:drax_mk2, Hardened Terra Drill
hbm:drax_mk3, Schrabidic Terra Drill
hbm:ammo_debug, item.ammo_debug.name
hbm:ammo_standard:0, Ball and Powder
hbm:ammo_standard:1, Flint and Powder
hbm:ammo_standard:2, Iron Ball and Powder
hbm:ammo_standard:3, Shot and Powder
hbm:ammo_standard:4, .357 Magnum Round (Black Powder)
hbm:ammo_standard:5, .357 Magnum Round (Soft Point)
hbm:ammo_standard:6, .357 Magnum Round (Full Metal Jacket)
hbm:ammo_standard:7, .357 Magnum Round (Jacketed Hollow Point)
hbm:ammo_standard:8, .357 Magnum Round (Armor Piercing)
hbm:ammo_standard:9, .357 Magnum Round (FMJ Express)
hbm:ammo_standard:10, .44 Magnum Round (Black Powder)
hbm:ammo_standard:11, .44 Magnum Round (Soft Point)
hbm:ammo_standard:12, .44 Magnum Round (Full Metal Jacket)
hbm:ammo_standard:13, .44 Magnum Round (Jacketed Hollow Point)
hbm:ammo_standard:14, .44 Magnum Round (Armor Piercing)
hbm:ammo_standard:15, .44 Magnum Round (FMJ Express)
hbm:ammo_standard:16, .22 LR Round (Soft Point)
hbm:ammo_standard:17, .22 LR Round (Full Metal Jacket)
hbm:ammo_standard:18, .22 LR Round (Jacketed Hollow Point)
hbm:ammo_standard:19, .22 LR Round (Armor Piercing)
hbm:ammo_standard:20, 9mm Round (Soft Point)
hbm:ammo_standard:21, 9mm Round (Full Metal Jacket)
hbm:ammo_standard:22, 9mm Round (Jacketed Hollow Point)
hbm:ammo_standard:23, 9mm Round (Armor Piercing)
hbm:ammo_standard:24, 5.56mm Round (Soft Point)
hbm:ammo_standard:25, 5.56mm Round (Full Metal Jacket)
hbm:ammo_standard:26, 5.56mm Round (Jacketed Hollow Point)
hbm:ammo_standard:27, 5.56mm Round (Armor Piercing)
hbm:ammo_standard:28, 7.62mm Round (Soft Point)
hbm:ammo_standard:29, 7.62mm Round (Full Metal Jacket)
hbm:ammo_standard:30, 7.62mm Round (Jacketed Hollow Point)
hbm:ammo_standard:31, 7.62mm Round (Armor Piercing)
hbm:ammo_standard:32, 7.62mm Round (Depleted Uranium)
hbm:ammo_standard:33, .50 BMG Round (Soft Point)
hbm:ammo_standard:34, .50 BMG Round (Full Metal Jacket)
hbm:ammo_standard:35, .50 BMG Round (Jacketed Hollow Point)
hbm:ammo_standard:36, .50 BMG Round (Armor Piercing)
hbm:ammo_standard:37, .50 BMG Round (Depleted Uranium)
hbm:ammo_standard:38, .75 Bolt
hbm:ammo_standard:39, .75 Bolt (Incendiary)
hbm:ammo_standard:40, .75 Bolt (Explosive)
hbm:ammo_standard:41, 12 Gauge Black Powder Buckshot
hbm:ammo_standard:42, 12 Gauge Black Powder Magnum Shell
hbm:ammo_standard:43, 12 Gauge Black Powder Slug
hbm:ammo_standard:44, 12 Gauge Buckshot
hbm:ammo_standard:45, 12 Gauge Slug
hbm:ammo_standard:46, 12 Gauge Flechette Shell
hbm:ammo_standard:47, 12 Gauge Magnum Shell
hbm:ammo_standard:48, 12 Gauge Explosive Shell
hbm:ammo_standard:49, 12 Gauge Phosphorus Shell
hbm:ammo_standard:50, 26mm Signal Flare
hbm:ammo_standard:51, 26mm Signal Flare (Supply Airdrop)
hbm:ammo_standard:52, 26mm Signal Flare (Weapon Airdrop)
hbm:ammo_standard:53, 40mm Grenade, High-Explosive
hbm:ammo_standard:54, 40mm Grenade, Shaped Charge
hbm:ammo_standard:55, 40mm Grenade, Demolition
hbm:ammo_standard:56, 40mm Grenade, Incendiary
hbm:ammo_standard:57, 40mm Grenade, White Phosphorus
hbm:ammo_standard:58, Rocket, High-Explosive
hbm:ammo_standard:59, Rocket, Shaped Charge
hbm:ammo_standard:60, Rocket, Demolition
hbm:ammo_standard:61, Rocket, Incendiary
hbm:ammo_standard:62, Rocket, White Phosphorus
hbm:ammo_standard:63, Flamer Fuel, Diesel
hbm:ammo_standard:64, Flamer Fuel, Gas
hbm:ammo_standard:65, Flamer Fuel, Napalm
hbm:ammo_standard:66, Flamer Fuel, Balefire
hbm:ammo_standard:67, Capacitor (Standard)
hbm:ammo_standard:68, Capacitor (Overcharge)
hbm:ammo_standard:69, Capacitor (Low Wavelength)
hbm:ammo_standard:70, Depleted Uranium-235 Box
hbm:ammo_standard:71, Coilgun Tungsten Ball
hbm:ammo_standard:72, Coilgun Ferrouranium Ball
hbm:ammo_standard:73, Mini Nuke
hbm:ammo_standard:74, Mini Nuke, Demolition
hbm:ammo_standard:75, Mini Nuke, High Yield
hbm:ammo_standard:76, Mini Nuke, Tiny Tots
hbm:ammo_standard:77, Rocket Hive
hbm:ammo_standard:78, 10 Gauge Buckshot
hbm:ammo_standard:79, 10 Gauge Shrapnel Buckshot
hbm:ammo_standard:80, 10 Gauge Uranium Buckshot
hbm:ammo_standard:81, 10 Gauge Slug
hbm:ammo_standard:82, 7.62mm Round (High-Explosive)
hbm:ammo_standard:83, .50 BMG Round (High-Explosive)
hbm:ammo_standard:84, 10 Gauge Explosive Buckshot
hbm:ammo_standard:85, .45 Round (Soft Point)
hbm:ammo_standard:86, .45 Round (Full Metal Jacket)
hbm:ammo_standard:87, .45 Round (Jacketed Hollow Point)
hbm:ammo_standard:88, .45 Round (Armor Piercing)
hbm:ammo_standard:89, .45 Round (Depleted Uranium)
hbm:ammo_standard:90, Grappling Hook
hbm:ammo_standard:91, Demolition Charge
hbm:ammo_standard:92, Heavy Demolition Charge
hbm:ammo_standard:93, Mini Nuke, Balefire Egg
hbm:ammo_standard:94, .50 BMG Round (Starmetal)
hbm:ammo_secret:0, Silver Bullet
hbm:ammo_secret:1, Silver Bullet, Nuclear
hbm:ammo_secret:2, .44 Magnum Head-Exploder
hbm:ammo_secret:3, 12 Gauge Railway Spike Shot
hbm:ammo_secret:4, .50 BMG Demolisher
hbm:ammo_secret:5, .35-800 V9
hbm:ammo_secret:6, .50 BMG Bypass Round
hbm:ammo_secret:7, .35-800 V9 (Black Lightning)
hbm:gun_debug, item.gun_debug.name
hbm:gun_pepperbox, Pepperbox
hbm:gun_light_revolver, Break-Action Revolver
hbm:gun_light_revolver_atlas, Atlas
hbm:gun_light_revolver_dani, Day And Night
hbm:gun_henry, Lever Action Rifle
hbm:gun_henry_lincoln, Lincoln's Repeater
hbm:gun_heavy_revolver, Heavy Revolver
hbm:gun_heavy_revolver_lilmac, Little Macintosh
hbm:gun_heavy_revolver_protege, Protège
hbm:gun_hangman, Hangman
hbm:gun_greasegun, Grease Gun
hbm:gun_lag, Comically Long Pistol
hbm:gun_uzi, Uzi
hbm:gun_uzi_akimbo, Uzis
hbm:gun_maresleg, Lever Action Shotgun
hbm:gun_maresleg_akimbo, Lever Action Shotguns
hbm:gun_maresleg_broken, Broken
hbm:gun_liberator, Liberator
hbm:gun_spas12, SPAS-12
hbm:gun_autoshotgun, Auto Shotgun
hbm:gun_autoshotgun_shredder, Shredder
hbm:gun_autoshotgun_sexy, Sexy
hbm:gun_flaregun, Flare Gun
hbm:gun_congolake, Congo Lake
hbm:gun_mk108, Grenade Machinegun
hbm:gun_carbine, Carbine
hbm:gun_minigun, Minigun
hbm:gun_minigun_lacunae, Lacunae
hbm:gun_minigun_dual, Dual Miniguns
hbm:gun_mas36, South Star
hbm:gun_am180, .22 Submachine Gun
hbm:gun_star_f, Target Pistol
hbm:gun_star_f_akimbo, Target Pistols
hbm:gun_flamer, Flamethrower
hbm:gun_flamer_topaz, Mister Topaz
hbm:gun_flamer_daybreaker, Daybreaker
hbm:gun_chemthrower, Chemthrower
hbm:gun_panzerschreck, Panzerschreck
hbm:gun_stinger, FIM-92 Stinger
hbm:gun_quadro, Quad Rocket Launcher
hbm:gun_missile_launcher, Missile Launcher
hbm:gun_g3, Assault Rifle
hbm:gun_g3_zebra, Zebra Rifle
hbm:gun_stg77, StG 77
hbm:gun_amat, Anti-Materiel Rifle
hbm:gun_amat_subtlety, Subtlety
hbm:gun_amat_penance, Penance
hbm:gun_m2, Ma Deuce
hbm:gun_tesla_cannon, Tesla Cannon
hbm:gun_laser_pistol, Laser Pistol
hbm:gun_laser_pistol_pew_pew, Pew Pew
hbm:gun_laser_pistol_morning_glory, Morning Glory
hbm:gun_lasrifle, Laser Rifle
hbm:gun_tau, Tau Cannon
hbm:gun_coilgun, Coilgun
hbm:gun_n_i_4_n_i, N I 4 N I
hbm:gun_fatman, Fat Man
hbm:gun_bolter, Bolter
hbm:gun_folly, Folly
hbm:gun_fireext, Fire Extinguisher
hbm:gun_charge_thrower, Charge Thrower
hbm:gun_double_barrel, An Old Classic
hbm:gun_double_barrel_sacred_dragon, Sacred Dragon
hbm:gun_autoshotgun_heretic, The Heretic
hbm:gun_drill, Powered Drill
hbm:gun_pa_melee, Power Armor - Melee Controller
hbm:gun_pa_ranged, Power Armor - Ranged Controller
hbm:gun_aberrator, Aberrator
hbm:gun_aberrator_eott, Eyes Of The Tempest
hbm:weapon_mod_test:0, FIRE RATE UPGRADE
hbm:weapon_mod_test:1, DAMAGE UPGRADE
hbm:weapon_mod_test:2, MULTI SHOT UPGRADE
hbm:weapon_mod_test:3, DAMAGE OVERRIDE (2.5)
hbm:weapon_mod_test:4, DAMAGE OVERRIDE (5)
hbm:weapon_mod_test:5, DAMAGE OVERRIDE (7.5)
hbm:weapon_mod_test:6, DAMAGE OVERRIDE (10)
hbm:weapon_mod_test:7, DAMAGE OVERRIDE (12.5)
hbm:weapon_mod_test:8, DAMAGE OVERRIDE (15)
hbm:weapon_mod_test:9, DAMAGE OVERRIDE (20)
hbm:weapon_mod_generic:0, Optimized Iron Receiver
hbm:weapon_mod_generic:1, High-Durability Iron Parts
hbm:weapon_mod_generic:2, Optimized Steel Receiver
hbm:weapon_mod_generic:3, High-Durability Steel Parts
hbm:weapon_mod_generic:4, Optimized HSS Receiver
hbm:weapon_mod_generic:5, High-Durability HSS Parts
hbm:weapon_mod_generic:6, Optimized Desh Receiver
hbm:weapon_mod_generic:7, High-Durability Desh Parts
hbm:weapon_mod_generic:8, Optimized Weapon Steel Receiver
hbm:weapon_mod_generic:9, High-Durability Weapon Steel Parts
hbm:weapon_mod_generic:10, Optimized Ferrouranium Receiver
hbm:weapon_mod_generic:11, High-Durability Ferrouranium Parts
hbm:weapon_mod_generic:12, Optimized Resistant Alloy Receiver
hbm:weapon_mod_generic:13, High-Durability Resistant Alloy Parts
hbm:weapon_mod_generic:14, Optimized Saturnite Receiver
hbm:weapon_mod_generic:15, High-Durability Saturnite Parts
hbm:weapon_mod_generic:16, Optimized Bronze Receiver
hbm:weapon_mod_generic:17, High-Durability Bronze Parts
hbm:weapon_mod_special:0, Silencer
hbm:weapon_mod_special:1, Scope
hbm:weapon_mod_special:2, Hacksaw
hbm:weapon_mod_special:3, Grease Gun Modernization Kit
hbm:weapon_mod_special:4, Gear Train
hbm:weapon_mod_special:5, Auxiliary Electric Engine
hbm:weapon_mod_special:6, Choke
hbm:weapon_mod_special:7, Speedloader
hbm:weapon_mod_special:8, Polymer Furniture (Green)
hbm:weapon_mod_special:9, Polymer Furniture (Black)
hbm:weapon_mod_special:10, Bayonet
hbm:weapon_mod_special:11, Double-Stacked Magazine
hbm:weapon_mod_special:12, Saturnite Skin
hbm:weapon_mod_special:13, Laser Rifle Beam Splitter
hbm:weapon_mod_special:14, Laser Rifle Extended Capacitor
hbm:weapon_mod_special:15, Laser Rifle Automatic Receiver
hbm:weapon_mod_special:16, item.weapon_mod_special.nickel.name
hbm:weapon_mod_special:17, item.weapon_mod_special.doubloons.name
hbm:weapon_mod_special:18, Powered Drill - High-Speed Steel Drillbit
hbm:weapon_mod_special:19, Powered Drill - Weapon Steel Drillbit
hbm:weapon_mod_special:20, Powered Drill - Technetium Steel Drillbit
hbm:weapon_mod_special:21, Powered Drill - Saturnite Drillbit
hbm:weapon_mod_special:22, Powered Drill - Diesel Engine
hbm:weapon_mod_special:23, Powered Drill - Aircraft Engine
hbm:weapon_mod_special:24, Powered Drill - Electric Engine
hbm:weapon_mod_special:25, Powered Drill - Turbo Engine
hbm:weapon_mod_special:26, Powered Drill - Electromagnet
hbm:weapon_mod_special:27, Powered Drill - Sifter
hbm:weapon_mod_special:28, Powered Drill - Extension Canisters
hbm:weapon_mod_caliber:0, 9mm Conversion Kit
hbm:weapon_mod_caliber:1, .45 Conversion Kit
hbm:weapon_mod_caliber:2, .22 LR Conversion Kit
hbm:weapon_mod_caliber:3, .357 Magnum Conversion Kit
hbm:weapon_mod_caliber:4, .44 Magnum Conversion Kit
hbm:weapon_mod_caliber:5, 5.56mm Conversion Kit
hbm:weapon_mod_caliber:6, 7.62mm Conversion Kit
hbm:weapon_mod_caliber:7, .50 BMG Conversion Kit
theoneprobe:probe, The One Probe
theoneprobe:creativeprobe, The Creative Probe
theoneprobe:probenote, The One Probe Read Me
theoneprobe:diamond_helmet_probe:0, Diamond Helmet with Probe
theoneprobe:gold_helmet_probe:0, Gold Helmet with Probe
theoneprobe:iron_helmet_probe:0, Iron Helmet with Probe